pmid,title,abstract,journal
42177482,Quantitative determination of vaginal diamines as a biomarker for vaginal dysbiosis and IVF-ET outcome.,"Lactobacillus species generally predominate in a healthy vaginal microbiota, and alterations of this population correlate with increased risk of genital infections and poor reproductive outcomes. Composition and functions of the vaginal microbiota are influenced by a variety of factors, among which hormones represent a major player. As therapy with gonadotropins is a key step in controlled ovarian hyperstimulation (COH) before in vitro fertilization and embryo transfer (IVF-ET), in this work the effect of hormone therapy for COH on the vaginal microbiota and embryo implantation outcome was evaluated in a cohort of women undergoing IVF-ET. A cohort of 108 infertile females were prospectively enrolled in the study. Hormone therapy consisted of recombinant follicle stimulating hormone and recombinant luteinizing hormone in a gonadotropin-releasing hormone antagonist regimen. Two vaginal swabs, before and after therapy, were collected from patients. Vaginal swabs were analyzed by microbiological standard culture methods for the presence of genital pathogens and lactobacilli. Changes in the vaginal microbiota were also assessed by using a vaginal diamine assay for the quantification of diamines, which are considered as a biomarker of the catabolic activity of bacteria involved in bacterial vaginosis. COH significantly impacted on both vaginal diamine levels and microbiota composition. Median concentration of diamines in vaginal fluids increased from 0 µM (IQR = 0-8.96) to 21.86 µM (IQR = 5.11-46.74) before (pre-HT) and after (post-HT) hormone therapy, respectively (p < 0.0001). The diamine value of 9.5 µM was found to be the threshold between eubiotic and dysbiotic microbiota. Microbiological analysis of pre-HT and post-HT samples showed a post-HT enrichment of the vaginal population in streptococci, enterococci, enterobacteria, staphylococci and fungi, which are prevalent in aerobic vaginitis. The frequency of vaginal samples positive for genital pathogens and with elevated concentrations of diamines (> 9.5 µM) was significantly increased in post-HT compared to pre-HT specimens (p < 0.0001). Levels of diamines were significantly lower in patients with successful IVF-ET compared to those with failed implantation (p = 0.015), and 56.25% of patients who achieved embryo implantation had diamine levels below 9.5 µM. Finally, multivariate analysis of factors associated with implantation outcomes showed that younger maternal age, absence of genital pathogens and low levels of vaginal diamine post-HT were all associated with positive reproductive outcomes. The data from this study demonstrate that, following COH, an increase in diamine levels and genital pathogens occurred, leading to vaginal dysbiosis. Diamine concentrations higher than 9.5 µM post-HT significantly correlated with embryo implantation failure and may be used as a predictive biomarker of vaginal dysbiosis and IVF-ET outcome.",Reproductive biology and endocrinology : RB&E
42136892,Endobiota-Estrobolome Profiles in Reproductive-Aged Women With Ovarian Endometriosis.,"This case-control study investigated whether ovarian endometriosis is associated with altered estrogen metabolism and gut or urogenital microbiota by analyzing enzyme activity, bacterial composition, and variations of estrogen metabolites in fecal, vaginal, and urinary samples. Thirty-eight reproductive-aged women were enrolled, including 24 with pathologically confirmed ovarian endometriosis and 14 controls. Stool, urine, and vaginal samples were collected preoperatively. Gut β-glucuronidase and β-glucosidase activities were measured, estrogen and 14 metabolites were quantified using liquid chromatography-mass spectrometry, and gut and vaginal microbiota were analyzed by 16S rRNA gene sequencing. Microbial composition, diversity, and abundance were compared between groups. Gut β-glucuronidase activity and overall microbial diversity were comparable between groups; however, the control group showed a higher prevalence of the genus <i>Rothia</i>, whereas several genera, including <i>Megamonas</i> and <i>[Eubacterium] coprostanoligenes_group</i>, were enriched in the ovarian endometriosis group. In contrast, vaginal samples from patients with ovarian endometriosis demonstrated significantly reduced bacterial abundance and diversity, accompanied by lower levels of 4-methoxyestrone, 2-methoxyestrone, and 2-hydroxyestrone-3-methyl ether. Although overt dysbiosis was not observed, specific microbial shifts and altered estrogen metabolites may reflect disturbances in estrogen metabolism and urogenital-gastrointestinal microbiota in ovarian endometriosis.",Reproductive medicine and biology
42394823,Distinctive reproductive tract microbial characteristics associated with infertility in women: a systematic review and meta-analysis.,"To evaluate α-diversity alterations, summarize microbial taxa reported to be associated with infertility, and examine site-specific differences in reproductive tract microbiota between infertile and fertile women via systematic review and meta-analysis. Medline, Embase, the Cochrane Central Register of Controlled Trials (CENTRAL), and Web of Science were searched from inception to December 30, 2025, supplemented by clinical trial registries, conference proceedings, and manual reference screening. Observational studies (cross-sectional, case-control, cohort) including women 18-45 years with infertility versus healthy fertile controls, using high-throughput sequencing of reproductive tract microbiota, reporting α-diversity or taxa abundance. Excluded randomized controlled trials (RCTs), animals, reviews. PRISMA-compliant review. The Newcastle-Ottawa Scale (NOS) for quality, the Grading of Recommendations Assessment, Development, and Evaluation (GRADE) for evidence. Random-effects meta-analysis with standardized mean differences (SMD) and 95% credible interval (CrI); I² for heterogeneity; subgroup and sensitivity analyses by site. Twenty-seven studies with 2174 participants were included. Infertile women had higher α-diversity (Shannon SMD 0.27 [0.10 to 0.44; I² = 40%], Simpson SMD 0.24 [0.01 to 0.47; I² = 52%], ACE SMD 0.43 [0.15 to 0.71; I² = 33%]). <i>Lactobacillus</i> abundance was lower (SMD -0.40 [-0.55 to -0.25; I² = 0%]), while <i>Prevotella</i> (SMD 0.48 [0.27 to 0.70; I² = 12%]) and <i>Burkholderia</i> (SMD 0.55 [0.33 to 0.77; I² = 0%]) were higher. Changes were prominent in vaginal samples, and β-diversity differed in 81% of studies. Infertile women show site-specific microbiota patterns, including reduced <i>Lactobacillus</i> and elevated opportunistic pathogens in the reproductive tract, especially vaginally. Given the low to very low certainty of largely observational evidence, high-quality prospective studies are needed to validate these associations and clarify causality. https://www.crd.york.ac.uk/prospero/, identifier CRD420251275219.",Frontiers in cellular and infection microbiology
41900857,Selective Human-Milk-Inspired Antimicrobial Peptides for the Treatment of Bacterial Vaginosis.,"<b>Background:</b> Antimicrobial resistance (AMR) is a global healthcare threat. Traditional largely non-selective antibiotics produce side effects due to the natural host microbiome being modified creating a loss in homeostasis. In women, AMR is a cause of acute generational impact. For example, bacterial vaginosis (BV), the most common gynecological infection in reproductive-age women, is a serious public health concern due to its high rates of recurrence, secondary infections, and reproductive issues; and two currently prescribed antibiotics for BV do not fully resolve the symptoms. <b>Objective:</b> The strong need for innovative, potent, safe, and selective therapeutics has prompted a search for such bioactive molecules in milk. Resulting from 200 million years of evolutionary pressure, mammalian lactation not only nourishes infants, but it has also been under relentless Darwinian selective pressure to provide protection from a variety of infections. <b>Methods:</b> Computationally designed human-milk-inspired peptides (AMPs) were tested in standard microbicidal assays for activity against BV pathogens, and evaluated for stability and safety. <b>Results:</b> Several AMPs are bactericidal towards <i>Gardnerella vaginalis</i>, a major BV-associated pathogen, and other BV-associated pathogens. Some novel AMPs do not impact the viability of key lactobacilli linked to a healthy vaginal microbiome. These stable, membrane-acting cationic AMPs reduce inflammation during an infection assay and are safe in EpiVag organoid tissues. <b>Conclusions:</b> AMPs can address concerns like non-selectivity and antibiotic resistance-thereby addressing AMR. Lead AMPs from this study offer a promising solution for the development of novel therapeutics for the treatment of BV, which may reduce the burden of AMR.",Pharmaceutics
41697076,Influence of gemcitabine combined with lobaplatin interventional embolization on vaginal flora and biofilm formation in patients with advanced cervical cancer.,"This study aimed to evaluate the therapeutic effect of Gemcitabine (GEM) combined with Lobaplatin (LOB) interventional embolization in patients with locally advanced cervical cancer. Sixty patients were randomly assigned to a therapy group (30 cases) treated with GEM+LOB interventional embolization and a control group (30 cases) treated with GEM+LOB intravenous drip. The curative effect and changes in vaginal flora and biofilm formation were assessed using bioinformatics methods and ultraviolet spectrophotometry. The therapy group showed significantly better outcomes (P <0.05), with substantial changes in vaginal flora. The proportion of Gardnerella vaginalis (Gv) in the therapy group decreased from 43.51% before treatment to 13.54% after treatment, and the rate of Gv's cell membrane formation was significantly shortened. However, no significant differences were found in colony content or cell membrane formation delay between the two groups. GEM+LOB interventional embolization not only improved treatment efficacy and survival prognosis in patients with locally advanced cervical cancer but also modulated vaginal microbiota imbalance and inhibited biofilm formation of Gv. These findings provide a new theoretical basis for optimizing clinical treatment strategies for cervical cancer and exploring the relationship between cancer therapy and vaginal microecological balance.",African journal of reproductive health
42319135,"Genital Immune Correlates of Seroprevalent and Seroincident Herpes Simplex Type 2 Infection Among Women Who Sell Sex in Nairobi, Kenya.","Most Herpes simplex virus type 2 (HSV-2) infection is asymptomatic but increases the risk of HIV acquisition, possibly due to alterations in genital immunology. We examine associations of HSV-2 prevalence and incidence with epithelial barrier disruption. The study was nested within the longitudinal Maisha Fiti cohort of women who sell sex in Nairobi, Kenya. HSV-2 serostatus was assessed by Kalon HSV-2 IgG assay. Socio-behavioural characteristics were assessed by questionnaire and analysed by logistic regression. Immune factors (including soluble E-cadherin (sE-cad)) were assayed in cervicovaginal secretions by multiplex immunoassay, log-transformed and analysed through linear regression. Among 731 HIV-negative participants, 414 (57%) were HSV-2 seropositive. These women were older (median age 35 vs 28 years; p < 0.001) and reported increased intravaginal washing (64 vs 56%; p = 0.027) than those who were HSV-2 seronegative. Genital sE-cad levels were similar, and IL-6 levels were lower in seropositive participants (1.15 vs 1.28 pg/mL, p < 0.01). Seroincidence was 10.7/100 person (95% CI: 7.3, 15.2) years among the 317 initially seronegative participants. Incident infection was associated with older age (31 vs 28 years, p = 0.001), increased number of clients (6 vs 4 clients/week, p = 0.005), and bacterial vaginosis (BV) (32 vs 15%, p = 0.009). Although women who acquired HSV-2 had higher sE-cad and lower MIP-3α levels, there was no association after controlling for Nugent score. Subclinical epithelial barrier disruption is unlikely to be underpinning HIV acquisition in asymptomatic HSV-2 infection. There was no evidence of genital immune predictors of HSV-2 acquisition, whereas the vaginal microbiome is important.","American journal of reproductive immunology (New York, N.Y. : 1989)"
41823859,The Role of the Vaginal Microbiome in Gynecological Diseases: Mechanistic Insights and Emerging Interventions.,"The vaginal microbiome (VM), a complex and dynamic microbial ecosystem, is now recognized as a central determinant of female reproductive and gynecologic health. Under homeostatic conditions, a <i>Lactobacillus</i>-dominant ecosystem maintains vaginal acidity, provides colonization resistance, and modulates mucosal immunity. Conversely, vaginal dysbiosis-characterized by <i>Lactobacillus</i> depletion and anaerobic or aerobic overgrowth-is associated with infectious vaginitis, increased susceptibility to sexually transmitted infections, and non-infectious conditions such as genitourinary syndrome of menopause. This review provides an integrated overview of the composition, functional characteristics, and host interactions of the VM across health and disease. We highlight major mechanisms by which microbial dysbiosis contributes to disease pathogenesis, including biofilm formation, altered microbial metabolism, and immune dysregulation. In addition, we discuss the translational potential of the VM as a source of diagnostic and prognostic biomarkers and as a target for emerging microbiome-dependent therapeutic strategies. Collectively, current evidence supports the view that vaginal dysbiosis is a heterogeneous and context-dependent state driven by distinct pathogen- and host-related mechanisms, underscoring the importance of prioritizing microbiome restoration rather than pathogen eradication alone.",Biology
41767576,Impact of hormonal treatments for endometriosis on the reproductive microbiome: a systematic review.,"The reproductive microbiome plays a key role in disease progression and fertility in women with endometriosis. Vaginal and endometrial dysbiosis has been increasingly linked to inflammation, impaired reproductive outcomes, and symptom severity. Although estro-progestins, progestins, and GnRH agonists are widely used, their impact on microbial communities remains poorly understood, highlighting the need to clarify microbiome-therapy interactions. This systematic review aims to comprehensively synthesize current evidence on how hormonal therapies influence the reproductive microbial environment and to offer insights for optimizing clinical management of endometriosis. Literature screening and data extraction followed PRISMA guidelines using PubMed, Scopus, and Google Scholar. The search combined terms on endometriosis, hormonal therapy, and reproductive microbiome. Non-English studies, reviews, and those without original data were excluded. Risk of bias was assessed with ROBINS-I-V2, and microbial composition and diversity were analyzed and synthesized qualitatively. The literature search retrieved 577 publications, of which 6 met eligibility criteria and were analyzed. The evidence collected through sequencing or culture-based methods suggested that the use of hormonal therapies to treat endometriosis may impact both vaginal and endometrial microbiome, favoring the colonization of bacterial species associated with infertility. GnRHa resulted to foster the dominance of potentially pathogenic bacteria, as <i>Gardnerella</i> and <i>Streptococcaceae</i>, in the endometrium, and supporting bacterial vaginosis by increasing intermediate flora (Nugent score 4-6). A similar effect on the vaginal environment has been reported upon the use of oral contraceptive pills, which was shown to prompt the increase of <i>Prevotella</i>, <i>Ureaplasma</i>, <i>Streptococcus anginosus</i> and <i>Streptococcus agalactiae</i>, among other pathogenic microbes, and to enhance the <i>Bacillota/Bacteroidota</i> ratio. Despite affected by several limitations and heterogeneity of included studies, this review provides a preliminary overview of the possible pejorative effect of hormonal therapy on the reproductive microbiome of endometriosis patients. While further investigations are required to consolidate these findings, the observations raised offer a valuable basis for opening a discussion about improving management strategies for affected women. By highlighting confounding factors overlooked in the selected papers, the present work will also be functional to optimize the design of future studies. https://www.crd.york.ac.uk/PROSPERO/view/CRD420251042858, identifier PROSPERO (CRD420251042858).",Frontiers in microbiology
42465087,Identification of key vaginal microbial signatures and immune remodeling associated with HR-HPV clearance following Kushen Gel treatment: a longitudinal analysis.,"Persistent high-risk human papillomavirus (HR-HPV) infection drives cervical carcinogenesis, often exacerbated by vaginal dysbiosis and localized immune dysfunction. Kushen Gel shows clinical promise, yet its impact on microbial-immune crosstalk during HR-HPV clearance remains unclear. This study elucidates the microbial remodeling and immune shifts associated with Kushen Gel-mediated HR-HPV regression. A retrospective analysis of 230 vaginal swabs (130 pre-treatment, 100 post-treatment) via 16S rRNA sequencing characterized community structural shifts. Subsequently, a prospective cohort of 35 patients with persistent HR-HPV infection (defined as laboratory-confirmed positive HR-HPV DNA for ≥12 months) validated clinical outcomes (HR-HPV clearance, vaginal pH, Nugent scores) alongside paired 16S rRNA sequencing and ELISA-based quantification of cervicovaginal cytokines (IL-8, IL-6, TNF-<i>α</i>, IFN-<i>γ</i>). Kushen Gel intervention significantly decreased microbial alpha diversity and was associated with a distinct beta-diversity shift toward a stable, <i>Lactobacillus</i>-dominant state. Models (LEfSe, Random Forest) identified a marked reduction in pathobionts (<i>Gardnerella</i>, <i>Sneathia</i>, <i>Prevotella</i>) post-treatment. In the prospective cohort, the HR-HPV clearance rate reached 82.9% (29/35) after three menstrual cycles, synchronized with significant reductions in mean vaginal pH (4.85 ± 0.42 to 4.12 ± 0.35, <i>p</i> < 0.001) and an 85.7% Nugent score normalization rate. Crucially, Kushen Gel treatment was associated with a profound shift from a pro-inflammatory to an anti-viral immune microenvironment. Pro-inflammatory markers (IL-8, IL-6, TNF-<i>α</i>) plummeted significantly (<i>p</i> < 0.0001), while anti-viral IFN-<i>γ</i> exhibited a robust increase (3.2 ± 1.1 to 18.6 ± 5.4 pg./mL, <i>p</i> < 0.0001), particularly in responders. <i>Lactobacillus</i> abundance positively correlated with IFN-<i>γ</i> (<i>r</i> = 0.68) and inversely with IL-8 (<i>r</i> = -0.54). Kushen Gel is associated with HR-HPV clearance and concurrent vaginal microenvironment remodeling, marked by suppressed anaerobic-driven inflammation and an enhanced IFN-<i>γ</i>-associated anti-viral niche dominated by <i>Lactobacillus</i>. These findings biologically support using Kushen Gel to manage vaginal dysbiosis and HR-HPV regression.",Frontiers in medicine
41632706,Resource landscape shapes the composition and stability of the human vaginal microbiota.,"The vaginal microbiota is associated with the health of women and newborns alike. Despite its comparatively simple composition relative to other human microbiota systems, the mechanisms underpinning the dynamics and stability of vaginal microbial communities remain elusive. A crucial, yet so far underexplored, aspect of vaginal microbiota ecology is the role played by nutritional resources. Glycogen and its derivatives, produced by vaginal epithelia, are accessible to all bacterial constituents of the microbiota. Concurrently, free sialic acid and fucose offer supplementary nutritional resources to bacterial strains capable of cleaving them from glycans, which are structurally integral to mucus. Notably, bacteria adept at sialic acid exploitation are often correlated with adverse clinical outcomes and are frequently implicated in bacterial vaginosis (BV). In this study, we introduce a novel mathematical model tailored to human vaginal microbiota dynamics to explore the interactions between bacteria and their respective nutritional landscape. Our resource-based model examines the impact of the relative availability of glycogen derivatives (accessible to all bacterial species) and sialic acid (exclusive to some BV-associated bacteria) on the composition of the vaginal microbiota. Our findings elucidate that the success of BV-associated bacteria is intricately linked to their exclusive access to specific nutritional resources. This private access fortifies communities dominated by BV-associated bacteria, rendering them resilient to compositional transitions. We empirically corroborate our model prediction with longitudinal clinical data on microbiota composition and previously unpublished metabolomic profiles obtained from a North American cohort. The insights gleaned from this study shed light on potential pathways for BV prevention and treatment.",PLoS biology
42322403,Changes in Uropathogen Distribution in Relation to the COVID-19 Pandemic Timeline.,"Recent research has shown that the COVID-19 virus changes the gastrointestinal microbiome as it is a bacteriophage [1], leading to immune dysregulation and bowel dysbiosis [2]. This creates an environment where opportunistic pathogens thrive while beneficial bowel flora diminish [3]. There is an association among the bowel, vaginal and bladder microbiomes where the bacteria from the bowel are found in the bladder [4]. Urinary tract infections (UTIs) are among the most common bacterial infections, typically caused by Escherichia coli (E. coli), Enterococcus faecalis (E. faecalis), Klebsiella spp, and Proteus mirabilis (P. mirabilis) in women [5]. Changes in the bowel microbiome lead to changes in the bladder microbiome [6]. We aimed to evaluate whether the composition of observed uropathogens differed across the different phases of the COVID-19 pandemic. This retrospective study analysed positive urine cultures from women before, during and after the COVID-19 pandemic. The leading three causative uropathogens with a count over 10<sup>3</sup> cfu/mL were reported. There were 5543 positive cultures with pre-COVID-19 from 1 January 2019 to 30 January 2020, n = 204, during from 1 February 2020 to 4 May 2023, n = 2518, and after from 5 May 2023 to 1 February 2025, n = 2821. In total, 10,456 bacteria were identified. After May 2023, E. coli prevalence dropped from 27 to 21%, and Pseudomonas spp decreased from 6 to 2% (p value < 0.001). In contrast, Klebsiella spp incidence rose from 8 to 12%. Corynebacterium spp (p < 0.05) and Acinetobacter spp (p < 0.001) were increasingly isolated in symptomatic UTIs after May 2023. The bacterial organisms found in urinary tract infections detected before and subsequent to the onset of COVID-19 have changed. This may reflect an interaction between changes in the bowel microbiome and pathological urinary tract infections.",International urogynecology journal
42278576,Cervicovaginal Mycobiome Restructuring by HPV and Bacterial Community State Types in a Kazakhstani Shotgun Metagenomic Cohort: <i>Lactobacillus iners</i> as a <i>Candida</i>-Permissive Niche Associated with α-9 HPV in Cytologically Normal Women.,"Cervicovaginal dysbiosis is an established co-factor of high-risk human papillomavirus (HPV) persistence and cervical neoplastic development, yet most studies address the bacterial compartment in isolation, leaving fungal communities and bacterial-fungal cross-kingdom interactions underexplored, particularly in Central Asian populations. We performed shotgun metagenomic sequencing (mNGS) of cervicovaginal samples from 311 Kazakhstani women undergoing routine cervical screening. HPV status was determined using combined PCR and mNGS methods, and cervical screening was completed using liquid-based cytology (NILM, ASC-US, LSIL, ASC-H). Bacterial, viral, and fungal taxa were profiled from a single shotgun dataset with Kraken2 pipeline. Bacterial community state types (CSTs) were determined based on dominant bacterial species, functional gene content was annotated against KEGG using eggNOG, and covariate-adjusted associations were estimated using MaAsLin3. Mycobiome β-diversity differed significantly by HPV status (<i>p</i> = 0.003). In particular, <i>Candida</i> positivity was significantly associated with HPV presence and with high-risk α-9 HPV in cytologically normal (NILM) samples (OR = 3.6, [1.6-9.6], <i>p</i> ≤ 0.001). Covariate-adjusted analysis was consistent with this positive association (q < 0.05). Concurrently, among CSTs, <i>Lactobacillus iners</i>-dominated CST III and dysbiotic <i>Gardnerella vaginalis</i>-dominated CST IV showed a 3-fold higher <i>Candida albicans</i> prevalence (<i>p</i> < 0.01). Further analysis demonstrated that, functionally, both of these CSTs had depleted capacity for lactate metabolism (ko00620, <i>p</i> < 0.0001) and, in particular, for the genetic capacity for pyruvate-dependent H<sub>2</sub>O<sub>2</sub> generation (half that of the <i>L. crispatus</i>-dominated CST I). These findings support <i>L. iners</i> as a metabolically permissive rather than protective <i>Lactobacillus</i> and suggest cross-kingdom functional signatures as candidate biomarkers for HPV acquisition and persistence in Central Asia, a region previously absent from the cervicovaginal microbiome literature.",International journal of molecular sciences
42043192,A Role of the Lower Genital Tract Microbiome in Promoting Cervical Intraepithelial Neoplasia: A Premalignant Precursor of Cervical Cancer-A Literature Review.,"The cervicovaginal microbiome (CVMB) is pivotal in maintaining the homeostasis of the lower female genital tract and has emerged as a significant modulator of cervical carcinogenesis. Although persistent infection with high-risk human papillomavirus (HR-HPV) is a prerequisite for the development of cervical intraepithelial neoplasia (CIN) and subsequent cervical carcinoma, it remains insufficient alone to drive oncogenesis. Accumulating evidence suggests that alterations in the CVMB composition profoundly impact HPV persistence, local immune responses, and disease progression. A vaginal microbiota dominated by <i>Lactobacillus</i> species, most notably <i>Lactobacillus crispatus</i>, correlates with low microbial diversity, robust immune regulation, and facilitated HPV clearance. Conversely, microbial dysbiosis-characterized by <i>Lactobacillus</i> depletion and a concomitant proliferation of anaerobic taxa, typical of Community State Type (CST) IV and <i>Lactobacillus iners</i>-dominated profiles-is strongly associated with chronic inflammation, oxidative stress, epithelial barrier compromise, and an elevated risk of CIN progression. This review synthesizes current evidence regarding the multifaceted interactions among the cervicovaginal microbiome, HPV pathogenesis, immune dysregulation, and oxidative stress in the etiology of CIN. Elucidating these intricate host-microbiome dynamics may precipitate the discovery of novel microbiome-derived biomarkers, ultimately informing innovative prophylactic and therapeutic interventions for cervical cancer.",Viruses
42137495,Unraveling the vaginal microbiota-based etiology of recurrent cystitis: the potential role of <i>Lactobacillus</i> vaginal suppositories.,"Recurrent cystitis is a common problem in women that substantially impairs quality of life and contributes to increasing healthcare costs. Traditionally regarded as an ascending infection originating from the gut, recurrent cystitis is now increasingly understood as a disorder rooted in vaginal dysbiosis, with the vagina acting as a key reservoir for uropathogenic <i>Escherichia coli</i>. Loss of a <i>Lactobacillus</i>-dominant vaginal microbiota and overgrowth of enteric and anaerobic bacteria are strongly associated with recurrent cystitis, particularly in postmenopausal women. <i>Lactobacillus</i> species promote vaginal health by producing lactic acid, maintaining a low pH, generating antimicrobial compounds, inhibiting pathogen adhesion, and modulating mucosal immune responses. At the same time, long-term antimicrobial prophylaxis, although effective in reducing recurrences, is limited by adverse effects and the promotion of antimicrobial resistance. These concerns have driven interest in strategies that restore the protective vaginal ecosystem rather than relying on repeated antimicrobial exposure. This narrative review summarizes current concepts linking vaginal dysbiosis to recurrent cystitis, highlights the protective role of <i>Lactobacillus</i>, and synthesizes clinical data on <i>Lactobacillus</i> vaginal suppositories, particularly <i>Lactobacillus crispatus</i> (<i>L. crispatus</i>)-based preparations, as a targeted, non-antimicrobial prophylactic option. Across pilot, phase II, and randomized trials, <i>Lactobacillus</i> vaginal therapy has demonstrated a generally favorable safety and tolerability profile, with preliminary evidence suggesting a potential to reduce recurrent cystitis episodes while restoring a <i>Lactobacillus</i>-dominant vaginal microbiota. However, larger, standardized studies are still needed. Collectively, these findings provide a rationale for investigating <i>Lactobacillus</i> vaginal suppositories as a microbiome-informed, non-antimicrobial strategy for the long-term prevention of recurrent cystitis, particularly in postmenopausal and other high-risk women, and highlight the importance of further research to define the role of vaginal microbiota-directed therapies in future recurrent cystitis management.",Therapeutic advances in urology
42235462,Association between vitamin D status and bacterial vaginosis in non-pregnant women of reproductive age: a systematic review and meta-analysis.,"Bacterial vaginosis (BV) is the most common vaginal dysbiosis in women of reproductive age, and vitamin D (VD) has been implicated in mucosal immune regulation. However, the relationship between VD deficiency (VDD) and BV remains inconclusive, with prior reviews limited by inclusion of pregnant populations and incomplete literature coverage. To systematically evaluate the association between VD status and BV in non-pregnant women of reproductive age, and to assess the effect of VD supplementation on BV outcomes. PubMed, Embase, Cochrane Library, Web of Science, and CNKI were searched from inception through January 2025. Observational studies and intervention trials reporting VD status and BV outcomes in non-pregnant reproductive-age women were eligible. Random-effects meta-analysis with restricted maximum likelihood (REML) estimation and Hartung-Knapp adjustment was performed. Heterogeneity was assessed using I<sup>2</sup> and Cochran Q statistics. Subgroup and sensitivity analyses were pre-specified by geographic region, VDD cutoff, BV diagnostic method, and risk of bias. Thirteen studies (9 observational, 4 interventional) met inclusion criteria. Among observational studies (7 entries from 5 studies; n = 6,862), the pooled odds ratio (OR) for BV with VDD was 1.00 (95% CI: 0.71-1.42; I<sup>2</sup> = 63.9%; prediction interval: 0.66-1.53), indicating no overall association. Substantial geographic heterogeneity was observed: the single Iranian study showed a strong positive association (OR = 4.34), whereas Western (OR = 0.96) and African (OR = 1.01) studies were null. Among intervention studies (4 studies; n = 281), VD supplementation was associated with a non-significant trend toward reduced BV persistence (pooled RR = 0.68; 95% CI: 0.28-1.63; I<sup>2</sup> = 85.7%). However, excluding the sole null US trial revealed a consistent protective effect across three non-US studies (RR = 0.47; 95% CI: 0.37-0.60; I<sup>2</sup> = 0%). GRADE certainty of evidence was very low for both outcomes. The VDD-BV relationship is population-dependent. In VDD-prevalent populations, both observational and intervention evidence suggested an association: VD supplementation reduced BV persistence in the Iran subgroup (RR = 0.45, I<sup>2</sup> = 0%). In the limited US data available, no such association was detected, although this finding may not generalize to all Western populations. These findings support targeted VD supplementation for women with documented deficiency rather than universal use, though GRADE certainty is very low and confirmatory RCTs are needed.","European journal of obstetrics, gynecology, and reproductive biology"
41903368,Effect of Lactobacillus-based probiotics on genitourinary syndrome of menopause in post-menopausal women: A systematic review.,"Genitourinary syndrome of menopause is a chronic condition caused by estrogen deficiency after menopause and includes both vaginal and urinary symptoms that significantly impair quality of life. Although local estrogen therapy is effective, non-hormonal alternatives are needed for women in whom hormonal treatment is contraindicated or unacceptable. We investigated the clinical evidence on the efficacy of Lactobacillus-based probiotic interventions for the management of genitourinary syndrome of menopause. In January 2026, PubMed, Scopus, and Embase were searched for studies evaluating oral or intravaginal Lactobacillus-based probiotics in women with genitourinary syndrome of menopause. Nine studies with a total of 751 patients were included - five randomized controlled trials and four prospective studies. Five studies evaluated urinary outcomes, including recurrent cystitis, recurrent urinary tract infection, and lower urinary tract symptoms, while four focused on vaginal outcomes such as vaginal microbiota composition, vaginal pH, vaginal health index, and vulvar pain. Intravaginal Lactobacillus showed a preventive effect for recurrent cystitis in single-arm and prospective cohort studies, whereas randomized controlled trials demonstrated mixed or negative results compared with antibiotic prophylaxis. Evidence for improvement in lower urinary tract symptoms and vaginal manifestations of genitourinary syndrome of menopause was limited and heterogeneous, particularly in studies using oral probiotic administration. Lactobacillus-based interventions may represent a complementary therapeutic option for selected women with genitourinary syndrome of menopause, especially for urinary manifestations associated with vaginal dysbiosis. However, current evidence is limited by heterogeneity in study design, probiotic formulations, and routes of administration. Well-designed randomized clinical trials, particularly those evaluating intravaginal Lactobacillus formulations, are required to clarify their clinical role in genitourinary syndrome of menopause management. CRD420251244350.",Maturitas
41884021,Gastrointestinal consequences of cesarean section birth: A systematic review of short- and long-term effects in infancy and beyond.,"Cesarean section (C-section) delivery rates are rising globally, raising concern about their potential long-term health consequences on offspring. Emerging evidence suggests that C-section, by bypassing the physiological and microbial exposures of vaginal birth, may adversely affect neonatal gastrointestinal (GI) development and immune regulation. To evaluate the short- and long-term gastrointestinal outcomes in infants born <i>via</i> C-section, compared to those born vaginally. A systematic literature search was conducted across PubMed, Scopus, and Web of Science for studies published from inception to 2024. Studies were included if they reported gastrointestinal outcomes among C-section-born infants and included a vaginal delivery comparison group. Outcomes of interest included short-term disorders (infantile colic, gastroesophageal reflux, constipation, dyschezia, and functional gastrointestinal disorders) and long-term conditions (inflammatory bowel disease, food allergies including cow's milk protein allergy, celiac disease, and microbiota dysbiosis). Data extraction and synthesis were conducted in accordance with the Preferred Reporting Items for Systematic Reviews and Meta-Analyses guidelines. C-section -born infants demonstrated a higher risk of several short-term GI disturbances, including infantile colic, reflux, and constipation. These outcomes were consistently associated with early gut microbiota dysbiosis, characterized by reduced microbial diversity and delayed colonization by <i>Bifidobacteria</i> and <i>Bacteroides</i>. Long-term associations with C-section included a modest increase in the risk of Crohn's disease, cow's milk protein allergy, and food sensitization, while the links with ulcerative colitis and celiac disease were inconsistent. Breastfeeding, probiotic/synbiotic supplementation, and limited antibiotic exposure emerged as protective modifiable factors. C-section delivery is associated with a higher risk of adverse gastrointestinal outcomes in infancy and childhood, driven in part by early-life gut microbial disruption. Preventive strategies targeting microbial restoration and immune modulation, particularly breastfeeding and probiotic interventions, may help mitigate these risks. Clinicians should be aware of these associations to guide personalized care and parental counseling, particularly in elective C-section deliveries.",World journal of clinical pediatrics
42466879,Longitudinal changes in the vaginal microbiome associate with spontaneous preterm birth: a focus on stability and specific taxa in a Chinese cohort.,"Spontaneous preterm birth (sPTB) often results from ascending intra-amniotic infections originating from the vaginal microbiota. This study aimed to characterize vaginal microbial features and identify specific taxa associated with sPTB in a Chinese population. In this prospective cohort study, pregnant women were recruited from Peking Union Medical College Hospital. Vaginal swabs were collected longitudinally at 11-16, 22-28, and 34-37 weeks of gestation. DNA was analyzed using targeted real-time PCR (30 pathogens) and 16S rRNA gene sequencing (V3-V4). Community State Types (CSTs) were defined by enterotype-like clustering. Differential abundance was assessed using MaAsLin3 with Benjamini-Hochberg correction, adjusting for maternal age, BMI, and obstetric history. Among 273 women (26 sPTB, 247 term), no CST was significantly associated with sPTB after multivariable adjustment and false discovery rate (FDR) correction (all <i>q</i> > 0.05). Alpha and beta diversity also showed no significant between-group differences (all <i>q</i> > 0.05). However, longitudinal CST stability was significantly lower in the sPTB group (<i>P</i> < 0.05). Nominally significant associations were observed for <i>Ureaplasma urealyticum</i> (first trimester), <i>Mycoplasma hominis</i>, and <i>Bacteroides fragilis</i> (second trimester), but none survived FDR correction (all <i>q</i> > 0.05). In this Chinese cohort, sPTB was not associated with static CST profiles but with reduced microbial stability over time. Although no single taxon remained significant after correction, several pathogens showed nominal associations, warranting further investigation in larger studies.IMPORTANCEPreterm birth (PTB) is a global maternal and infant health issue affecting approximately 11% of newborns worldwide. In China, the prevalence of PTB was 6.1%. Abnormal vaginal microbiota has been demonstrated to be a risk factor for PTB. Our study is one of the largest studies performed to date to investigate the associations between vaginal microbiome and spontaneous PTB (sPTB) in the Chinese cohort. We found that vaginal microbiome dynamics changes in Community State Types (CSTs) were significantly associated with sPTB. Furthermore, we also found that the microbial risk for sPTB appeared to be the enrichment of specific taxa, suggesting that vaginal dynamics and fine-scale features are important factors to consider in future studies.",Microbiology spectrum
42090226,Anaerobe-Driven Inflammation and Epithelial Barrier Disruption in Genital HIV Acquisition.,"Genital microbiome dysbiosis is an important risk factor for the sexual acquisition of human immunodeficiency virus (HIV) in both the male and female genital tracts. The vaginal, penile and urethral mucosae are distinct microenvironments with characteristic microbiome compositions. However, all three sites can be colonised by a group of strictly anaerobic bacteria that are strongly associated with mucosal inflammation and HIV risk. Our understanding of the relationship between genital anaerobes and HIV acquisition has largely focused on mucosal target cell density and activation. Yet, genital anaerobes disrupt epithelial barrier integrity, a crucial component of mucosal defence. To comprehensively evaluate the influence of genital anaerobes on epithelial barrier integrity in the context of HIV acquisition, across the penile, vaginal, and urethral mucosae. Within the vaginal microbiome, anaerobes have been studied extensively in the context of bacterial vaginosis and several mechanisms of mucosal barrier disruption, including mucus degradation, epithelial cell damage and junction protein cleavage, have been identified and linked to HIV risk. The effects of these same bacteria are less defined in the context of the penile and urethral epithelia, despite their prevalence and association with HIV acquisition. Further investigation of genital anaerobe-mediated barrier disruption in both sexes is needed to elucidate shared and site-specific mechanisms influencing HIV transmission. This knowledge is essential to understanding HIV risk and developing effective prevention strategies.","American journal of reproductive immunology (New York, N.Y. : 1989)"
42365274,Correlation analysis of bacterial vaginosis with HPV infection and different grades of cervical lesions.,"To analyze the correlations between bacterial vaginosis (BV), human papillomavirus (HPV) infection and cervical lesions of varying grades in a single-center population from southeastern China, so as to provide a reference for optimizing early cervical cancer screening strategies. A retrospective analysis was conducted on the clinical data of 1427 women who underwent combined cervical cancer screening at the gynecology outpatient/inpatient department of The Affiliated Hospital (Group) of Putian University from January 2022 to March 2025. The data included results for BV, HPV, and ThinPrep cytologic test (TCT). Chi-square tests or Fisher's exact tests were used to analyze the distribution characteristics of HPV infection in patients with different cervical lesions, explore the relationship between BV and single, dual, or multiple HPV infections, assess the correlation between BV and different types of cervical lesions, and evaluate the association and influencing factors of BV combined with HPV infection on different grades of cervical lesions. High-risk HPV types were predominantly HPV-52 (19.3%) and HPV-16 (17.5%), while low-risk HPV-81 (20.5%) was the most common. The rates of dual and multiple (≥ 3 types) HPV infections were significantly higher in the BV-positive group than in the BV-negative group (37.1% vs. 27.4%, P = 0.009). The BV-positive rate increased with the severity of cervical lesions, being highest in high-grade squamous intraepithelial lesion (HSIL) (46.4% vs. NILM 10.5%, P < 0.001). Within the BV-positive subgroup, individuals with multiple HPV infections were more likely to present with atypical squamous cells of undetermined significance (ASC-US). Both multiple HPV infection and BV positivity were statistically significant correlates for higher-grade cervical lesions in the multivariable ordinal logistic regression model (P < 0.001). This study demonstrated a significant association between bacterial vaginosis (BV) positivity and multiple HPV infection as well as high-grade cervical lesions in a female population from southeastern China. It provides regional epidemiological data that suggest a potential role for BV testing in risk stratification. Nevertheless, these findings are preliminary, and any clinical application would require rigorous prospective validation of predictive performance, cost-effectiveness, and impact on screening outcomes before implementation can be considered.",BMC women's health
42277260,Genomic landscape of the human vaginal microbiome is linked to host genetics and population of origin.,"The vaginal microbiome is essential for women's health, yet its genomic diversity and interaction with the host remain incompletely characterized. Here we present the Global Vaginal Metagenome-assembled Genomes catalog, an extensive repository of vaginal microbial genomes generated by integrating 10,665 in-house Chinese metagenomes, with 2,967 publicly available metagenomes and 1,433 bacterial isolates. The catalog comprises 65,055 genomes from 890 prokaryotes, 11 eukaryotes and 6,590 viral taxonomic units, many not represented in public reference databases. We investigate virus-bacteria interactions, revealing conserved phages-host associations. We then identify substantial intraspecies genomic and functional variations displaying population-specific patterns. A metagenome-genome-wide association study identifies seven host genetic loci associated with vaginal species at study-wide significance and replicated in at least one independent cohort, notably connecting the gene OPRK1 with the potential pathogen Ureaplasma urealyticum. In summary, our research provides a comprehensive reference for future studies on genotype-phenotype interplay within the human vaginal microbiome.",Nature genetics
42477712,"Association of vaginal dysbiosis with cervical lesions among women with non-16/18 high-risk HPV infections: a cross-sectional study of 2,264 women in Eastern China.","To investigate whether vaginal dysbiosis is associated with an increased risk of cervical lesions infected with non-16/18 high-risk human papillomavirus (HR-HPV) genotypes and to inform risk-stratified cervical cancer screening strategies. This cross‑sectional study included 2,264 women attending Jiaxing Maternal and Child Health Hospital between June 2023 and October 2024. HPV genotyping, vaginal microecological assessment, and Thinprep cytologic test (TCT) were performed. HR- HR-HPV infections were classified as HPV16/18-positive or non-16/18 HR-HPV infections. Logistic regression models were used to evaluate associations, adjusting for age. Multiplicative interaction was assessed using Wald tests for product terms. Benjamini‑Hochberg FDR correction was applied for multiple comparisons. The overall HPV prevalence was 49.87%, with HR-HPV detected in 36.13%. HR‑HPV infection was significantly associated with cervical lesions in both normal (OR = 11.45) and dysbiotic (OR = 4.40) vaginal microbiota (both P < 0.001). Stratified analyses showed higher point estimates for HPV58 and HPV59 in the dysbiosis group (OR = 10.98 and 9.51, respectively) than in the normal group (OR = 7.50 and 6.44, respectively). However, formal multiplicative interaction tests did not reach statistical significance (Wald P = 0.526 and 0.559, respectively; FDR‑adjusted q = 0.559 for both). No HPV subtype remained significantly associated with ASC‑US after FDR correction. In this cross‑sectional study, vaginal dysbiosis is specifically associated with cervical lesions among women with non‑16/18 HR‑HPV infections, particularly HPV58 and HPV59, which showed elevated point estimates in the presence of dysbiosis. However, formal multiplicative interaction tests did not reach statistical significance. These findings are exploratory and hypothesis‑generating; causality cannot be inferred due to the cross‑sectional design. Prospective studies are needed to validate the observed associations before any clinical application can be considered. Our results should be interpreted with caution and do not support changes to current screening practice.",BMC women's health
40410704,Lumbar spine infection caused by Gardnerella vaginalis: a case report and literature review.,"Gardnerella vaginalis, which is mainly distributed in the female genitourinary tract, is the main agent causing bacterial vaginosis, as well as a relatively uncommon cause of extragenital infection, and a rare source of joint or spinal infections. We report a 51-year-old female patient with no underlying disease who presented with intermittent low back pain, evident after both being sedentary and prolonged activity. The patient was diagnosed with a pyogenic spinal infection at another hospital and treated with analgesic and cephalosporin anti-infective therapies. The patient then attended our hospital and was initially considered to have a gram-positive bacterial infection; tuberculosis infection could not be excluded. After 3 weeks of empiric anti-infective therapy with vancomycin and linezolid, the patient complained of no improvement in pain and the inflammatory markers had not declined significantly. A clear lumbar spine infection lesion was detected, with evident bone destruction; therefore, we performed surgery for lumbar lesion removal and internal fixation. Lesion specimens were subjected to pathological examination and high-throughput sequencing, which revealed G. vaginalis infection, and the patient received postoperative antibiotic therapy with lincomycin and metronidazole. After 12 weeks of consecutive anti-infective treatment, the pain symptoms of the patient improved. No signs of recurrence were detected at 16 months postoperative follow-up. We reported a rare case of isolated G. vaginalis lumbar spine infection. Additionally, we reviewed 13 published cases of joint or spinal infections caused by Gardnerella. G. vaginalis should be considered in cases of joint or spinal infections. Clinical presentation and imaging are insufficient to diagnose spinal infections caused by G. vaginalis, and invasive procedures, such as biopsy, microbial culture, and high-throughput sequencing, are required. Lincosamide or nitroimidazole antibiotic treatment for ≥ 6 weeks is effective in treating bone and joint infections caused by G. vaginalis.",BMC infectious diseases
40155817,"The prevalence trends of Trichomonas vaginalis infection among women in Jingzhou, central of China, 2019-2023.","Trichomonas vaginalis (T. vaginalis) is one of the most prevalent sexually transmitted infections globally, with significant regional variations in its prevalence. This study aimed to examine the epidemiological characteristics of T. vaginalis infection in Jingzhou, Hubei Province, China. To obtain the prevalence of T. vaginalis infection among age groups and different years, a total of 115,775 patients from 2019 to 2023 were included in this study. Two detection methods including immunochromatographic assay and wet mount microscopy were used to detect the pathogens in vaginal swabs samples including T. vaginalis with other vaginal pathogens, such as Candida albicans (C. albicans) and Gardnerella Vaginalis (G. vaginalis). The overall prevalence of T. vaginalis in Jingzhou was 3.41%, demonstrating a decreasing trend from 2019 to 2023, with a particularly significant decrease during the COVID-19 pandemic in 2020-2022 (P < 0.001). The highest positive rate of T. vaginalis was observed in the 45-54 years age group (4.87%), while the lowest rate was observed in the 25-34 years age group (2.37%). The prevalence of T. vaginalis in pregnant women (0.83%) was lower than that in non-pregnant women (1.87%), with a statistically significant difference (P < 0.001). T. vaginalis had co-infection with other pathogens (2.76%) compared to single infection (0.65%), and the most common co-infection pattern was T. vaginalis and G. vaginalis (2.09%). The results showed that there was relative high consistency (Kappa: 0.841) between the immunochromatographic assay and wet mount microscopy method for the detection of T. vaginalis. Additionally, elevated leukocyte levels were associated with a higher prevalence of T. vaginalis. The overall infection rate of T. vaginalis was 3.41%, showing a decreasing trend in prevalence in Jingzhou from 2019 to 2023. The prevalence was the highest in the 45-54 years age group. The study suggested that the immunochromatographic assay should be widely implemented as a screening method for T. vaginalis in primary healthcare facilities.",BMC infectious diseases
42089608,Prospective study of vaginal samples for the detection of <i>Gardnerella vaginalis</i> and <i>G. swidsinskii/leopoldii</i> using Gardnerella agar in CO<sub>2</sub> and anaerobic atmospheres.,"<i>Gardnerella vaginalis</i> is a key bacterium in the etiology of bacterial vaginosis (BV) and contributes to biofilm formation. <i>Gardnerella</i> is a facultative anaerobic bacterium, meaning it can grow both in the presence of oxygen and under anaerobic conditions. We conducted a prospective study in 2025, including 160 consecutive vaginal samples from women submitted for pathogenic bacteria. Clinical information on the referral form indicated in 87 women (54.4%), from which colpitis in 64 cases (73.6%). There were 43 pregnant women (26.9%), with an average age of 30.7 years. Each vaginal sample was cultured on Gardnerella agar and incubated in both CO<sub>2</sub> and anaerobic atmospheres. The culture plates were examined after 24 and 48 h of incubation, independently of other results. In cases where suspicious colonies with beta-hemolysis were observed, bacterial identification was performed using MALDI-TOF mass spectrometry (Bruker). Gram-stained smears were evaluated according to the Nugent score. The bacteria <i>Gardnerella vaginalis</i> and <i>Gardnerella leopoldii/swidsinskii</i> were detected in 46 (28.8%) samples. The sensitivity of <i>G. vaginalis</i> and <i>G. leopoldii/swidsinskii</i> cultivation on Gardnerella agar in a CO<sub>2</sub> atmosphere was 67.4% compared to anaerobic cultivation. Anaerobic cultivation on Gardnerella agar proved to be a superior method for the isolation of <i>G. vaginalis</i> and <i>G. leopoldii/swidsinskii</i> compared to cultivation in a CO<sub>2</sub> atmosphere. The diagnosis of BV in clinical practice relies on standard Amsel's criteria, gram-stained vaginal smears evaluated using the Nugent scoring system or Ison-Hay criteria, and the isolation of <i>G. vaginalis</i> and <i>G. leopoldii/swidsinskii</i>.IMPORTANCEBacterial vaginosis (BV) is the most common vaginal infection among women of reproductive age and is associated with significant adverse outcomes, including preterm birth, spontaneous abortion, and increased susceptibility to sexually transmitted infections. Accurate and timely microbiological diagnosis is therefore clinically important. Our study demonstrates that anaerobic incubation on selective Gardnerella agar improves the detection of <i>Gardnerella vaginalis</i> and <i>Gardnerella leopoldii</i>/<i>swidsinskii</i> compared with incubation in a CO<sub>2</sub>-enriched atmosphere. Under anaerobic conditions, colonies were larger, hemolysis was more pronounced, and overall sensitivity was higher. Although BV diagnosis in clinical practice primarily relies on Amsel's criteria and Nugent scoring, optimized culture conditions provide valuable complementary microbiological evidence. These findings contribute to the optimization of laboratory procedures and may enhance the reliability of routine diagnostic workflows in women with suspected BV.",Microbiology spectrum
41985731,CST-Based Molecular Profiling of Vaginal Microbiota Validated by qRT-PCR and 16S Amplicon Sequencing.,"The vaginal microbiome is commonly classified into five Community State Types (CSTs) based on the dominance and relative abundance of Lactobacillus species, which play a central role in maintaining vaginal homeostasis through the production of lactic acid and hydrogen peroxide. Disruption or depletion of Lactobacillus spp. Leads to elevated vaginal pH, thereby promoting the overgrowth of anaerobic bacteria associated with bacterial vaginosis (BV). Although next-generation sequencing (NGS)-based microbiome profiling has been widely used to characterize vaginal microbial communities, its routine clinical application remains limited by high cost, long turnaround time, and reduced suitability for rapid, species-specific quantification. In this study, we developed and validated species-specific quantitative real-time polymerase chain reaction (qRT-PCR) primer sets targeting four health-associated Lactobacillus species (Lactobacillus crispatus, Lactobacillus. gasseri, Lactobacillus. iners, and Lactobacillus. jensenii) and four BV-associated bacterial taxa (Atopobium vaginae, Clostridiales genomosp. BVAB1, Prevotella bivia, and Megasphaera type 1). Quantitative results obtained by qRT-PCR were systematically compared with relative abundance profiles derived from 16S rRNA gene V3-V4 sequencing, revealing a strong concordance between the two platforms in identifying key vaginal microbial signatures. Collectively, these findings demonstrate that qRT-PCR represents a rapid, cost-effective, and sensitive approach for targeted vaginal microbiome assessment and supports its potential utility as a molecular diagnostic tool for the precise detection of vaginal microbiota imbalance.","Methods (San Diego, Calif.)"
40384982,"<i>Cutibacterium acnes</i> lysate improves cellular response against <i>Candida albicans</i>, <i>Escherichia coli</i> and <i>Gardnerella vaginalis</i> in an <i>in vitro</i> model of vaginal infection.","The vagina is a finely balanced microecological environment. The rupture of this balance leads to dysbiosis, which causes the resident microbiota to be overcome by pathogens. This event triggers the onset of gynecological infectious diseases, normally treated with antimicrobial drugs, considered to date as the gold standard; yet the increasing rate of drug resistance requires novel approaches and alternative therapeutic strategies. Bacterial lysates, obtained by mechanical or chemical crushing of the bacterial cell walls, contain several antigens and Pathogen-Associated-Molecular-Patterns (PAMP) molecules that through the priming of epithelial and innate immune cells could improve the responses to the pathogens. We evaluated the effect of a bacterial lysate (BL) obtained by <i>Cutibacterium acnes</i> on the response of a human vaginal epithelial cell line and a murine macrophage cell line to the infection by <i>C. albicans</i>, <i>E. coli</i> and <i>G. vaginalis</i>. By priming the cells with BL, the mitochondrial Reactive Oxygen Species (mtROS) production, the cellular damage, the impairment of microbial growth, the phagocytic and killing capacity and the secretion of cytokines and chemokines were assessed. BL did not show any direct antimicrobial effect nor any toxicity for the cell lines employed. Upon infection with <i>C. albicans</i>, the BL-primed cells were shown to increase the production of mtROS, to be more resistant to pathogen-mediated cell damage, and to reduce the microbial growth. BL-primed macrophages displayed also an increased phagocytic and killing activity against <i>C. albicans, E. coli</i> and <i>G. vaginalis.</i> Cytokines and chemokines secretion by BL-primed vaginal epithelial cells was also modulated upon infection with <i>C. albicans</i>, <i>E. coli</i> and <i>G. vaginalis</i>. Overall, the results shown here point to the possible role of BL in priming epithelial and phagocytic cells and to improve their response against bacterial and fungal pathogens. These data indicate that the use of this (and, in future, other bacterial lysates) may provide a promising novel approach to handle lower genital tract infections through the reinforcement of local immunity.",Frontiers in cellular and infection microbiology
42382190,"Mother-to-offspring microbial vertical transmission: timing, determinants, and impact on offspring susceptibility to gastrointestinal diseases.","The establishment of the early-life microbiota is profoundly shaped by microbial vertical transmission from mother to offspring. This review synthesized the current understanding of the timing, determinants, and health implications of mother-to-offspring microbial vertical transmission. We detailed the contentious evidence regarding prenatal microbial transmission and highlighted the well-established roles of intrapartum and postnatal transmission via birth and breastfeeding, respectively. Multiple factors, including delivery mode, gestational age, feeding patterns and antibiotic exposure, are critical modulators of microbial transmission, shaping the initial microbial community. Emerging intervention strategies, such as breastfeeding, probiotic supplementation, vaginal microbiota transplantation, and fecal microbiota transplantation, offer promising avenues for restoring a healthy microbial trajectory when natural transmission is disrupted. This review underscores that vertical transmission is the cornerstone of intergenerational microbiome inheritance and a potential therapeutic target for preventing early-life dysbiosis and associated diseases.",Medical review (2021)
41879296,Pathological phimosis is associated with foreskin immune cell infiltration but not microbiota composition.,"The penile microbiota has been implicated in genital inflammation and increased risk of HIV, HPV, HSV-2, and female-partner bacterial vaginosis in adult males, yet its development during childhood and potential role in pediatric foreskin pathologies remain unknown. We characterized the coronal sulcus microbiota of 75 pediatric males (median age 8.5 years; 43% with pathological phimosis) before and after circumcision and compared these profiles to 56 uncircumcised adult men. Pediatric penile microbiota were highly diverse, dominated by strict and facultative anaerobes, and loosely structured compared to adults, who exhibited two distinct, ecologically organized communities. Circumcision markedly reduced anaerobic taxa and increased <i>Corynebacterium</i> and <i>Staphylococcus</i>. Pathological phimosis (the inability to retract the foreskin due to scarring) was associated with increased densities of CD3+ T cells, CD4+ cells, and CD11c+ dendritic cells, suggesting an adaptive immune mechanism; however, pathological phimosis was not associated with microbiota composition. Nonetheless, <i>Mobiluncus</i> was negatively correlated with CD11c+ dendritic cells, while <i>Campylobacter</i> and <i>Peptoniphilus</i> were negatively correlated with CD56+ NK cells, suggesting microbe-immune interactions. Our data suggest pathologic phimosis is driven by adaptive immune responses but not by specific bacteria; the pathology may be driven by differences in host responses to bacteria or by other stimuli, such as fungal antigens. Our data also demonstrate that the transition to adulthood is accompanied by reorganization of penile communities into structured types previously linked to infection risk, highlighting puberty as a potential window for interventions that promote protective adult microbiota and improve lifelong sexual and reproductive health. The human penis hosts complex bacterial communities that can influence inflammation, infection risk, and sexual health, but little is known about how these communities form early in life or whether they contribute to childhood foreskin inflammatory disorders. We combined 16S rRNA sequencing with quantitative microscopy to investigate the penile microbiota in boys and its relationship to pathological phimosis, a common condition marked by foreskin scarring. We found that phimosis is associated with infiltration of T cells and dendritic cells, indicating an adaptive immune process, but with no associations with specific bacteria. We also show that penile microbiota reorganize during puberty into structured community types previously linked to HIV and sexually transmitted infection risk. These findings suggest that childhood pathologic phimosis is mediated by adaptive immune responses rather than driven by specific bacterial communities and identify puberty as a critical period for shaping adult penile microbiota, with implications for lifelong genital health.",mSphere
41913928,Evidence from a broad-range PNA probe links several <i>Prevotella</i> species to bacterial vaginosis.,"Bacterial vaginosis (BV) is the most prevalent vaginal infection among reproductive-age women. It is associated with multiple adverse health outcomes in women including adverse pregnancy outcomes, an increased risk of pelvic inflammatory disease, infertility, and an increased risk of HIV and other sexually transmitted infections. BV is characterized by an imbalance in the vaginal microbiota, namely a decrease in protective <i>Lactobacillus</i> species and an overgrowth of facultative and strict anaerobic bacteria, leading to the development of a polymicrobial biofilm. Despite extensive research, the etiology of BV remains unclear, and its pathophysiology is not fully understood. It has been hypothesized that <i>P. bivia</i>, in combination with <i>Gardnerella</i> spp., plays an important role in the early development of the BV biofilm. We previously developed a peptide nucleic acid (PNA) probe specifically targeting <i>P. bivia</i> to investigate its role as a potential early colonizer. However, our recent findings have raised doubts about the specificity of this association, suggesting a broader involvement of other <i>Prevotella</i> species in incident BV (iBV). A new PNA probe targeting <i>Prevotella</i> spp. 23S rRNA was developed compared to the existing <i>P. bivia</i>-specific probe. This new probe was optimized <i>in vitro</i> through a variation of hybridization temperatures and times. Its performance was evaluated using a collection of 28 <i>Prevotella</i> strains representing 24 different species and 38 non-<i>Prevotella</i> spp. typically found in BV in order to assess its sensitivity and specificity. Both probes were tested on vaginal swab specimens from women with and without BV to assess the bacterial count and detection of <i>Prevotella</i> species. <i>In vitro</i> validation demonstrated that the new <i>Prevotella</i> spp. probe achieved a specificity of 100% and sensitivity of 96%. As expected, its broader detection allowed identification of a wider range of <i>Prevotella</i> spp. compared to the <i>P. bivia</i>-specific probe, which was intentionally restricted to a single species. Application to clinical specimens revealed that the new probe identified a significantly higher count of <i>Prevotella</i> spp. in 6/9 (66.6%) BV-positive specimens compared to the <i>P. bivia</i>-specific probe. In 2/9 (22.2%) healthy control specimens, greater <i>Prevotella</i> spp. detection was also observed. Our findings suggest that the involvement of <i>Prevotella</i> spp. in BV extends beyond <i>P. bivia</i>, implicating a wider range of species which could be present in the polymicrobial BV biofilm. The broader specificity of this new <i>Prevotella</i> spp. probe provides a valuable tool for future research on the vaginal microbiome and the pathogenesis of BV.",PeerJ
42166223,<i>Sneathia vaginalis</i> and <i>Sneathia sanguinegens</i> elicit conserved inflammatory responses in a human 3D cervical cell model.,"<i>Sneathia</i> species are emerging pathogens associated with adverse gynaecologic, obstetric and neonatal sequelae, including bacterial vaginosis, preterm birth, chorioamnionitis, non-gonococcal urethritis and HPV-mediated cervical carcinogenesis. Yet, their pathogenicity is poorly understood due to their fastidious nature. Here, we conducted infection assays using multiple strains of <i>Sneathia vaginalis</i> and <i>Sneathia sanguinegens</i> to evaluate host responses in an <i>in vitro</i> 3D organotypic model of the human cervix. We profiled a broad array of proteins, including antimicrobial peptides, cytokines, growth factors, mucins, matrix metalloproteinases and proteins related to apoptosis and cellular stress. Both <i>Sneathia</i> species induced similar pro-inflammatory signatures. Notably, all strains robustly induced IL-6 and IL-8/CXCL8 (<i>P</i> from 0.02 to <0.0001), which are clinical markers associated with preterm birth, vaginal dysbiosis and cervical carcinogenesis. Most strains also induced the two chemokines IP-10/CXCL10 and MIP-3<i>α</i>/CCL20. Conversely, no significant induction of matrix metalloproteinases or apoptosis-related proteins was observed. Furthermore, co-infection with both species elicited similar cytokine patterns with no synergistic effects observed. Collectively, investigation of multiple strains confirms that both <i>Sneathia</i> species trigger a conserved immune-mediated response. This reveals a shared pathogenic mechanism that represents a potential pathway toward adverse gynaecologic and obstetric outcomes.","Microbiology (Reading, England)"
41886233,Vaginal Probiotic Potential of the Nomadic Species Limosilactobacacillus fermentum Under Dysbiotic Vaginal Conditions: Population Genomic Insights and Anti-Pathogenic Efficacy of a Vaginal Isolate VL9.,"Vaginal disorders are prevalent health concerns primarily driven by vaginal dysbiosis, yet antibiotic treatment often leads to recurrence and disruption of the vaginal microbiota. Probiotic therapy is promising, but current development focuses mainly on host-adapted species, which are reported to be sensitive to dynamic vaginal pH and nutrient. To broaden the candidate repertoire, we investigated whether Limosilactobacillus fermentum, a “nomadic” species that transitions between hosts and environments, could serve as a vaginal probiotic. We conducted a population-scale genomic evaluation of the vaginal probiotic potential of L. fermentum (211 public genomes and 2 vaginal isolates) and confirmed its nomadic genomic features: an open pangenome, larger genome size and GC content, and a lack of geographic- or source-specific clustering in the phylogenetic tree. Functional annotation identified 35 core genes associated with vaginal probiotic traits, 9 KEGG pathways enriched in metabolism and 51 CAZyme subfamilies. Virulence and antibiotic resistance genes were rare. A representative strain, VL9, isolated from a healthy vagina, was validated in vitro, exhibiting robust growth across pH 3–7, stable lactic acid production (13.0 g/L in nutrient-rich medium and 5.4 g/L in oligotrophic medium), high cell surface hydrophobicity (> 95%), and broad inhibition against 14 of 15 pathogens, with > 98% growth inhibition at 104–106 CFU/mL against Candida albicans. VL9 also exhibited low MICs to 11 antibiotics (≤ 4 µg/mL) and non-hemolytic activity. Our findings provide insight into broadening candidate species for vaginal probiotics and position VL9 as a potential strain for further validation.",Probiotics and antimicrobial proteins
41589020,Bacterial vaginosis: advancing insights into microbial dysbiosis.,"Bacterial vaginosis (BV), first identified in the 1950s, is a common vaginal condition characterized by a thin, homogeneous discharge with a fishy odor and minimal inflammation. Its high recurrence rate and associated complications pose significant challenges to patients' physical and mental health. Untreated, BV can result in severe outcomes, including pelvic inflammatory disease and adverse pregnancy complications. A comprehensive understanding of BV's diagnostic criteria, complications, drug resistance, and treatment strategies is essential for improving patient care. This review examines the vaginal microbiome, emphasizing the protective role of healthy flora through physical and immunological mechanisms. Key diagnostic methods, including Amsel's criteria, the Nugent scoring system, BV Blue test, qPCR, and advanced techniques like 16S rRNA sequencing, are discussed. The review also explores the adverse outcomes of BV, such as increased risk of sexually transmitted infections, pregnancy-related complications, and social and psychological impacts. Finally, we highlight advancements in treatment, focusing on polymicrobial biofilms and combination therapies. Emerging approaches include standard antibiotics, probiotics, biofilm-targeting strategies, hormone replacement therapy, and partner treatment. This review underscores the importance of maintaining vaginal microbial balance and offers a detailed perspective on BV's mechanisms, diagnosis, and therapeutic innovations.",Critical reviews in microbiology
42129616,Dietary Secoisolariciresinol Diglucoside Alleviates Polycystic Ovary Syndrome in Rats Through Inhibiting Inflammation and Modulating Gut/Vaginal Microbiota.,"Polycystic ovary syndrome (PCOS) is an endocrine-metabolic disorder characterized by hyperandrogenism, anovulation, and polycystic ovaries, and it is frequently associated with low-grade inflammation and microbiota dysbiosis. Secoisolariciresinol diglucoside (SDG), a flax-derived polyphenol, exhibits estrogenic and anti-inflammatory properties. This study explored the therapeutic potential of dietary SDG in a rat model of PCOS. Female Sprague-Dawley rats were divided into four groups: control, model, SDG-treated control, and SDG-treated model. After 3 weeks of PCOS modeling, dietary SDG was administered for 8 weeks. Samples were collected after the intervention for subsequent analyses. SDG improved estrous cyclicity, ovulation, ovarian morphology, and sex hormone balance. It reduced obesity, dyslipidemia, insulin resistance, and oxidative stress. Inflammation was alleviated through reductions in interleukin (IL)-1β, IL-6, monocyte chemoattractant protein-1, and tumor necrosis factor-α, along with an elevation in IL-10. SDG increased splenic regulatory T cells and intestinal γδT cells while reducing ovarian and peritoneal macrophages. Gut microbiota composition was reshaped, with increased abundances of Bifidobacterium, Butyrivibrio, and Ruminiclostridium, and decreased abundances of Bacteroides and Parasutterella. Vaginal microbiota composition improved, as indicated by increased Lactobacillus and decreased Enterobacteriaceae. Plasma lipopolysaccharide levels decreased, whereas short-chain fatty acids increased. Metabolomic analysis highlighted alterations in histidine metabolism. SDG ameliorates PCOS by suppressing inflammation and modulating gut and vaginal microbiota.","Endocrinology and metabolism (Seoul, Korea)"
40510586,Integrative Analysis of Shared Pathogenic Genes and Potential Mechanisms in <i>Gardnerella vaginalis</i> and Persistent HPV16 Infection.,"Bacterial vaginosis, often accompanied by <i>Gardnerella vaginalis</i> (GV) overgrowth, is associated with persistent high-risk human papillomavirus (HR-HPV) infection, particularly HPV16. This study integrated transcriptomic data from in vitro GV infection experiments and a GEO dataset (GSE75132) of HPV16 persistence to elucidate shared pathogenic mechanisms. Differential expression analysis identified 4115 genes modulated by GV infection and 861 by HPV16 persistence, with 74 common differentially expressed genes (DEGs) displaying consistent trends. Enrichment analyses revealed that these DEGs participate in metabolic pathways, immune defense, host-pathogen interactions, and carcinogenesis. Protein-protein interaction networks and Random Forest (RF) feature selection pinpointed radical S-adenosyl methionine domain containing 2 (RSAD2) and Interferon-induced protein with tetratricopeptide repeats 1 (IFIT1) as central hub genes. Upstream transcription analysis identified the homer_AGTTTCAGTTTC_ISRE motif and established a ceRNA network involving hsa-miR-654-5p, IFIT1/RSAD2, and lncRNAs. Mendelian randomization (MR) and colocalization analyses linked RSAD2 downregulation to an increased risk of cervical carcinoma in situ (rs2595163, PPH4 = 0.62), while ROC analysis demonstrated strong diagnostic potential for the combined hub gene expression. Notably, single-cell transcriptomics revealed distinct RSAD2 and IFIT1 expression patterns in immune and epithelial cells during the progression from HPV infection to cervical cancer. Collectively, these findings support RSAD2 and IFIT1 as promising biomarkers and therapeutic targets for HPV-related cervical lesions.",Mediators of inflammation
41577072,"The reproductive tract microbiome and female fertility: dysbiosis, disease links, and emerging therapeutic strategies.","The reproductive tract microbiome plays a pivotal role in female fertility, with Lactobacillus-dominated communities maintaining a protective, low-pH environment. Dysbiosis-characterized by a reduction in Lactobacillus species and overgrowth of anaerobes-is associated with adverse outcomes. Chronic endometritis frequently involves diminished Lactobacillus species and colonization by pathogenic microbes such as Gardnerella and Escherichia, and antibiotic treatment may restore eubiosis and has been reported to improve implantation rates. Recurrent implantation failure is often linked to non-Lactobacillus-dominated endometrial microbiota, which can be partially normalized through combined antibiotic and probiotic interventions. In polycystic ovary syndrome, gut dysbiosis-marked by low microbial diversity, reduced short-chain fatty acid-producing bacteria, and increased lipopolysaccharide-producing Gram-negative species-correlates with both metabolic and reproductive dysfunction. Dietary fiber, probiotics, and metformin may help reestablish microbial balance. Patients with endometriosis and adenomyosis tend to harbor high-diversity reproductive tract microbiota with decreased Lactobacillus abundance, potentially exacerbating inflammatory pathways. During pregnancy, a Lactobacillus-rich vaginal microbiota is associated with lower risks of miscarriage and preterm birth, whereas bacterial vaginosis-like, high-diversity communities are linked to increased risks. Emerging therapies-including antibiotics, vaginal probiotics, and vaginal microbiota transplantation-aim to restore eubiosis and improve reproductive outcomes. Collectively, this review highlights the impact of dysbiosis on fertility and summarizes emerging therapeutic strategies to optimize reproductive success.",Fertility and sterility
41691585,"Microbiome, Human Papillomavirus and Cervical Carcinogenesis.","The microbiome describes the collection of genes derived from microorganisms that live in body systems. After the discovery of Lactobacilli as important for vaginal health, the vaginal microbiome was initially binarily classified into healthy or bacterial vaginosis (BV), before being further explored using 16S sequencing and the development of community state types (CST) by Ravel et al. There are a plethora of studies describing the vaginal microbiome composition in relation to cervical disease outcomes, more specifically human papillomavirus infection and persistence, cervical preinvasive and invasive disease. While there is some conflicting evidence, the general consensus is that Lactobacillus spp., in particular Lactobacillus crispatus or CST I, is associated with healthy status, and BV, CST IV and Lactobacillus depletion are associated with cervical intraepithelial neoplasia. What constitutes a 'normal' vaginal microbiome is not clear; in Ravel's study, around a quarter of women had CST I, and a quarter had CST IV. Although directionality is not established, mechanistic studies suggest immunomodulation and support biological plausibility. More recently, prebiotics and probiotics have been studied and there is some emerging evidence that this may be associated with increased clearance of cytological abnormalities. Important future work includes larger longitudinal studies, patient-derived organoids to examine causality and mechanistic insights, and development and trial of novel therapeutic treatments.",Current topics in microbiology and immunology
41157277,Vaginal Microbiome and Functional Pathway Alterations in Preterm Premature Rupture of Membranes Revealed by 16S rRNA Sequencing.,"Preterm prelabor rupture of membranes (PPROM) is a leading cause of preterm birth and significant neonatal morbidity. The vaginal microbiome is implicated in its pathogenesis, but its detailed characteristics and functional consequences remain to be fully elucidated. This study aimed to provide a comprehensive, multi-faceted analysis of the vaginal microbiome and its functional potential in pregnant women with PPROM compared to healthy term controls. We collected vaginal fluid samples from eight PPROM and seven healthy control (HC) pregnant women. The vaginal microbiome was analyzed using 16S rRNA gene sequencing. We assessed community composition and state types (CSTs), alpha and beta diversity, co-occurrence networks, and predicted functional pathways using PICRUSt2. A molecular bacterial vaginosis (molBV) score was also calculated to determine the clinical relevance of the dysbiosis. The PPROM microbiome was characterized by a significant depletion of <i>Lactobacillus crispatus</i>-dominated communities (CST I) and a shift towards <i>L. iners</i>-dominated (CST III) or polymicrobial (CST IV) communities, which was consistent with a BV-positive molBV score. Alpha diversity was significantly higher in the PPROM group, and beta diversity analysis confirmed a distinct microbial structure between the two groups. Co-occurrence network analysis revealed a collapse of the protective, <i>Lactobacillus</i>-centered network in the PPROM group, which was replaced by a densely interconnected network of anaerobic bacteria with <i>Gardnerella vaginalis</i> as a key hub. Functionally, the PPROM microbiome was enriched for amino acid biosynthesis pathways, in contrast to the HC group, which was enriched for nucleotide and peptidoglycan biosynthesis. PPROM appears to be linked with a complex vaginal dysbiosis that encompasses significant alterations in microbial composition, diversity, interactions, and functional potential. These findings highlight the vaginal microbiome as a critical factor in the pathogenesis of PPROM and suggest its potential for risk stratification and as a therapeutic target to improve pregnancy outcomes.","Life (Basel, Switzerland)"
42039845,Exploring the molecular crosstalk between the sex steroids drospirenone and ethinylestradiol with vaginal lactobacilli.,"The vaginal microbiota, dominated by the genus <i>Lactobacillus</i> spp., plays a crucial role in maintaining vaginal homeostasis and protecting against infection through lactic acid production, antimicrobial compound secretion and competitive exclusion of pathogens. Although hormonal fluctuations are known to influence microbial composition, the molecular mechanisms underlying these interactions remain largely unexplored. The aim of this study was to investigate the direct effects of the synthetic sex hormones drospirenone and ethinylestradiol, key components of hormonal contraceptives, on representative vaginal <i>Lactobacillus</i> species. Representative <i>Lactobacillus</i> species associated with different vaginal Community State Types (CSTs) were exposed to drospirenone and ethinylestradiol under simulated vaginal conditions. Lactobacilli responses were assessed using growth assays and RNA-seq transcriptome profiling to evaluate species-specific transcriptional changes following hormonal exposure. Among the tested strains, <i>Lactobacillus crispatus</i> PRL2021 showed the most pronounced transcriptomic modulation. In this strain, hormone treatment led to the upregulation of genes involved in cell wall biosynthesis, amino acid and carbohydrate metabolism, and stress adaptation. Specifically, expression of the histidine kinase gene <i>sasA_1</i>, part of a two-component regulatory system potentially involved in environmental sensing, was induced. Additionally, the <i>ribBA</i> and <i>ribE</i> genes, predicted to be involved in riboflavin biosynthesis and associated with antioxidant defense and mucosal protection, were upregulated. These findings demonstrate that drospirenone and ethinylestradiol can directly modulate bacterial gene expression, revealing a previously underinvestigated molecular crosstalk between host endocrine signals and the vaginal microbiota. This interaction may contribute to the maintenance of vaginal eubiosis and has potential implications for the development of microbiome-targeted strategies to support women's health. Further studies are needed to elucidate the broader functional consequences of hormone-microbiota interactions and their clinical relevance.",Frontiers in microbiology
42006551,Induction of Human β-Defensin-2 by Vaginal <i>Lactobacillus crispatus</i> Strains in Vaginal Epithelial Cells Correlates With Their Adhesion Abilities.,"The human vaginal microbiota is dominated by lactobacilli, with <i>Lactobacillus crispatus</i> associated with reproductive health. Human β-defensin-2 (HβD-2), a vaginal fluid antimicrobial peptide, correlates with spontaneous births. However, their relationships remain poorly understood. We identified <i>L. crispatus</i> strains that stimulate vaginal epithelial cells to secrete HβD-2. Human vaginal epithelial cells VK2/E6E7 were co-incubated with live or heat-killed <i>L. crispatus</i> or <i>L. gasseri</i> strains. Complementary DNA was synthesized from cellular RNA, and <i>HβD2</i>, <i>IL8</i>, <i>TNFα</i>, and <i>MUC1</i> mRNA levels were quantified by quantitative PCR. HβD-2 levels were measured using ELISA. Adherent <i>Lactobacillus</i> cells on VK2/E6E7 were stained with DAPI, and bacterial cell count was determined using a fluorescence microscope. Two <i>L. crispatus</i> strains, HMS-115 and HMS-122, significantly increased <i>HβD2</i> mRNA expression in VK2/E6E7 cells. The remaining eighteen strains showed <i>HβD2</i> mRNA levels comparable to those of the Dulbecco's phosphate-buffered saline control group. This increase in <i>HβD2</i> mRNA expression correlated with each strain's adhesion ability towards VK2/E6E7 cells. Heat inactivation of <i>L. crispatus</i> cells did not impair HMS-115's ability to enhance <i>HβD2</i> mRNA and protein expression, nor did it affect its adherence properties. Furthermore, incubation with live HMS-115 cells induced pro-inflammatory cytokine gene expression in VK2/E6E7 cells; however, heat-killed cells did not. Only <i>L. crispatus</i> strains HMS-115 and HMS-122 stimulated HβD-2 production in vaginal epithelial cells. This ability correlated with the adhesion capacity of the <i>Lactobacilli</i> to vaginal epithelial cells, regardless of bacterial viability. Thus, the beneficial effects of <i>L. crispatus</i> strains may include promoting HβD-2 production.Lay SummaryHuman β-defensin-2 (HβD-2) is a vaginal fluid antimicrobial peptide whose levels correlate with spontaneous births. In this study, we assessed <i>HβD2</i> mRNA levels in vaginal epithelial cells after incubation with various <i>L. crispatus</i> or <i>L. gasseri</i> strains. We found that the <i>L. crispatus</i> strains HMS-115 and HMS-122 stimulated HβD-2 production in vaginal epithelial cells. The ability to promote HβD-2 production in these cells correlated with strong adherence to vaginal epithelial cells. Therefore, the beneficial effects of <i>L. crispatus</i> strains may also include promoting HβD-2 production.",Open forum infectious diseases
41803472,Lactic acid bacteria isolated from mammalian feces exhibit distinct diversity and probiotic traits.,"Lactic acid bacteria (LAB) play an essential role in mammalian gut health and are promising candidates for probiotic use. In this study, we have identified LAB isolated from fecal samples of bats, calves, cats, or piglets or from the vaginal mucosa or teat skin of a lactating sow. Specifically, we identified 98 lineages belonging to the phyla Bacillota, Pseudomonadota, or Actinomycetota. Enterococcus faecalis was the only species common to all mammal groups. The LAB communities were functionally different depending on the host they originated from. Caenorhabditis elegans fed with Lactiplantibacillus plantarum PA27 lived 42.9% longer than C. elegans fed with Escherichia coli OP50. Additionally, C. elegans worms fed with L. plantarum PA17 or PA19 had longer body length than C. elegans worms fed with E. coli OP50. L. plantarum PA17, PA19, and PA27, isolated from piglets, were selected to evaluate how the signaling pathway (DAF-16/FOXO) was modulated during regulation of oxidative and thermal stress-related genes (sod-3, hsp-16.2, and gcs-1). The proportion of C. elegans with nuclear DAF-16 increased among worms fed with L. plantarum PA17, PA19, or PA27 (40% to 96%) compared to worms fed with the E. coli OP50 control (22%). The sod-3 and gcs-1 genes were more expressed in C. elegans fed with L. plantarum PA27. These results highlight that LAB isolated from mammals are potentially effective probiotics that can modulate responses to oxidative stress by activating the DAF-16/FOXO pathway, which promotes gut health and longevity.",World journal of microbiology & biotechnology
41970131,Sensitivity and Specificity of Bacterial Vaginosis Rapid Test Kit in Diagnosing Bacterial Vaginosis: A Prospective Observational Study.," Bacterial vaginosis (BV) is the most common cause of abnormal vaginal discharge among women of reproductive age and results from disruption of the normal vaginal microbiota. It is associated with adverse gynecological and obstetric outcomes, underscoring the need for early and accurate diagnosis. Conventional diagnostic methods require microscopy and laboratory expertise, limiting their applicability in resource-constrained settings. The present study aimed to evaluate the sensitivity and specificity of the BV rapid test kit, primarily based on vaginal pH detection, in diagnosing bacterial vaginosis among symptomatic women. This prospective observational study was conducted over 18 months from June 2024 to December 2025 at Shri B.M. Patil Medical College Hospital and Research Centre, Vijayapura. A total of 285 married women aged 18-45 years presenting with complaints of vaginal discharge were included. Vaginal swabs were collected for the BV rapid test kit analysis and Papanicolaou (Pap) smear examination. Vaginal pH was measured using the test kit, and a pH value ≥4.6 was interpreted as suggestive of bacterial vaginosis according to the manufacturer's protocol. Pap smear findings were considered the reference standard for evaluating diagnostic performance. Sensitivity, specificity, positive predictive value, negative predictive value, and overall diagnostic accuracy were calculated. Out of 285 married women, the mean age of the participants was 34.78 ± 6.66 years. Pap smear examination revealed infective pathology in 115 (40.4%) women, including bacterial vaginosis in 85 (29.8%) and candidiasis in 30 (10.5%). Elevated vaginal pH (≥4.6) was observed in 114 (40.0%) participants and demonstrated a statistically significant association with infective pathology (p < 0.001). The BV rapid test kit showed a sensitivity of 73.91% and a specificity of 82.94%. The positive predictive value and negative predictive value were 74.56% and 82.46%, respectively, with an overall diagnostic accuracy of 79.30%.  The BV rapid test kit demonstrated moderate sensitivity and good specificity in detecting bacterial vaginosis among symptomatic women. Its rapid turnaround time, ease of use, and minimal infrastructure requirements make it a practical adjunct screening tool, particularly in settings where microscopy-based methods are not readily available. Incorporating point-of-care testing may facilitate timely treatment initiation and potentially reduce complications associated with untreated bacterial vaginosis.",Cureus
42275112,Preparation and evaluation of mucoadhesive vaginal tablets containing probiotic Lactobacillus gasseri strains isolated from the vaginal microbiota.,"Probiotics are widely used to restore microbiota balance and prevent dysbiosis. In this study, the aim was to develop mucoadhesive vaginal tablets containing probiotic Lactobacillus gasseri H14 and H15 strains, representing low and high exopolysaccharide (EPS) producers, respectively, and isolated from the vaginal microbiota of healthy women. Mucoadhesive polymers were employed to prolong the residence of lactobacilli on the vaginal epithelium, thereby facilitating colonization. To preserve bacterial viability and minimize the adverse effects of the tableting process, lyophilization was applied before direct compression. Tablets were prepared using different mucoadhesive polymers, including polyacrylic acid, sodium alginate, and hydroxypropyl methylcellulose (HPMC). The influence of EPS production levels of L. gasseri H14 and H15 strains, and polymer type on bacterial adhesion was assessed using HeLa cell assays, while bacterial viability was determined by colony counts. In vitro release of bacteria from compressed tablets was evaluated under static conditions. Among the strains, L. gasseri H15 was identified as the most suitable candidate due to its high post-lyophilization viability and strong adhesion to epithelial cells. Considering swelling, disintegration, and mucoadhesive properties, HPMC was selected as the optimal excipient. Overall, the findings demonstrated that lyophilization and tableting with mucoadhesive polymers did not impair the adhesion capacity of L. gasseri H15 to epithelial cells. A stable vaginal solid dosage form containing viable probiotic bacteria was successfully developed, preserving their functional adhesion properties.",Journal of applied microbiology
42072412,The Role of Endometrial Microbiota in the Pathogenesis of Chronic Endometritis: A Systematic Review and Meta-Analysis.,"<b>Background:</b> Chronic endometritis (CE) is a subtle, often asymptomatic endometrial inflammation marked by CD138<sup>+</sup> plasma cell infiltration and linked to recurrent implantation failure (RIF), recurrent pregnancy loss (RPL), and unexplained infertility. Emerging evidence implicates endometrial microbiome dysbiosis in CE. <b>Objective:</b> To systematically review and conduct meta-analysis on the association between CE and endometrial microbiome alterations and their reproductive implications. <b>Methods:</b> We searched MEDLINE, Embase, Web of Science, Scopus, Cochrane CENTRAL, and Google Scholar for studies diagnosing CE via CD138 immunostaining, assessing microbiota with molecular techniques. Data extraction, quality assessment, and meta-analysis were performed. <b>Results:</b> Twenty-two studies including 4022 women were analyzed. CE was associated with reduced prevalence of <i>Lactobacillus</i>-dominated microbiota and increased detection of non-<i>Lactobacillus</i> species, particularly <i>Streptococcus</i> spp., <i>Enterococcus</i> spp., <i>Escherichia coli</i>, <i>Staphylococcus</i> spp., <i>Ureaplasma</i> spp., and <i>Gardnerella vaginalis</i>. In the meta-analysis (2947 women), <i>Enterococcus</i> spp. and <i>Ureaplasma</i> spp. were significantly more prevalent in women with CE, whereas <i>Streptococcus</i> spp., <i>E. coli</i>, <i>Staphylococcus</i> spp. and <i>G. vaginalis</i> showed non-significant trends. Only <i>E. coli</i> and <i>Streptococcus</i> spp. showed significant heterogeneity between-studies. <b>Conclusions:</b> CE is linked to microbial dysbiosis with reduced <i>Lactobacillus</i> dominance and enrichment of potentially pathogenic taxa, notably <i>Enterococcus</i> and <i>Ureaplasma</i> spp. These findings suggest that the endometrial microbiome contributes to chronic inflammation and adverse reproductive outcomes, yet heterogeneity and limited evidence call for standardized diagnostics and robust trials before clinical implementation.",Biomedicines
41830530,Mechanisms and Therapeutic Implications of Microbiome-Mediated Immune Dysregulation in Recurrent Pregnancy Loss and Implantation Failure.,"Recurrent pregnancy loss (RPL), defined as two or more consecutive pregnancy losses before 20 weeks of gestation, affects 1%-5% of couples of reproductive age worldwide. Growing evidence indicates a role for the microbiome in reproductive health, particularly in unexplained RPL. Based on a review of literature from PubMed, EMBASE, and Web of Science databases from January 2020 to September 2025, this comprehensive overview explores the current understanding of the link between microbiome dysbiosis and RPL. Microbiome dysbiosis, especially a reduction in Lactobacillus dominance and increased diversity, is strongly linked to RPL across multiple reproductive sites. RPL is associated with the loss of protective Lactobacillus crispatus and a higher presence of potentially harmful bacteria, including Gardnerella vaginalis and Atopobium vaginae. An altered gut microbiome, particularly with lipopolysaccharide-producing gram-negative bacteria, contributes to systemic inflammation and immune dysfunction by disrupting maternal-fetal immune tolerance. The microbiome-immune axis is essential for establishing maternal-fetal tolerance, with dysbiosis promoting pro-inflammatory Th1/Th17 responses while suppressing regulatory T cells. Multiple mechanisms connect microbiome dysbiosis to RPL, including local inflammation, systemic immune issues, disruption of maternal-fetal immune tolerance, molecular mimicry, and autoimmunity. The microbiome is a promising new target for RPL treatment, with personalized microbial profiling and targeted therapies showing potential to improve pregnancy outcomes. Clinical implementation requires standardized protocols, larger randomized controlled trials, and validation of microbiome-targeted interventions.","American journal of reproductive immunology (New York, N.Y. : 1989)"
42495144,Identification and functional characterization of lactic acid bacteria with probiotic potential for alleviating premenstrual syndrome symptoms.,"Premenstrual syndrome (PMS) is a relatively widespread disorder associated with cyclical hormonal oscillations and disruptions in microbial homeostasis, particularly involving β-glucuronidase -producing bacteria that facilitate estrogen reabsorption. This study aimed to isolate, identify and functionally characterize probiotic strains from the vaginal microbiota of healthy Korean women in order to evaluate their potential in mitigating PMS-associated pathophysiology. A total of 12 isolates, named as KVS strains, were evaluated for their probiotic potential, including antimicrobial, enzyme inhibitory, and anti-adhesive activities associated with PMS. These isolates were further evaluated for adhesion capacity, survival under acidic conditions, auto-aggregation ability, inhibition of β-glucuronidase activity, antimicrobial activity, and suppression of Gardnerella vaginalis adhesion to HeLa cells. Several KVS strains, such as KVS001, KVS002, KVS004, KVS006, and KVS008 showed strong probiotic potential, adhesion capacity, high auto-aggregation rates, and survival in acidic conditions. In addition, these strains showed high antimicrobial activity and significantly suppressed β-glucuronidase activity, suggesting a mechanism for reducing estrogen recirculation. Moreover, many isolates effectively inhibited G. vaginalis adhesion to HeLa cells, indicating strong potential to counteract dysbiosis-associated PMS triggers. Collectively, the findings identify multiple KVS strains as promising probiotic candidates with multifunctional mechanisms relevant to PMS alleviation, supporting their prospective development as health-functional foods or therapeutic agents targeting microbiome-mediated hormonal modulation.",Frontiers in microbiology
42485232,Postpartum compositional changes in bovine calf nasal and dam vaginal microbiota and concurrent D2Dx immune responses following prepartum betadine lavages.,"As interest in bovine reproductive tract microbial communities increases, there remains limited information on how the insult of parturition influences postpartum dam reproductive microbiota and early-life microbial development. The objective of this study was to characterize postpartum changes in dam vaginal microbiota and neonatal calf nasal microbiota following transient prepartum disruption of the dam vaginal microbiota using betadine lavages, and to evaluate concurrent systemic immune responses in dams and calves. Multiparous beef cows (n = 12) were randomly assigned to either betadine lavage (BLG; n = 7) or control (CON; n = 5) three weeks prior to the expected calving date, and dam vaginal swabs, calf nasal swabs, and blood were collected at 0 (+1), 15 (±1), 30 (±1), and 60 (±1) days postpartum. Samples from Angus cow-calf pairs (n = 12) underwent 16S rRNA gene sequencing with standard contamination controls and QIIME2 processing. Blood samples were analyzed using the D2Dx immunity assay to evaluate systemic humoral immune responses. Microbial alpha diversity (ANOVA), Bray-Curtis beta diversity (PERMANOVA), taxonomic composition (LEfSe), and D2Dx immune responses (repeated-measures mixed model) were analyzed (P < 0.05). In calves, treatment influenced nasal alpha diversity at day 0 (P = 0.03), while nasal beta diversity tended to differ at day 0 (P = 0.08); however, treatment effects were not detected at days 15, 30, or 60 for alpha diversity (P ≥ 0.76) or beta diversity (P ≥ 0.14). Calf nasal communities shifted over time (P = 0.001), with day 0 differing from days 15, 30, and 60, and beta diversity differing over time (P = 0.006). In dams, betadine lavage did not alter vaginal alpha diversity (P ≥ 0.42) or beta diversity (P ≥ 0.14) over time, and time did not affect vaginal alpha diversity (P = 0.60) while vaginal beta diversity tended to shift over time (P = 0.06). Post-partum dam vaginal and calf nasal communities differed compositionally regardless of time (P < 0.05). Systemic immune responses, measured via D2Dx scores, fluctuated postpartum in dams (day effect: P < 0.001) and calves (day effect: P < 0.001), with BLG calves tending toward decreased immune response compared with CON (P = 0.08). Prepartum betadine lavage minimally influenced neonatal nasal microbial diversity at birth and did not alter postpartum dam vaginal community structure, while calf nasal microbiota and D2Dx immune responses changed markedly over the first 60 days of life.",Journal of animal science
40138011,Unveiling shifts in cervical microbiota composition among Colombian women in the presence of Trichomonas vaginalis: a longitudinal study.,"Trichomonas vaginalis is a flagellated protozoan affecting human reproductive health. Although bacterial coinfections have been associated with T. vaginalis infection outcomes, pertinent data are scarce. This study was aimed at assessing vaginal bacterial community changes regarding T. vaginalis outcomes (infection, clearance, persistence) during patients' follow-up visits. This was a 1-year follow-up study involving Colombian women who provided two cytological scrapings from the cervix (one at baseline and another at follow-up), having an average 12 ± 1 month follow-up interval. T. vaginalis was detected by conventional PCR (Tvk3/7 and BTU9/2 primers). The Illumina Novaseq PE250-platform was used for assessing microbiota composition. This study involved 66 women (132 samples); 68.2% (n = 45) tested negative for T. vaginalis at baseline while 31.8% (n = 21) were initially diagnosed with T. vaginalis infection (99,304 amplicon sequence variants identified/categorised into 62 phyla and 1908 genera). Women who cleared T. vaginalis (n = 10) displayed increased microbial richness, while those having persistence (n = 11) had higher microbial diversity. Significant changes were observed regarding genus relative abundance: Lactobacillus abundance increased in the clearance group (p = 0.002), Prevotella in the persistence group (p = 0.045) and Gardnerella, Megasphaera and Sneathia in the group having acquired T. vaginalis infection (p = 0.045). Regarding relative abundance, logistic regression analysis revealed a positive trend concerning Sneathia increase (adjusted OR 2.23) and reduced Lactobacillus abundance (adjusted OR 0.39) in women with T. vaginalis persistence. DESeq analysis revealed a substantial decrease in the Ornithinimicrobium genus among women without infection during follow-up, while Ruminococcus increased in women having various T. vaginalis outcomes. The results suggested that specific bacterial genera present during T. vaginalis infection may influence its clearance, having potential implications for improving diagnostic and therapeutic strategies for enhancing women's reproductive health.",Parasitology research
40406528,<i>Gardnerella</i> fibrinogen-binding protein as a candidate adherence factor.,"Bacterial vaginosis (BV), a form of vaginal dysbiosis, is associated with numerous adverse reproductive and obstetric outcomes. <i>Gardnerella</i> spp. are among the key bacteria identified in most BV cases. The formation of a polymicrobial <i>Gardnerella</i>-dominated biofilm on the vaginal epithelium is a characteristic diagnostic marker of BV. <i>Gardnerella</i> colonization and biofilm formation indicate a significant adhesion potential, the determinants of which remain unexplored. In this initial approach to identify <i>Gardnerella</i> adhesins, we analyzed the Cna protein located on the <i>G. vaginalis</i> ATCC 14018 cell surface as determined previously. Structure modeling of Cna (designated Grd Cna) revealed that the protein contains N2 and N3 domains with an immunoglobulin (IgG)-like fold, which shows structural homology to the corresponding domains in SdrD and UafA proteins of the microbial surface component recognizing adhesive matrix molecules (MSCRAMMs) family. A single B domain shares structural similarity with the corresponding domain of Sdr proteins. The R region is rich in PKD repeats, while the C-terminal contains a non-canonical LVNTG cell wall sorting motif. The <i>cna</i> gene was predominantly detected in <i>G. vaginalis</i> isolates but was absent in other commonly identified <i>Gardnerella</i> species isolates. The recombinant Grd Cna protein binds dose-dependently to human fibrinogen but does not interact with fibronectin or collagen types I, III, or IV. Cna-positive <i>G. vaginalis</i> cells adhered to immobilized fibrinogen; however, recombinant Cna did not inhibit this binding, suggesting that Cna may not be a major adhesin mediating <i>G. vaginalis</i> adherence to this ECM component.",Frontiers in cellular and infection microbiology
41609408,Narrow-spectrum drug repurposing: targeting Gardnerella vaginalis biofilms associated with bacterial vaginosis.,"Bacterial vaginosis (BV) is the most common vaginal disorder in women of reproductive age. Current therapies are limited by poor activity against biofilms and high recurrence rates (>50%), demonstrating that new antimicrobials are required. Drug repurposing is an attractive approach for the discovery of new antimicrobials, so we aimed to screen repurposed libraries for activity against the key BV pathobiont Gardnerella vaginalis. Two drug libraries from Medicines for Malaria Venture comprising 640 compounds were screened against G. vaginalis and various Lactobacilli species. Initial screening identified 16 G. vaginalis-selective compounds, of which 10 showed ≥90% inhibition of planktonic growth while sparing Lactobacillus crispatus. Subsequent assays revealed that three candidates displayed activity against pre-formed G. vaginalis biofilms; MMV1634360 (an antiproliferative compound with reported anticancer and antifungal activity), MMV1582487 (originally developed as an Escherichia coli aminopeptidase N inhibitor), and MMV1582497 (a thymidylate kinase inhibitor developed for Mycobacterium tuberculosis). All three produced >2-log reduction in viable cell counts at 10 µM (P < 0.05 for all compounds). Further cytotoxicity testing in VK2/E6E7 vaginal epithelial cells excluded MMV1634360 and MMV1582497 due to off-target effects, leaving MMV1582487 as a leading candidate. MMV1582487 demonstrated further activity against a high biofilm-forming G. vaginalis clinical isolate with >4log10 CFU/ml reduction in viable cell counts at 10 µM (P < 0.001), and synergy with existing antibiotic therapy. We demonstrate that MMV1582487 is a selective, non-cytotoxic, anti-biofilm candidate against G. vaginalis, supporting its potential as a novel therapeutic option for BV.",Journal of applied microbiology
41979905,Can <i>Saccharomyces cerevisiae</i> be used as a therapeutic agent for vulvovaginal candidiasis?,"Vulvovaginal candidiasis (VVC) is a highly prevalent fungal vaginal infection with a substantial impact on women's quality of life. Increasing evidence indicates that VVC pathogenesis is driven not only by high fungal burden but also by dysregulated host-immune responses, highlighting the need for therapeutic strategies that extend beyond conventional antifungal treatment. In this review, recent advances elucidating the antifungal and immunomodulatory properties of <i>Saccharomyces cerevisiae</i> in the context of (recurrent) VVC are critically examined. Evidence from <i>in vitro</i>, <i>ex vivo</i>, <i>in vivo</i>, and clinical studies is integrated to assess <i>S. cerevisiae</i>-mediated attenuation of <i>Candida</i> virulence, modulation of host inflammatory responses, and interactions with the vaginal microbiota. In addition, translational challenges, safety considerations, regulatory constraints, and the therapeutic potential of yeast-based combination strategies are discussed. <i>S. cerevisiae</i> treatment will play a role in both the prevention of recurrence/occurrence of <i>Candida</i> infections and the integration into combination regimens, where they can complement antifungal and host-directed therapies rather than function as standalone treatments. Future advances will depend on patient stratification, strain-specific optimization, and the integration of microbial therapies into combination treatment frameworks aimed at restoring and maintaining mucosal homeostasis.",Expert review of anti-infective therapy
40855409,Shallow shotgun metagenomic sequencing of vaginal microbiomes with the Oxford Nanopore technology enables the reliable determination of vaginal community state types and broad community structures.,"The vaginal microbiome plays an important role in female health; it is associated with reproductive success, susceptibility to sexually transmitted infections, and, importantly, the most prevalent vaginal condition in reproduction-age women, bacterial vaginosis (BV). Traditionally, 16S rRNA gene sequencing-based approaches have been used to characterize the composition of vaginal microbiomes, but shallow shotgun metagenomic sequencing (SMS) approaches, in particular when implemented with the Oxford Nanopore Technologies, have important potential advantages with respect to cost effectiveness, speed of data generation, and the availability of flexible multiplexing schemes. Based on a study cohort of n = 52 women, of which 23 were diagnosed with BV, we evaluated the applicability of Nanopore-based SMS for the characterization of vaginal microbiomes in direct comparison to Illumina 16S-based sequencing. We observed perfect agreement between the two approaches with respect to detecting the dominance of individual samples by either Lactobacilli, vaginosis-associated, or other taxa; very high concordance (92%) with respect to community state type (CST) classification; and a high degree of concordance with respect to the overall clustering structures of the sequenced microbiomes. Comparing the inferred abundances of individual species in individual samples, we observed significant differences (Wilcoxon signed-rank test p < 0.05) between the two approaches for 12 of the 20 species most abundant in our cohort, indicating differences in the fine-scale characterization of vaginal microbiomes. Higher overall abundance of Gardnerella vaginalis, associated with an increased number of CST IV detections, in the Nanopore shallow SMS data indicated potentially increased sensitivity of this approach to dysbiotic states of the vaginal microbiome. Nanopore shallow SMS also enabled the methylation-based quantification of different human cell types in the characterized samples as well as the detection of non-prokaryotic species, including Lactobacillus phage and Candida albicans in study participants with microscopically detected Candida. One important potential limitation of the evaluated Nanopore-based SMS approach was marked variation in sequencing yields. Our study demonstrated the successful application and potential advantages of Nanopore-based shallow SMS for the characterization of vaginal microbiomes and paves the way for its application in larger-scale research or diagnostic settings.",BMC microbiology
41620666,Diagnostic accuracy of an enzyme-based point-of-care test versus Nugent score for bacterial vaginosis among pregnant women attending routine antenatal care in Zambia.,"BACKGROUND: Bacterial vaginosis (BV) is associated with adverse pregnancy outcomes. OSOM® BVBlue® is a chromogenic point-of-care (POC) test that detects sialidase, an enzyme produced by Gardnerella vaginalis and some other anaerobic bacteria associated with BV. This study, part of the World Health Organization’s global ProSPeRo study, aimed to evaluate the performance of this POC test compared with the Nugent score reference standard among pregnant women in Zambia. Additionally, the operational characteristics and patient acceptability of the POC test were evaluated. METHODS: Pregnant women attending four health centres in Nchelenge, Zambia, for antenatal care between 15 February and 26 May 2023 participated. Clinician-collected vaginal swabs for OSOM® BVBlue® and Nugent scoring were obtained from each participant. POC test results were read independently by two staff members. Study staff completed a questionnaire on the operational characteristics of the POC test, whereas participants were asked about the length of time that they would be willing to wait for POC test results. RESULTS: Paired POC and reference test vaginal swabs from 999 participants were analysed. Overall, 23.1% (231/999) tested positive for BV by Nugent score. Overall sensitivity and specificity of OSOM® BVBlue® were 41.3% (95% confidence interval [CI] 25.4–59.2%) and 93.1% (95% CI 89.8–95.4%), respectively. Inter-rater agreement was 99.6% (Cohen’s Kappa 0.984). Most pregnant women, 97.9% (978/999), were willing to wait up to 20 min for a POC test result, and 59.2% (591/999) up to 30 min. Of 14 study staff members, all found the POC test easy to use and instructions clear, 13 felt the results were easy to interpret, with 12 reporting test results were available within 25 min. Cold-chain requirements and short shelf life were perceived as significant challenges. CONCLUSION: Overall, OSOM® BVBlue® yielded sub-optimal sensitivity. The findings from this study are valuable for the development of minimal and optimal product profiles for POC tests for BV. These profiles, in turn, may guide future research and development for this prevalent condition with important sexual and reproductive health consequences. Logistical challenges need to be addressed for effective implementation of POC testing in resource-limited settings. TRIAL REGISTRATION: PACTR202302766902029.",BMC infectious diseases
41804865,Inference for microbe-metabolite association networks using a latent graph model.,"Correlation networks are commonly used to infer associations between microbes and metabolites. The resulting $p$-values are then corrected for multiple comparisons using existing methods such as the Benjamini & Hochberg (BH) procedure to control the false discovery rate (FDR). However, most existing methods for FDR control assume the $p$-values are weakly dependent. Consequently, they can have low power in recovering microbe-metabolite association networks that exhibit important topological features, such as the presence of densely associated modules. We propose a novel inference procedure that is both powerful for detecting significant associations in the microbe-metabolite network and capable of controlling the FDR. Power enhancement is achieved by modeling latent structures in the form of a bipartite stochastic block model. We develop a variational expectation-maximization (EM) algorithm to estimate the model parameters and incorporate the learned graph in the testing procedure. In addition to FDR control, this procedure provides a clustering of microbes and metabolites into modules, which is useful for interpretation. We demonstrate the merit of the proposed method in simulations and an application to bacterial vaginosis.",Biometrics
42398974,Impact of mode of birth and perinatal antibiotics on infant gut microbiota and health: a systematic review and meta-analysis.,"To evaluate how the mode of birth and perinatal antibiotic exposure, independently and together, influence infant gut-microbiota composition, diversity and early health outcomes. Systematic review and meta-analysis conducted in accordance with Preferred Reporting Items for Systematic reviews and Meta-Analyses (PRISMA) 2020 and prospectively registered with PROSPERO (CRD42024536785). MEDLINE, Embase, Web of Science and Cochrane CENTRAL from inception to October 2024. Randomised controlled trials, cohort or case-control studies of healthy term infants comparing vaginal versus caesarean birth and/or perinatal antibiotic exposure, with microbiota analysed by sequencing within 12 months post-delivery. Eleven studies (n=5309 infants) were included, comprising ten prospective cohort studies and one randomised controlled trial across Europe, North America, Africa and Asia. Synthesis of six studies showed no statistically significant difference in bacterial abundance between vaginally delivered and caesarean-born infants (mean difference 3.44%, 95% CI -2.00 to 8.89; I² = 99%; very low certainty). Among antibiotic-exposed infants, the mean difference was -0.31% (95% CI -3.52 to 2.89), while among antibiotic-unexposed infants an exploratory trend towards higher bacterial abundance following vaginal delivery was observed. Narrative synthesis indicated consistent reductions in microbial diversity and depletion of Bacteroides and Bifidobacterium following caesarean birth or perinatal antibiotic exposure. Overall, caesarean delivery and perinatal antibiotic exposure were associated with differences in gut microbiota composition and diversity. Exclusive breastfeeding emerged as a modifying factor associated with partial restoration of microbial balance. This review, the first to integrate both delivery mode and perinatal antibiotic exposure within a single analysis, suggests a consistent directional pattern of association between these exposures and early microbial assembly, with exclusive breastfeeding mitigating some potential negative effects. Due to imprecision in estimates and inherent limitations of observational data, pooled differences were not statistically significant, and overall certainty of evidence was very low. Long-term clinical consequences remain uncertain, highlighting the need for further study. CRD42024536785.",BMJ paediatrics open
41817578,"Structural and functional characteristics of faecal, vaginal and colostrum microbiota in high-yielding sows.","Recent studies have highlighted the critical roles of the microbiota in faeces, vagina and colostrum in reproductive success and piglet development. Understanding the structural and functional dynamics of these microbial communities is essential for optimizing the health and productivity of high-yielding (HY) sows. This study aimed to characterize the structural and functional features of these microbial communities in HY sows (litter size>10 piglets) vs. low-yielding (LY) sows (≤10 piglets) and to explore their associations with sow performance and piglet health. Fifteen Yorkshire sows from each group were selected, and fresh faecal, vaginal mucus and colostrum samples were collected post-parturition. Microbial composition was analysed using 16S rRNA gene amplicon sequencing, and functional potential was predicted via PICRUSt2. Results showed that HY sows exhibited higher alpha diversity in vaginal and colostrum microbiota and greater community stability (higher neutral community model <i>R</i> <sup>2</sup> values) compared to LY sows. In faeces, HY sows were enriched with <i>Terrisporobacter</i> and <i>Romboutsia</i>, while depleted in <i>Ruminococcus</i>_<i>torques</i>_group. In the vagina, <i>Campylobacter</i> and <i>Peptoniphilus</i> were increased, whereas <i>Eubacterium</i>_<i>nodatum</i>_group decreased. In colostrum, <i>Lactobacillus</i>, <i>Bifidobacterium</i> and <i>Romboutsia</i> were enriched, with reduced <i>Peptostreptococcus</i>, indicating a more beneficial profile for neonatal health. Functional predictions revealed distinct metabolic profiles: HY faecal microbiota upregulated cysteine/methionine metabolism and porphyrin and chlorophyll metabolism; vaginal microbiota enhanced oxidative phosphorylation and thiamine metabolism; colostrum microbiota showed enrichment in monobactam and novobiocin biosynthesis, which is associated with antimicrobial activity and stress response. These findings demonstrate that HY sows harbour a more stable and functionally advantageous microbiome across multiple biological niches, which may contribute to superior reproductive performance and improved offspring health. The results provide a foundation for developing microbiome-targeted strategies to enhance productivity and welfare in commercial pig production.",Microbial genomics
42211651,Microbial community structure and source contribution to the early neovaginal microbiota following penile inversion vaginoplasty.,"The process of colonization of the neovagina in the first year after surgical creation is largely unknown. We characterized the microbiota of the donor tissue sites that formed the neovagina, of the gut and of the neovagina itself to evaluate the source of the neovaginal microbiota. Thirty transgender women assigned male at birth were included. Using <i>16S rRNA</i> sequencing and aerobic culture, we analyzed the penile, scrotal, urethral and rectal microbiota before surgery, and the neovaginal microbiota in the period of 2 to 13 months after vaginoplasty. Each of the sites was characterized by a specific microbiota. The neovagina was characterized by the second highest bacterial richness and diversity after the gut. The neovaginal microbiota was dominated by anaerobic bacteria of the phyla Firmicutes and Bacteroidota. The most abundant genera were <i>Prevotella</i>, <i>Peptoniphilus</i>, <i>Anaerococcus</i> and <i>Porphyromonas</i>. These genera, together with <i>Dialister</i>, <i>Finegoldia</i> and <i>Actinomyces</i> formed a neovaginal core microbiota, representing genera present in more than 50% of the samples, each with a minimum relative abundance of 1%. More than half of the neovaginal bacteria were not shared with the tissue sites that formed the neovagina. The site with the highest percentage of shared neovaginal Amplicon Sequence Variants (ASVs) was the gut, followed by the urethra. Complementary aerobic culturing showed that on average 38.7% of neovaginal bacterial species were shared with at least one other site. The early neovaginal microbiota is highly diverse, dominated by anaerobic bacteria and is distinct from the microbiota of the tissue sites that form the neovagina. As most neovaginal ASVs are unshared, this indicates that bacteria from other environments may colonize the neovagina in this early period after creation of this new environment. These findings suggest implications for neovaginal health, potentially informing studies on probiotic therapies to support the colonization of the neovagina with beneficial bacteria.",Frontiers in cellular and infection microbiology
42197398,The Impact of Endocrine Disruptor Exposure During Pregnancy on Bacterial Complications and Viral Infections: A Narrative Review.,"Endocrine-disrupting chemicals (EDCs) are a diverse group of environmental pollutants capable of interfering with hormonal and immune system regulation. In recent years, increasing concern has been raised about the effects of chemicals, including bisphenols, phthalates, per- and polyfluoroalkyl substances (PFAS), insecticides, and parabens, on maternal and fetal health, primarily due to their widespread exposure in human populations. Pregnancy represents a critical window characterized by tightly regulated hormonal and immunological adaptations. Emerging evidence suggests that EDC exposure during this period may alter maternal microbiota, disrupt immune responses, and interfere with endocrine signaling. These changes may increase susceptibility to bacterial and viral infections, including bacterial vaginosis, urinary tract infections, and intrauterine infections, all of which are associated with adverse pregnancy outcomes. This review summarizes the current evidence on the sources and mechanisms of exposure to endocrine disruptors during pregnancy and examines the potential biological pathways linking endocrine disruption to the development of infections. Particular emphasis is placed on the interactions between immune regulation, hormonal signaling, and changes in the microbiome, which may contribute to increased susceptibility to infections. A deeper understanding of these complex mechanisms is critical to improve risk assessment, develop effective public health strategies, and ultimately protect maternal and fetal health in an environment of increasing chemical exposure. A literature search was conducted using PubMed/MEDLINE, Scopus, and Web of Science, including studies published up to January 2026.",Microorganisms
42079116,An Observational Study of the Impact of Systemic B-cell Depletion on Cervicovaginal Mucosal Environment.,"Emerging data show that B-cell depleting chemotherapies, which are increasingly used to treat autoimmune disorders and multiple sclerosis, can be associated with mucosal side effects such as inflammatory vaginitis. Evaluate the impact of rituximab treatment on vaginal mucosal immune markers, endocervical immune cell populations and vaginal microbiome. Cross-sectional observational study conducted between 2022 - 2024. Academic medical center, Boston Massachusetts. We enrolled women aged >18 years who were either 1) receiving rituximab for autoimmune renal disease or were 2) healthy controls. Treatment with rituximab, an anti CD20 monoclonal antibody. We compared endocervical immune cell populations, vaginal fluid immune markers, vaginal fluid immunoglobulins and vaginal microbiome composition between individuals being treated with rituximab and healthy controls. We enrolled 26 women treated with rituximab for autoimmune renal disease and 26 healthy controls. Median circulating and endocervical B-cell and plasma cell proportions were significantly lower in treated participants compared to controls. Median vaginal fluid IgA concentrations were significantly lower in participants treated with rituximab, while ILE, IgM, IgG1, IgG2, IgG3 and IgG4 were not different between groups. Total T cell frequencies were similar between groups, but the proportion of activated T cells (CD4+CD38+HLADR+) was significantly lower in people treated with rituximab. Concentrations of IL10, IL13, IL17, IL21, IL23, IL4, ITAC and TNFa were elevated in vaginal fluid from the rituximab group, while IL-8 was lower. A CST-IV-C, low- <i>Lactobacillus</i> pattern of vaginal microbiota was more common in the rituximab group. Systemic B-cell depletion is associated with reduced vaginal fluid IgA, a more diverse microbiome composition, and increases in many vaginal fluid immune markers compared to healthy controls. The reduction in vaginal fluid IgA may provide opportunities for vaginal bacteria to induce inflammation. <b>Question:</b> How does circulating B-cell depletion impact the vaginal microenvironment?<b>Findings:</b> In this cross-sectional study of 52 women, B cell and plasma cell proportions were significantly lower in both blood and vaginal mucosa among rituximab-treated participants compared to healthy controls. Vaginal IgA concentrations, but not other immunoglobulins, were significantly lower in rituximab treated participants. In treated participants, vaginal cytokine concentrations were elevated, and microbiome composition shifted toward non- <i>Lactobacillus</i> -dominant communities. In six people with inflammatory vaginitis, both circulating and endocervical B cells were lowest in people with the most severe symptoms. <b>Meaning:</b> Systemic B cell depletion is associated with alterations in vaginal mucosal immune markers and microbiome composition which increase local inflammation.",bioRxiv : the preprint server for biology
39897482,"Prevalence and clinical correlates of <i>Gardnerella</i> spp., <i>Fannyhessea vaginae</i>, <i>Lactobacillus crispatus</i> and <i>L. iners</i> in pregnant women in Bukavu, Democratic Republic of the Congo.","<i>Gardnerella</i> is a key pathogen in bacterial vaginosis (BV), but the role of the different <i>Gardnerella</i> species remains unclear. We investigated the role of four <i>Gardnerella</i> species, as well as <i>Fannyhessea vaginae</i>, <i>Lactobacillus crispatus</i> and <i>L. iners</i> in BV. From 331 pregnant women from the Democratic Republic of the Congo, BV was diagnosed using Nugent scoring and a cervicovaginal lavage was used to quantify <i>G. leopoldii</i>, <i>G. piotii</i>, <i>G. swidsinskii</i>, <i>G. vaginalis, F. vaginae, L. crispatus and L. iners</i> by qPCR. Univariate associations between these species and clinical outcomes were assessed. A logistic regression model and ROC curves were calculated to determine the best diagnostic marker for BV. Here, <i>L. iners</i> (75.8%) was the most prevalent species and <i>G. vaginalis</i> (36.0%) the most common <i>Gardnerella</i> species. All investigated <i>Gardnerella</i> spp. were prevalent (50.9-57.9%) in women with (asymptomatic) BV. Univariate analysis revealed no significant associations with clinical symptoms of BV, while <i>F. vaginae</i> (positive Whiff test, high pH), <i>G. vaginalis</i> (high pH) and <i>L. crispatus</i> (low pH) were associated with signs of BV. <i>G. piotii</i> was associated with markers of urinary tract infection. Women with <i>L. iners</i> had higher odds of delivering preterm. ROC analyses showed that <i>F. vaginae</i> was the best marker for BV (AUC 0.81), and the combined model further increased the diagnostic performance (AUC 0.90). All <i>Gardnerella</i> species were involved in BV, although none were associated with the most important clinical symptoms of BV and none emerged as a superior molecular marker for BV.",Frontiers in cellular and infection microbiology
41226666,Disrupted Cervicovaginal Microbiota: Its Role in <i>Chlamydia trachomatis</i> Genital Infection and Associated Reproductive Outcomes.,"<i>Chlamydia trachomatis</i> (CT) remains the most commonly reported bacterial sexually transmitted infection (STI) globally, with particularly high incidence among adolescents and young adults. In Europe, CT cases have continued to rise over the past decade, despite ongoing public health efforts in prevention and screening. Screening coverage, however, remains inconsistent across countries. CT infections are often asymptomatic, especially in women, yet can lead to serious CT-related reproductive complications if left untreated, including pelvic inflammatory disease (PID), tubal factor infertility, and ectopic pregnancy. Emerging evidence highlights the cervicovaginal microbiota as a key factor influencing susceptibility to STIs, including CT infection, its progression, and associated outcomes. A <i>Lactobacillus</i>-dominated microbiota, particularly <i>L. crispatus</i>, is well-known to be a protective factor against CT acquisition, whereas vaginal dysbiosis, characterized by a depletion of these species and an overgrowth of anaerobes, such as <i>Gardnerella vaginalis</i>, <i>Atopobium vaginae</i>, and <i>Prevotella</i> spp., has been linked to increased CT acquisition risk, reduced immune control, and impaired infection resolution. Interaction between microbial communities and host immunity may modulate whether CT infections spontaneously clear, persist, or progress into pathological conditions. This review explores the natural history of CT genital infection in women, emphasizing the role of cervicovaginal dysbiosis in disease progression and reproductive sequelae. By integrating current knowledge about resident cervicovaginal microbes, host-microbe interaction, and CT-related reproductive outcomes, we discuss how microbiota-targeted strategies, including probiotic or microbiome-modulating strategies, may complement current CT prevention, diagnosis, and treatment approaches.",International journal of molecular sciences
41219703,Association of substance use and vaginal infection with UTI in adolescent pregnant patients: a retrospective study.,"Urinary tract infections in pregnant women, pose a global health concern, especially in adolescents due to their unique physiological changes. In Mexico, 18.5% of births occur in adolescent mothers, making it crucial to develop effective protocols for prevention, diagnosis, and treatment. Vaginal infections involving Gardnerella vaginalis and Candida albicans, create a pro-inflammatory environment conductive to the growth of Escherichia coli within the uroepithelium. Additionally, psychoactive substance use compromises the immune system, leading to infections acquisition. One hundred forty-four adolescent patients were enrolled between 8 and 20 weeks of gestation at the Instituto Nacional de Perinatología in Mexico City. Urine cultures were performed to detect UTI caused by E. coli. Phylogroup classification, clinical evaluation, and statistical analysis were conducted to assess risk factors and maternal/neonatal complications. Statistical correlation was found between UTI and infections due to G. vaginalis andC. albicans. Additionally, psychoactive substance use incremented risk of maternal UTI. This study highlights the strong association between some vaginal infection and UTI caused by E. coli. Furthermore, psychoactive substance use promotes the acquisition of infections. These findings emphasize the need for comprehensive healthcare for adolescent pregnant patients.",BMC pregnancy and childbirth
40838938,Genetic transformation of <i>Gardnerella</i> species and characterization of vaginolysin and sialidase mutants.,"Bacterial vaginosis (BV) is the most prevalent vaginal disorder in women of childbearing age and causes pregnancy complications, including preterm birth, amnionitis, and postpartum endometritis. BV also interferes with sexual health and increases stress. BV is a vaginal dysbiosis that occurs when <i>Lactobacillus</i> species are displaced by facultative and anaerobic bacterial species, including <i>Gardnerella, Prevotella, Fannyhessea, Sneathia, Megasphaera, Mycoplasma</i>, and others. Species of <i>Gardnerella</i> increase just prior to the onset of symptoms and are considered to play major roles in the development and transmission of BV. However, <i>Gardnerella</i> species have remained genetically intractable, limiting investigations of their virulence mechanisms. Here, we describe methods for genetic manipulation of <i>Gardnerella</i>. Through trial and error, we optimized methods for electrotransformation of <i>Gardnerella</i> and created methods for making mutations and complements. We mutated the gene for the toxin vaginolysin (<i>vly</i>) in <i>G. vaginalis</i> and the gene for sialidase <i>nanH3</i> in <i>G. pickettii</i>. A <i>vly</i> point mutant was tested in human cervix tissue and found to lack lytic activity. The <i>nanH3</i> mutant lost sialidase and mucus degradation activity. Overall, this genetic toolkit opens a door for molecular characterization of <i>Gardnerella</i> and its mechanisms in BV.",Infection and immunity
42233652,Role of the penile microbiome in female sex partner risk of bacterial vaginosis and sexually transmitted infections: a narrative review.,"SUMMARYThe penile microbiome (PMB) can be dominated by skin-associated bacteria (e.g., <i>Corynebacterium</i>, <i>Staphylococcus</i>, and <i>Streptococcus</i>) or by anaerobic bacteria that are associated with bacterial vaginosis (BV), and is influenced by male circumcision status, female partner vaginal microbiome (VMB), BV status, condom use, and antibiotic use. Penile bacteria that are associated with BV and genital mucosal inflammation are associated with men's risk of HIV and STIs. In the few studies that simultaneously evaluate the penile and vaginal microbiome in sex partners, specific taxa are highly correlated, with evidence for bi-directional transmissibility. BV-associated taxa in the PMB are associated with increased risk of BV and STIs in female sex partners. Emergent trials demonstrate that antimicrobial treatment in men can reduce penile anaerobic bacteria and female sex partner's risk of BV recurrence. However, data are lacking on factors influencing penile-vaginal bacterial exchangeability, the durability of bacterial exchange, and the conditions under which exchange may lead to increased risk of adverse outcomes in the index or partner. Optimal and non-optimal PMB have not been defined. Assessment of PMB composition and function across the life course is needed. Association of PMB with intrinsic host factors (genetics and endogenous hormones) is lacking; association with behavioral and lifestyle factors is limited. Addressing these gaps may lead to the development of assays to facilitate screening and monitoring after therapeutic interventions in men and female partners, or the development of therapeutics for optimizing PMB. Studies are needed to refine and develop new treatment and counseling guidelines for men and their sexual partners.",Clinical microbiology reviews
42317750,"Impact of whole-herd vaccination on a caprine coxiellosis outbreak: a longitudinal study of <i>Coxiella burnetii</i> shedding, serology, and host microbiota.","This longitudinal study investigated <i>C. burnetii</i> dynamics and the associated microbiota after vaccination in aborted and normal-delivery goats and bucks following a Q fever outbreak. Fecal, milk, vaginal, preputial, nasopharyngeal, environmental (qPCR and <i>16S rRNA</i>), and blood samples (<i>16S rRNA</i> and serology) were analyzed. Before vaccination, over 70% of animals were seropositive, with qPCR positivity in all females and half of the males. Seroconversion remained complete until the second kidding season and reached approximately 90% by the third kidding season. After primary vaccination, a significant 60% reduction in shedders was observed, with shedding remaining absent during the two consecutive kidding seasons. Nasopharyngeal samples showed the highest and most persistent positivity, highlighting their diagnostic and epidemiological relevance. The first detection of <i>C. burnetii</i> in the buck prepuce underscores the potential role of males in disease maintenance. Persistent environmental contamination further supports early, whole-herd vaccination as a long-term strategy. Metabarcoding revealed significant shifts in microbial diversity across all anatomical sites over time, including vaginal community structure, suggesting local dysbiosis after abortion. The DNA detection of <i>C. burnetii</i> in blood and its significantly higher vaginal abundance in aborted females may contribute to abortion. A reduction in vaginal pathogen load (<i>p</i> < 0.05) may suggest a reproductive microbiota modulation associated with increased Firmicutes, considering it as a potentially health biomarker.",Frontiers in microbiology
42192635,Role of bacterial dysbiosis in infertility: the BIOME study protocol for a Danish multicentre prospective observational cohort study.,"Microbiome composition across multiple body sites, including the vagina, gut, urinary tract and semen, has been implicated in reproductive health and infertility. Vaginal dysbiosis and reduced <i>Lactobacillus</i> abundance have previously been associated with poorer outcomes in assisted reproductive technologies, yet few studies have simultaneously characterised microbiomes of both partners or compared infertile couples with healthy population controls. The BIOME study, a prospective cohort study, aims to characterise multisite microbiomes in infertile and healthy Danish couples and examine their association with long-term fertility outcomes. The BIOME study is a multicentre, prospective observational cohort study including 100 couples undergoing fertility treatment following ≥12 months of unsuccessful pregnancy attempts and 100 healthy control couples. Participants provide biological samples from multiple body sites (vaginal swab or semen, faeces, urine and blood) prior to initiation of fertility treatment. Samples will undergo microbial sequencing, quantitative PCR, culture-based analyses, proteomics, metabolomics and microRNA profiling. Questionnaire data, clinical information and electronic medical record data will be collected. Participants will be followed for 5 years after sample collection to assess fertility outcomes. No intervention, randomisation or blinding is performed. Recruitment is planned over 24 months. The study has been approved by the Danish Ethics Committee (#SJ-1033), and all participants provide written informed consent. Data are processed according to the General Data Protection Regulation and the Danish Data Protection Act, with pseudonymisation and restricted-access procedures. Results will be disseminated through peer-reviewed publications and scientific conferences. Sequencing data will be deposited in a public repository (eg, European Nucleotide Archive) with personal identifiers removed, and curated metadata will be available on reasonable request.",BMJ open
42112384,The role of the microbiome in gynecological cancers: implications for diagnosis and treatment.,"Gynecological malignancies such as cancer of the cervix, ovary, endometrium, vulva, and vagina pose a severe global health burden. Although conventionally attributed to genetic mutation, hormonal imbalance, and chronic viral infection, including high-risk human papillomavirus, recent evidence suggests that the human microbiome plays a central role in their pathogenesis and development. This review summarizes existing evidence that microbial dysbiosis, specifically the depletion of beneficial Lactobacillus species and overrepresentation of anaerobic organisms such as Fusobacterium, Atopobium, and Sneathia, is implicated in carcinogenesis pathways. These include chronic inflammation, immune modulation, loss of epithelial barrier integrity, microbial metabolite toxicity, and estrogen metabolism by the estrobolome. Dysbiosis in the gut and reproductive tract has been associated with HPV persistence, tumor microenvironment remodeling, and immune surveillance/therapy resistance. Consequently, microbial signatures are being investigated as a potentially successful non-invasive biomarker for early diagnosis, prognosis, and monitoring of therapy in gynecological oncology. In addition, emergent microbiome-based therapies are being considered as potential adjunct therapies, including probiotics, prebiotics, dietary manipulation, vaginal microbiota transplantation, and fecal microbiota transplantation. This review connects the basic research microbiome research to translational and clinical practice, identifies associated limitations, and highlights how it may transform gynecological cancer prevention, detection, and treatment.",Frontiers in immunology
41774177,Phage therapy for treatment of bacterial vaginosis.,"A common vaginal dysbiosis, bacterial vaginosis (BV), has serious consequences for reproductive health, including an elevated risk of infertility and pelvic inflammatory disease. Its distinctive feature is a robust polymicrobial biofilm, mainly composed of Gardnerella species (spp.), which protects infections against antibiotic therapy and promotes high rates of recurrence. Concurrently, Chlamydia trachomatis (CT) is the most common bacterial sexually transmitted infection globally, with over 130 million new cases annually. A primary cause of tubal factor infertility, CT infection promotes adnexal adhesions and fallopian tube obstruction through inflammatory damage. This article reviewed two critical agents: CT, an intracellular bacterium that causes inflammatory tubal damage, and BV, caused by biofilm-forming pathogens such as Gardnerella. The growth of antimicrobial resistance underscores the critical need for targeted alternatives to broad-spectrum antibiotics. Endolysins, enzymes that break down bacterial cell walls, are produced by bacteriophages (phages) and represent a potential new treatment approach. This paper summarizes evidence that modified endolysins, such as PM-477, can specifically break down Gardnerella biofilms in vitro and ex vivo while preserving beneficial vaginal lactobacilli. We examine how this precise mechanism addresses the fundamental shortcomings of existing BV treatment. Then, to transform phage-derived techniques from an intriguing preclinical concept into a workable therapeutic intervention for recurrent BV, we critically assess the key translational obstacles that must be addressed, including pharmacokinetics, formulation, and the need for clinical trials.",Archives of microbiology
42404773,Vaginal <i>Acinetobacter</i> infection as a cause of cervical collagenolysis.,"The vaginal microbiota demonstrates considerable heterogeneity and is shaped by factors such as race, geographic location, and individual variation. Although its central role in maintaining host health is well established, the precise mechanisms through which it contributes to the onset and progression of preterm birth remain incompletely understood and continue to be debated. This study aimed to characterize the vaginal microbiota of pregnant women who experienced preterm birth compared with those with full-term pregnancies. Through both <i>in vivo</i> and <i>in vitro</i> experiments, the study investigated whether vaginal pathogenic bacteria associated with preterm birth can trigger cervical collagen fiber degradation and induce the expression of MMP-1. High-throughput sequencing was used to analyze the vaginal microbial communities of women with preterm and full-term pregnancies. On gestational days (GD) 14 and 15, pregnant C57BL/6 mice received intravaginal inoculations of 50 μL containing either 5 × 10<sup>8</sup> CFU/mL <i>Acinetobacter</i>, 5 × 10<sup>8</sup> CFU/mL <i>Lactobacillus gasseri</i>, or sterile phosphate-buffered saline (PBS). Cervical tissues were collected on GD16. Collagen fiber degradation was evaluated using Sirius red staining, and MMP-1 expression was assessed by immunohistochemistry. Hcer Epic cells were co-cultured with <i>Acinetobacter</i> or <i>Lactobacillus gasseri</i>, after which MMP-1 expression was measured using ELISA, qPCR, Western blotting, and immunofluorescence staining. The transcriptional regulatory role of Snai2 in controlling MMP-1 expression was examined using chromatin immunoprecipitation (ChIP), dual-luciferase reporter assays, and Western blot analysis. <i>Acinetobacter</i> was identified as a characteristic bacterium in the vaginal microbiota of women with preterm birth. Experimental results showed that this bacterium induced cervical collagen fiber degradation in pregnant mice and increased MMP-1 expression in both the mouse model and Hcer Epic cells. Mechanistic analyses revealed that Snai2 binds to the GCACCTGT motif in the MMP-1 promoter. Furthermore, <i>Acinetobacter</i> might enhance MMP-1 expression through the activation of Snai2. These findings are limited to the specific strains examined and warrant further investigation across additional isolates. These findings indicate that <i>Acinetobacter</i> promotes cervical collagen fiber degradation and elevates MMP-1 expression in both animal and cellular models, suggesting that this bacterium may contribute to cervical collagen remodeling and potentially play a pathogenic role in the development of preterm birth.",Frontiers in cellular and infection microbiology
41521189,The effects of the Caribbean medicinal plant Argemone mexicana on Gardnerella vaginalis using a co-culture method with vaginal Lactobacillus spp.,"Bacterial vaginosis (BV) is caused by vaginal microbiome dysbiosis, when beneficial Lactobacillus species are no longer dominant and are replaced by harmful anaerobic bacteria such as Gardnerella vaginalis. In Caribbean cultures, women use plants topically, such as Argemone mexicana, to treat several vaginal infections, including BV. There has been little research into how traditional botanical extracts affect the vaginal microbiota, especially as these extracts are often prepared in different ways for the same condition. This study aims to evaluate the effect of botanical preparations using an in vitro co-culture assay with beneficial Lactobacillus species and BV-causing Gardnerella vaginalis. This is an application of an in vitro co-culture assay to assess the effect of botanical preparations on the vaginal microbiota. We hypothesized that variations in the chemical composition of these preparations would affect the composition of vaginal microbiota. Argemone mexicana extractions were tested using an in vitro co-culture method with Gardnerella vaginalis and one of three vaginal Lactobacillus species and evaluated by UPLC-qToF-MS for metabolomic chemical analysis. Aqueous extractions that did not have significant antibacterial effect compared to the control in monoculture suppressed the growth of Gardnerella vaginalis in co-culture with Lactobacillus, supporting the traditional Dominican use of this plant. These results are likely related to the presence of berberine and polysaccharides in the aqueous extractions.",Scientific reports
41611114,"Host, microbial, and environmental drivers of vaginal microbiota composition.","The human vagina harbors a microbial community that differs markedly in compositional structure from all mammals, including closely related primates. Lactobacilli are the most abundant vaginal species, and their dominance in this niche is associated with protection against adverse health outcomes, including preterm birth, sexually transmitted infections, and bacterial vaginosis. However, the vaginal environment can also support compositions of diverse anaerobic bacteria, which have been linked to poor reproductive health outcomes. Here, we review current knowledge on host and microbial determinants that influence microbial community structure within the vaginal niche, emphasizing the interplay between host physiology, immune, and metabolic interactions, as well as lifestyle factors. This integrated understanding provides a foundation for linking vaginal microbiome compositions to clinically relevant phenotypes and highlights mechanisms that could be exploited to promote improved reproductive health.",Fertility and sterility
42068814,Microbial regulation of immune tolerance during embryonic implantation and pregnancy.,"Maternal immune tolerance is essential for successful embryo implantation and maintenance of pregnancy. The maternal microbiome, particularly in the gut, vagina, and possibly the placenta, has emerged as an important regulator of immune adaptation during gestation. Through continuous interaction with the maternal immune system, the microbiota influence key immune cell populations such as regulatory T cells, uterine natural killer cells, and dendritic cells. These cells promote a tolerogenic environment necessary for embryo acceptance and proper placental development. Microbial-derived metabolites, including short-chain fatty acids and tryptophan derivatives, play important roles in modulating cytokine production and immune cell differentiation. Disruption of microbial balance, or dysbiosis, has been associated with a range of pregnancy complications, including implantation failure, preeclampsia, gestational diabetes, and preterm birth. Additionally, the maternal microbiome may influence fetal immune development, with implications for the offspring's long-term health. Emerging translational research suggests that interventions targeting the maternal microbiota, such as probiotics, prebiotics, and fecal microbiota transplantation, may beneficially modulate immune responses during pregnancy. While these approaches are promising, variability in individual microbiome composition and immune responses underscores the need for personalized strategies. In summary, the maternal microbiome is a dynamic and influential factor in shaping immune tolerance during pregnancy. A deeper understanding of microbiota-immune interactions may pave the way for novel, microbiome-based therapies to enhance reproductive outcomes and promote maternal-fetal health.",Journal of reproductive immunology
42173938,Metagenomic survey of pathogen prevalence in the infant gut.,"The human microbiota impacts our health and well-being from infancy throughout our lives. Besides mutualistic and commensal strains, it also contains opportunistic pathogens. Infants may be especially vulnerable to opportunistic pathogen colonisation due to their immature immune systems and low microbial diversity.The study aims to examine associations between opportunistic pathogen prevalence and factors such as breastfeeding, antibiotic use, birth-mode, and the presence of other bacterial taxa. This study analysed 3981 publicly available shotgun metagenomes collected from 1275 infants and 415 mothers across ten countries to identify species that may be considered opportunistic pathogens in the infant gut. The prevalence of C. difficile was decreased in breastfed infants and in those carrying Faecalibacterium and Dorea spp. S. aureus carriage was negatively associated with antibiotic use and positively with skin contact and breastfeeding. K. pneumoniae was acquired later in life and was more prevalent in premature infants, and less commonplace in vaginal deliveries without antibiotics. Our findings indicate that opportunistic pathogen prevalence in the infant gut is influenced by medical and caregiving practices and may be modifiable through targeted interventions. Reducing the spread of these opportunistic pathogens could contribute to global efforts against early life infections.",Scientific reports
41568957,"Spatial organization of <i>Gardnerella</i> species, <i>Prevotella bivia</i>, and <i>Fannyhessea vaginae</i> in the bacterial vaginosis biofilm.","Key bacterial vaginosis (BV)-associated bacteria implicated in biofilm formation include <i>Gardnerella</i> species, <i>Prevotella bivia</i>, and <i>Fannyhessea vaginae</i>. We investigated their spatial organization in the BV biofilm over time from longitudinal vaginal specimens obtained from women with incident BV (iBV) using peptide nucleic acid-fluorescence <i>in situ</i> hybridization (PNA-FISH). Heterosexual women with optimal vaginal microbiota self-collected vaginal specimens twice daily for 60 days or until iBV development (Nugent score 7-10 on ≥4 consecutive specimens). Women who developed iBV were matched to healthy controls by age, race, and contraceptive method. <i>Gardnerella</i> spp., <i>P. bivia</i>, and <i>F. vaginae</i> were quantified using PNA-FISH 2 days pre-iBV, the day of iBV, and 2 days post-iBV across five optical layers (<i>z</i>, <i>z</i> + 2, z + 4, <i>z</i> + 6, and <i>z</i> + 8 μm). Total counts of all three bacterial species were significantly higher on the day of iBV compared to 2 days pre-iBV (<i>P</i> = 0.011) and remained elevated 2 days post-iBV. Across most layers and time points, pooled mean <i>Gardnerella</i> spp. counts were significantly higher than <i>F. vaginae</i> counts (<i>P</i> ≤ 0.022-0.0003). On the day of iBV and 2 days post-iBV, pooled mean counts of <i>Gardnerella</i> spp. and <i>F. vaginae</i> progressively increased across most biofilm layers (<i>P</i> ≤ 0.043-0.0012). Controls had significantly lower counts of <i>Gardnerella</i> spp. and <i>F. vaginae. P. bivia</i> had low counts in all specimens. During the critical time period surrounding iBV, <i>Gardnerella</i> spp. are abundant throughout the developing biofilm and facilitate <i>F. vaginae</i> incorporation at later time points and higher biofilm layers. Additional research, including other <i>Prevotella</i> spp., is needed.IMPORTANCEBacterial vaginosis (BV) is the most common vaginal infection in reproductive-age women worldwide with a global prevalence of 30%. Recurrence rates can be up to 60% within 1 year of treatment. While BV is characterized as a polymicrobial biofilm infection, the exact etiology remains unknown. The BV biofilm may persist after antibiotic treatment, possibly due to incomplete eradication by current antimicrobial therapies, contributing to recurrent infection. Data are limited in evaluating the spatial formation of the BV biofilm around the time of incident BV. Providing a better understanding of this critical time period in incident BV pathogenesis is necessary to inform the development of prevention methods aimed at inhibiting biofilm formation and improving long-term treatment outcomes.",Infection and immunity
42197521,The Vaginal <i>Lactobacillus gasseri</i> YS1021 Effectively Degraded Mucin by Enzymolysis of M13 Metallopeptidase.,"Mucin is the core component of the mucus layer barrier in the human reproductive tract and the interaction between mucin and commensal bacteria is crucial for the female reproductive health. In this study, we found that the female reproductive tract isolate <i>Lactobacillus gasseri</i> YS1021 could degrade and utilize mucin to obtain the promoted proliferation. After 48 h of cultivation with 1% mucin added, the biomass of strain YS1021 increased fourfold compared to the control group without mucin. Meanwhile, the addition of mucin induced a 5-fold higher expression of the M13 family metalloprotease encoding gene <i>RS7445</i>, revealing that the enzyme was associated with mucin degradation in the strain YS1201. Moreover, the recombinant strain <i>L. gasseri</i> 7445OE with <i>RS7445</i> over-expression exhibited an enhanced mucin degradation ability and reached a 7-fold higher biomass than the parent strain YS1021 after 48 h of cultivation with addition of 1% mucin. Furthermore, the gene <i>RS7445</i> was expressed in <i>Escherichia coli</i> BL21, and the 74 kDa recombinant protein of RS7445 was successfully purified. Enzymatic hydrolysis assay in vitro showed that mucin was decomposed into 39 peptide fragments by the recombinant RS7445, which demonstrated that the M13 family metalloprotease contributes to mucin degradation in <i>L. gasseri</i> YS1021. In sum, this study revealed an important mechanism by which the vaginal <i>L. gasseri</i> YS1021 could degrade and utilize mucin to gain a growth advantage.",Microorganisms
41900485,Association of TLR4 Polymorphisms with Increased Susceptibility to Recurrent Vulvovaginal Candidiasis in Greek Women.,"Recurrent vulvovaginal candidiasis (RVVC) affects 5-8% of women of reproductive age. Host genetic factors, particularly single nucleotide polymorphisms (SNPs) in Toll-like receptors (TLRs), may influence RVVC susceptibility by impairing vaginal mucosal antifungal immunity. The aim of this study was to assess the effect of SNPs in genes encoding TLRs on RVVC susceptibility. Τhe distribution of TLR2 Arg753Gln and TLR4 Asp299Gly/Thr399Ile polymorphisms in Greek women, including RVVC (<i>n</i> = 63), first-episode VVC (<i>n</i> = 37), <i>Gardnerella vaginalis</i> vaginitis (GV, <i>n</i> = 36) patients, and healthy controls (<i>n</i> = 61), was investigated using TaqMan SNP genotyping. Genotype and allele frequencies were analyzed under allelic and dominant models, with odds ratios (ORs), 95% confidence intervals (CIs), and linkage disequilibrium assessed. TLR4 Asp299Gly and Thr399Ile heterozygotes were significantly more frequent in RVVC patients compared with controls and affected RVVC susceptibility (OR: 5.57, 95% CI: 1.17-26.56, <i>p</i>: 0.0172; OR: 4.92, 95% CI: 1.02-23.78, <i>p</i>: 0.0306, respectively). No associations were observed for TLR2 Arg753Gln or for any SNP with GV or first-episode VVC. TLR4 variants co-segregated, indicating a haplotype effect. TLR4 haplotypes, rather than TLR2 polymorphism, confer increased RVVC susceptibility, supporting a genetically distinct, mucosal immunity-driven pathogenesis. Larger, ethnically diverse studies with functional assays are warranted to validate these findings and guide personalized prevention and treatment strategies.",Microorganisms
42234022,"Clinical and vaginal microbiota effects of oral Lactobacillus crispatus M247 combined with vaginal laser therapy in menopausal women with atrophic vulvovaginitis: a prospective, randomized and controlled study.","Vaginal atrophy is a common condition in postmenopausal women, frequently associated with vaginal symptoms and alterations of the vaginal microbiota. This randomized study evaluated the clinical and microbiological effects of vaginal CO₂ laser therapy administered alone or in combination with an oral probiotic containing L. crispatus M247 in postmenopausal women with vulvovaginal atrophy. Women were randomized (2:1) to receive vaginal laser therapy alone (laser-only group) or laser therapy plus oral probiotic for 90 days (probiotic plus laser group). Clinical efficacy was assessed through a prespecified panel of outcomes, including vaginal pH and symptom severity assessed by Visual Analogue Scale (VAS), at baseline and during follow-up up to 90 days, with Day 90 representing the main efficacy timepoint. Vaginal microbiota composition was analyzed in a subset of participants. Both groups showed improvement over time in vaginal pH and VAS scores for vaginal dryness, dyspareunia, burning, itching, and introital pain. Compared with laser alone, the probiotic plus laser group showed lower symptom scores at Day 90 in selected clinical domains, with effect estimates generally favoring the probiotic plus laser group, although confidence intervals were relatively wide for some endpoints. P-values for individual outcomes should be interpreted as nominal in the absence of prespecified multiplicity adjustment across clinical domains. For vaginal pH, both groups showed a decrease over time, but the group × time interaction was not statistically significant, indicating no clear differential temporal response. Microbiota analysis showed an increase in the relative abundance of L. crispatus and a concomitant decrease in L. iners only in the probiotic plus laser group, suggesting a shift toward a more favorable vaginal microbial profile. Overall, vaginal CO₂ laser therapy was associated with clinical improvement, and adjunctive treatment with L. crispatus M247 was associated with additional benefits across selected clinical and microbiological outcomes; however, confidence intervals for several clinical estimates were relatively wide, supporting cautious interpretation and confirmation in larger blinded studies.",Lasers in medical science
42381049,The profiles of vaginal microbiota in fertile and infertile Thai women.,"Vaginal microbiota dysbiosis has been associated with female reproductive health and infertility. This study aimed to compare vaginal microbiota profiles according to fertility and ovarian induction status among Thai women. In this cross-sectional study, vaginal samples were collected from Thai reproductive-aged women during their periovulatory period. The 16 S rRNA gene was amplified and sequenced to ascertain the composition of the vaginal microbiota among 92 women (30 fertile and 62 infertile women). Vaginal microbiota profiles at the phylum and genus levels were compared among fertile women, infertile women before ovulation induction, and infertile women after ovulation induction. The dominant vaginal microbial phyla across all groups were Firmicutes, Actinobacteria, Bacteroidetes, and Fusobacteria. Lactobacillus was the predominant genus across all groups. However, exploratory differential abundance analyses identified several differentially enriched taxa across fertile, infertile (pre-ovulation induction), and infertile (post-ovulation induction) groups. No significant differences in alpha or beta diversity were observed between groups. Our findings did not demonstrate significant differences in overall vaginal microbial diversity between fertile and infertile Thai women. However, exploratory differential abundance analyses identified several taxa that may warrant further investigation. Larger prospective studies are needed to better clarify the potential role of vaginal microbiota in reproductive health and infertility.",BMC women's health
41569022,Vaginal Lactobacillus postbiotics ameliorate Gardnerella vaginalis-induced bacterial vaginosis by regulating vaginal microbiota and restoring Th17/Treg balance.,"Vaginal health is crucial to a woman's overall well-being. Bacterial vaginosis, a common gynecological condition resulting from dysbiosis, remains a significant clinical challenge. This study aims to investigate whether postbiotics derived from vaginal Lactobacillus strains exhibit therapeutic effects against bacterial vaginitis. Postbiotics, consisting of inanimate microorganisms and/or their components, were analyzed and found to contain lactic acid and acetic acid as the primary acidic constituents. In a model of Gardnerella vaginalis-induced bacterial vaginosis, postbiotics demonstrated enhanced antibacterial and antioxidant activities. They significantly alleviated clinical symptoms, modulated the composition of the vaginal microbiota, and increased microbial diversity. Specifically, postbiotics reduced the abundance of endotoxin-producing Escherichia-Shigella and Enterobacteriaceae, while promoting beneficial bacteria such as Muribaculaceae, Lachnospiraceae, and Streptococcus. Additionally, postbiotic treatment restored the balance between Th17 and Treg cells and regulated associated inflammatory factors. These findings indicate that postbiotics improve bacterial vaginitis through multiple mechanisms, including antibacterial and antioxidant effects, immune regulation, and restoration of vaginal flora structure and metabolic balance. This study highlights the potential clinical value of postbiotics in the treatment of bacterial vaginosis.",Journal of applied microbiology
42355558,The Maternal Microbiome in Pregnancy: From Physiological Changes to Dysbiosis and Obstetrical Complications-Therapeutic Perspectives.,"During pregnancy, hormonal, metabolic, and immunological changes influence the composition and function of maternal microbial communities. Increasing evidence suggests that the maternal microbiota-particularly in the vaginal, gut, and oral environments-plays a significant role in maintaining pregnancy homeostasis and supporting fetal development. In healthy pregnancies, the vaginal microbiota is typically dominated by <i>Lactobacillus</i> species, which help maintain a low vaginal pH and protect against ascending infections. However, disruption of this balance (vaginal dysbiosis) has been associated with obstetrical complications such as intrauterine infection and preterm birth. Similarly, the maternal gut microbiota undergoes trimester-specific changes that contribute to metabolic adaptations required for fetal growth, while alterations in microbial composition have been linked to metabolic disorders including gestational diabetes mellitus and preeclampsia. Changes in oral microbiota and periodontal disease have also been associated with adverse pregnancy outcomes through systemic inflammatory pathways and potential microbial translocation to the placenta. Recent advances in sequencing technologies have improved the understanding of host-microbiome interactions in pregnancy, although the existence of a placental microbiome remains controversial. Overall, maternal microbiota plays an important role in pregnancy physiology, and its dysregulation may contribute to obstetrical complications. Understanding these mechanisms may facilitate the development of microbiome-based diagnostic and therapeutic strategies in maternal-fetal medicine.","Life (Basel, Switzerland)"
42427836,Timing of menstrual cups to prevent transition from optimal to not optimal vaginal microbiome community state type: Results from a 6.5-year prospective observational cohort.,"In a cluster randomized trial among Kenyan secondary schoolgirls, menstrual cups were associated with reduced bacterial vaginosis (BV) and increased optimal vaginal microbiome (VMB) community state type (CST-I) prevalence. The prevalence of CST-I decreased over time, suggesting non-optimal VMB is acquired. Using 6.5 years follow-up, we identified how menstrual cups and other factors drive CST transition. Participants were randomized to receive menstrual cups (intervention) or standard menstrual management (control). VMB and BV were measured 6-monthly and sexually transmitted infections (STIs; gonorrhea, chlamydia, trichomoniasis) and HSV-2 annually. Control participants received menstrual cups after the 30-month study visit. Continuous-time multi-state Markov modeling estimated the probability of CST transition, focusing on optimal CST-I (<i>L. crispatus</i> dominant), CST-III (<i>L. iners</i> dominant), and CST-IV (mixed, non-optimal), and identified associated factors. Over 6.5 years, in 4,446 observations among 436 participants, CST-I prevalence decreased from 43.3% at baseline to 13.9%, and CST-IV increased from 18.1% at baseline to 44.6%. CST-I and CST-IV were more stable than CST-III. The probability of transition to CST-I from CST-III (16%) or CST-IV (9%) was infrequent. Participants initially randomized to menstrual cups had 54% reduced risk of transitioning from CST-I to CST-IV, adjusted for demographic and behavioral practices, BV, STIs, and HSV-2. Those who were poorer, older, sexually active, and HSV-2 seropositive were more likely to transition to less optimal CSTs. Over 6.5 years of observation, menstrual cups helped maintain CST-I VMB but did not demonstrate any therapeutic effect and should therefore be given to girls prior to sexual exposure to maximize the likelihood of achieving this benefit.",Research square
42039195,What is the impact of the virome and mycobiome on female reproductive tract health? A systematic scoping review.,"Traditional research on the female reproductive tract (FRT) microbiome has focused on the dominance of bacteria, particularly <i>Lactobacillus</i>, as a marker of health. This bacteriocentric paradigm, however, cannot fully explain clinical enigmas like the high recurrence of bacterial vaginosis (BV) or the persistence of HPV infection. This review introduces a new pan-microbiome framework that highlights the overlooked roles of the virome and mycobiome as the ecosystem's neglected components. We conducted a systematic scoping review following the PRISMA-ScR guidelines. We searched PubMed, Embase, and Web of Science databases for studies published up to October 2025. Inclusion criteria focused on original research and metagenomic studies examining the female reproductive tract (FRT) virome, mycobiome, and bacteriome, specifically their interactions and clinical associations with bacterial vaginosis (BV) and HPV persistence. Data were extracted and synthesized to evaluate the pan-microbiome framework. The virome and mycobiome, despite their low biomass, are increasingly recognized as potential ecosystem modulators. Bacteriophages, for instance, are proposed to act as community ""modulators,"" either through lytic cycles that maintain bacterial diversity or lysogenic cycles that may contribute to stabilizing pathogenic biofilms in dysbiosis like BV by introducing virulence genes. Similarly, fungi like <i>Candida</i> can transition from harmless commensals to pathogens when the protective bacterial balance is disturbed. FRT health is an emergent property of the complex interactions among bacteria, viruses, and fungi. A comprehensive understanding requires a pan-microbiome perspective. Future therapeutic strategies should move beyond a ""one-bug, one-drug"" approach toward ""ecosystem restoration,"" using targeted methods like phage therapy or vaginal microbiota transplantation to attempt to restore the balance of the entire microbial community.",Frontiers in immunology
41922545,LPS-induced endometrial cell-derived exosomes suppress probiotic Lactobacillus growth.,"Spontaneous preterm birth (sPTB) has been increasingly associated with alterations in vaginal microbiota. While Lactobacillus spp., which physiologically dominate the cervical microbiota, are considered protective with a lower risk of intra-amniotic infection and chorioamnionitis, other microbes such as Gardnerella vaginalis are associated with an increased risk of sPTB. Although this association is well documented, the host mechanisms that regulate the composition of vaginal microbial communities remain poorly understood. Emerging evidence suggests that host-derived exosomes may play a critical role in shaping the microbial environment. This study hypothesized that endothelial cell-derived exosomes may modulate the growth of probiotic Lactobacillus spp. through changes in microRNA cargo, thereby influencing the risk of sPTB. To investigate this hypothesis, HEC-1-A cells were stimulated with lipopolysaccharides (LPS), and exosomes were isolated from these cells. These exosomes were then applied to four Lactobacillus strains (L. crispatus, L. gasseri, L. jensenii, L. reuteri) to evaluate how LPS-induced alterations in exosomal microRNA content affect probiotic growth. The results indicate that exosomes derived from LPS-stimulated HEC-1-A cells inhibited the four bacterial strains and facilitated the expansion of the opportunistic pathogen G. vaginalis in a mixed-culture system. MicroRNA sequencing revealed that LPS stimulation increased the levels of miR-181d-5p and miR-181c in these exosomes, both of which may contribute to the suppression of Lactobacillus spp. growth. Taken together, these findings suggest a novel regulatory pathway in which host-derived exosomes influence the vaginal microbiota, suggesting that disruptions in this mechanism may contribute to vaginal dysbiosis and increase the risk of sPTB.",Scientific reports
41891123,Probiotic supplementation improves quality of life and modulates oestradiol in women with endometriosis: a randomised double-blind pilot trial.,"Endometriosis is a chronic, oestrogen-dependent inflammatory disorder affecting up to 10% of reproductive-age women, associated with pelvic pain, infertility, and reduced quality of life. Emerging evidence implicates the vaginal microbiome and oestrogen metabolism in its pathogenesis. This study aimed to evaluate the potential therapeutic role of the oral administration of <i>Ligilactobacillus salivarius</i> CECT 30632, a probiotic with demonstrated ability to metabolise oestrogens <i>in vitro</i>, to improve the quality of life in women with endometriosis. We conducted a pilot, randomised, double-blind, placebo-controlled clinical trial assessing its effects, alongside standard dienogest treatment, in 37 women with endometriosis. Outcomes included changes in the vaginal microbiota composition (16S rRNA sequencing), in the immunological markers, in serum oestradiol levels, and in the quality-of-life of participants assessed with the EHP-30 questionnaire. Vaginal microbial diversity remained unchanged between groups; however, ∼20% of participants exhibited individualised microbiota shifts, including transitions to <i>Lactobacillus</i>-dominated profiles. In the immunological markers, the IL-10 levels decreased in 65% of probiotic supplemented participants (<i>p</i> = 0.042). Serum oestradiol levels were significantly reduced (∼50%) in the probiotic group (<i>p</i> = 0.013). The probiotic supplementation was associated with significant improvements in pain, emotional well-being, and perceived self-control (<i>p</i> < 0.05). Daily oral intake of <i>L. salivarius</i> CECT 30632 was associated with changes in circulating oestradiol levels and improvements in the quality of life in women with endometriosis. These preliminary findings support further powered trials to confirm efficacy and clarify underlying mechanisms.",The European journal of contraception & reproductive health care : the official journal of the European Society of Contraception
42289362,Role of Reproductive Tract Infections in Spontaneous Abortion: A Review.,"This review aims to summarize the association between reproductive tract infections and spontaneous abortion, clarify the underlying molecular mechanisms, and provide a scientific basis for clinical screening and targeted interventions. The electronic database PubMed was searched for studies published before April 2026. Keywords included ""spontaneous abortion,"" ""Recurrent Spontaneous Abortion,"" ""early spontaneous abortion,"" ""Early Pregnancy Loss,"" ""late spontaneous abortion,"" ""late abortion,"" ""miscarriage,"" ""reproductive tract infections,"" ""bacterial vaginosis,"" ""Chlamydia trachomatis,"" ""Ureaplasma urealyticum,"" ""Ureaplasma parvum,"" ""Human Papillomavirus,"" ""Herpes Simplex Virus,"" ""Cytomegalovirus,"" ""Vulvovaginal Candidiasis,"" ""Trichomonas vaginitis,"" and ""vaginal dysbiosis."" Relevant references from retrieved manuscripts and review articles were also searched manually to ensure comprehensive coverage of eligible studies. Reproductive tract infections are key factors for spontaneous abortion, with bacterial vaginosis, Chlamydia trachomatis, Ureaplasma urealyticum, and Ureaplasma parvum showing significant associations. Vaginal dysbiosis interacts with reproductive tract infections, potentially promoting spontaneous abortion through inflammatory responses, disrupted maternal-fetal immune tolerance, and direct placental damage. The association between viruses (e.g., Human Papillomavirus, Herpesvirus infections), Mycoplasma hominis, and Trichomonas vaginalis with spontaneous abortion remains controversial. During pregnancy, maintaining vaginal microbiota balance, routine screening for infections of the reproductive tract, and timely execution of targeted interventions are critical for spontaneous abortion. Future research should focus on large-scale prospective studies to clarify the precise mechanisms of pathogen transmission and to optimize intervention strategies.",The journal of obstetrics and gynaecology research
42309578,"Understanding the probiotic potential of a healthy human vaginal flora, Lactobacillus gasseri K9: genomic and in vitro aspects.","Lactobacillus gasseri K9, isolated from a healthy vaginal sample, underwent detailed genomic and phenotypic evaluation. The strain demonstrated strong stress tolerance, adhesion, aggregation, and biofilm formation, while ensuring safety with no mucin degradation or hemolysis. Antimicrobial compounds, pathogen inhibition, and resilience in simulated gastrointestinal conditions highlight its potential role in maintaining vaginal homeostasis and functioning as a safe, effective probiotic candidate. The entire genome sequence of L. gasseri K9, with an emphasis on studying its probiotic potential and safety profile. The complete genome of L. gasseri K9, with a genome size of 1,872,894 base pairs, comprises 1,779 genes, exhibiting an average G + C content of 34.83%. Comprehensive genomic analysis identified genes associated with stress adaptation, carbohydrate utilization, cell adhesion, secondary metabolite biosynthesis, and other probiotic traits through multiple annotation platforms, including RAST, KEGG, COG, CAZyme, BAGEL4, and AntiSMASH. The detection of CRISPR arrays with broad phage-targeting patterns suggests that this strain possesses robust phage defence capabilities. Additionally, the absence of virulence factors and antibiotic resistance determinants, verified using CARD, ResFinder, and VFDB, underscores the safety profile of K9 as a promising probiotic candidate. Pangenome analysis of 278 L. gasseri genomes identified 12 distinctive sequences shared only by the K9 and Q9001 strains, setting them apart from all other isolates. Most of these sequences encoded hypothetical proteins, with one linked to a phage-related HK97-gp10 family protein. This study presents detailed genomic and functional characterization of L. gasseri K9, revealing unique genetic traits, strong probiotic functions, and a robust safety profile. Its role in maintaining vaginal health suggests strong potential for incorporation into probiotic formulations targeting women's wellness. Overall, these findings highlight K9 as a promising strain for next-generation vaginal probiotics.","Journal, genetic engineering & biotechnology"
41986393,"Complement and neutrophils are actively involved at the cervicovaginal interface in cases of adverse microbial composition, cervical shortening and spontaneous preterm birth.","Microbial-driven spontaneous preterm birth (sPTB) is linked to adverse vaginal microbiome and dysregulated immune responses, yet this knowledge has not translated into predictive tools or therapies. We sampled 186 high-risk pregnant women and assessed 14 complement proteins and the neutrophil immunophenotype at the cervicovaginal interface to expand potential targets. Alterations in classical and alternative complement pathway components were associated with bacterial community composition and preceded cervical shortening and sPTB. At 12<sup>+0</sup>-16<sup>+6</sup> weeks, women with Community State Type (CST) IV had significantly higher concentrations of C1q, C4, C4b, Factor B, D, C3b/iC3b, and Factor H, I than those with CST I. Women who later developed a short cervix and delivered preterm showed lower L. crispatus abundance and elevated complement activation. Neutrophils were the dominant local immune cell and exhibited enhanced activation relative to peripheral neutrophils, with altered expression of CD11b, CD62L, CD63 and CD66b. Cervical neutrophil CD63, CD66b, and CD88 differed between CST IV and CST I, though not by pregnancy outcome. Neutrophil abundance correlated with cytokines, complement proteins, and MMPs, suggesting roles in inflammation and tissue remodelling. These findings highlight a microbiota-driven complement-neutrophil axis present before cervical remodelling and sPTB, identifying potential complement-based predictors and therapeutic targets.",NPJ biofilms and microbiomes
42051707,The interventional value and research progress of vaginal microbiota transplantation in improving female sexual quality of life associated with dysbiosis of the reproductive microecosystem.,"Dysbiosis of the female genital tract microbiota represents a key pathological basis underlying clinical symptoms such as vaginal dryness and dyspareunia, which subsequently contribute to diminished sexual quality of life (QoL) in women. Although conventional antimicrobial therapies may provide short-term relief from infectious symptoms, they often fail to restore vaginal microbial homeostasis-thereby exhibiting inherent limitations, including high recurrence rates and increased risks of antimicrobial resistance. Vaginal microbiota transplantation (VMT), an emerging ecological restoration strategy, aims to reconstitute the recipient's vaginal microbiota by transferring a complete, functionally intact microbial community from a rigorously screened healthy donor. This review systematically delineates the multidimensional mechanistic links between genital tract dysbiosis and impaired female sexual quality of life; elucidates the core clinical value of VMT; comprehensively summarizes recent advances in both preclinical research and clinical trials; and critically examines major challenges currently facing the field-including the lack of standardized donor screening criteria, variability in procedural protocols, insufficient long-term safety data, and evolving ethical and regulatory considerations. Furthermore, we propose forward-looking perspectives on future directions, such as the development of individualized, precision-based VMT approaches; the establishment of standardized, evidence-based technical frameworks; and the acceleration of clinical translation and implementation. This review is intended to provide a robust theoretical foundation and practical guidance for the scientifically sound promotion, standardized application, and further investigation of VMT-ultimately advancing women's reproductive health and holistic sexual well-being.",Frontiers in medicine
42142342,Analysis of Cytomorphologic Alterations Noted in Pap Test Smears in Women with Infertility: An Institutional Experience.,"Infertility is a growing global health concern, affecting 60-80 million couples worldwide, of which 15-20 million are in India. Cervical health plays a pivotal role in reproduction, acting as both a barrier to infection and a facilitator of fertilization. Pap smear test (PST), though traditionally used for cervical cancer screening, may provide valuable insights into cervical pathology, infections, and microenvironmental changes associated with infertility. The aim and objectives of the present study are to evaluate cytomorphological alterations in PST in women with infertility and assess their role in identifying reversible causes affecting fertility. An ambispective study was conducted in the Department of Pathology and Laboratory Medicine at AIIMS Kalyani over 3 years (July 2022-June 2025). Women with primary or secondary infertility were included. PSTs were prepared using both conventional and liquid-based cytology, stained as per standard protocols, and reported using the Bethesda System for reporting cervical cytology (2014). Clinical and demographic data were recorded, and statistical analysis was applied to evaluate findings. A total of 241 infertile women underwent PST. Of these, 204 (84.6%) had primary infertility and 37 (15.3%) had secondary infertility. Inflammation was detected in 234 cases (97.1%), ranging from mild (58.8%) to severe (9.1%). Significant PST changes were observed in 153 (63.5%) cases, including moderate to severe inflammation, infections, and epithelial abnormalities. Infectious etiologies included bacterial vaginosis (24.5%), candidiasis (5.4%), and trichomoniasis (0.8%). Lactobacilli depletion was noted in 28% of cases. Epithelial abnormalities were rare, with one case of low-grade squamous intraepithelial lesion and one case of atypical squamous cells of undetermined significance. PST, being simple, cost-effective, and widely accessible, is a valuable tool for identifying reversible causes of infertility, such as infections, inflammation, and altered microbiota. Incorporating PST into routine infertility workup may facilitate timely diagnosis and management, ultimately improving reproductive outcomes.",Acta cytologica
41884740,Clinical and Microbiological Profile of Recurrent and/or Persistent Cervicitis in Patients Attending Suraksha Clinic.,"Cervicitis is an inflammation of lower genital tract characterized by endocervical discharge and or bleeding and or >10 pus cells per high power field on microscopy. Its significance is its association with pelvic inflammatory disease. Various implicated organisms for cervicitis include Chlamydia trachomatis, Neisseria gonorrhoeae, Trichomonas vaginalis, Herpes simplex virus, Mycoplasma genitalium, and Ureaplasma species. Approximately 33% of cervicitis cases are recurrent and 18% may show persistence. Persistent or recurrent cervicitis despite antimicrobial therapy requires detailed evaluation. There is limited literature on the clinical and microbiological profile of such cases. To determine the clinical and microbiological profile of recurrent and/or persistent cervicitis in patients attending Suraksha clinic at a tertiary care centre. A cross-sectional study was conducted among 40 women aged 18-45 years with recurrent and/or persistent cervicitis, despite treatment. Detailed evaluation was done including history, examination, and investigations which did not give any clues regarding the etiology. Multiplex-PCR for various pathogens was done. Statistical analysis was performed using SPSS version 25. Mean age of cases was 31.77 ± 6.99. Duration varied from <1 year to >5 years. All patients had >2 cervicitis episodes, with 15% reported persistent symptoms. High-risk behaviour was noted in 62.5%, with first sexual contact before 18 years in 42.5%, premarital contact in 10%, and history of other STIs in 25%. High-risk behaviour in partners was reported by 85%. Clinical presentation included cervicovaginal discharge (most common), dysuria, lower abdominal pain, and dyspareunia. Multiplex-PCR detected pathogens in 70% of cases (gardnerella: 47.5%, ureaplasma: 40%, trichomonas: 5%, chlamydia: 2.5%, mixed infections: 22.5%). Higher pus cell counts correlated significantly with detection of one or more organism. This study highlights the complexity of etiology of recurrent/persistent cervicitis identifying gardnerella and ureaplasma as predominant associated organisms. Multiplex-PCR is a valuable tool to provide insights into such difficult-to-treat cervicitis cases. Large studies with controls are required to verify findings of our study.",Indian journal of dermatology
42430221,"The redefined identity of <i>Prevotella</i>: new implications for oral, respiratory, and vaginal health.","For much of the 20th century, the field of bacteriology was dominated by a pathogen-centric view, which rightly focused scientific resources on identifying, characterizing, and eliminating the agents of infectious disease. However, this perspective has resulted in the relative neglect of abundant yet poorly characterized members of the human microbiota. Few genera embody this oversight more clearly than <i>Prevotella</i>. Despite being consistently found in high abundance across diverse human mucosal sites, including the oral cavity, airways, and vagina, the underlying physiological roles of the genus in both health and disease contexts remain largely unclear. This review traces the evolution of <i>Prevotella</i> research and classification, arguing that the traditional ""friend or foe"" dichotomy is insufficient. We contend that more mechanistic work at the species level is needed to elucidate the biology of <i>Prevotella</i>, especially after the most recent taxonomic reclassification. The knowledge derived from a mechanistic focus will offer profound benefits for understanding and treating complex polymicrobial diseases across multiple systems, including chronic respiratory infections, oral inflammatory conditions, and recurrent genitourinary dysbiosis.",Journal of bacteriology
41948804,"<i>Limosilactobacillus fermentum</i> 50 alleviates vulvovaginal <i>Candidiasis via</i> the gut-vagina axis: modulating microbiota, barrier function and inflammation.","Vulvovaginal candidiasis (VVC) is a common vaginal disease characterized by inflammatory cell infiltration and vaginal microbiota dysbiosis. In this study, <i>Limosilactobacillus fermentum</i> 50 not only exhibited the strongest growth-inhibitory activity against <i>Candida albicans</i> using a spot assay, but also significantly suppressed hyphal formation and decreased the expression of virulence-associated genes, including <i>HWP1</i>, <i>ALS3</i>, and <i>ECE1</i>. Furthermore, the effects of <i>L. fermentum</i> 50 on <i>C. albicans</i>-induced VVC were investigated in a mouse model. Oral administration of <i>L. fermentum</i> 50 increased body weight, reduced vaginal epithelial cell exfoliation, and decreased fungal burden. Real-time quantitative PCR analysis revealed that <i>L. fermentum</i> 50 significantly downregulated expression of <i>S100A8</i>, <i>S100A9</i> and <i>TNF</i>-α, and upregulated <i>IL-10</i> expression at the transcription level in vaginal tissue. ELISA analysis further confirmed that <i>L. fermentum</i> 50 increased the level of IL-10 and decreased the level of TNF-α in both vaginal tissue and serum. Histopathological analysis showed that <i>L. fermentum</i> 50 significantly reduced epithelial cell exfoliation and alleviated vaginal structural damage by increasing the expression of occludin. In addition, <i>L. fermentum</i> 50 modulated the composition of the vaginal microbiota, characterized by an increased abundance of <i>Lactobacillus</i> and a decreased abundance of <i>Escherichia</i>-<i>Shigella</i>. It is noteworthy that <i>L. fermentum</i> 50 also reshaped composition of the gut microbiota, also enriching the abundance of <i>Lactobacillus</i>. Correlation analyses further revealed that <i>Lactobacillus</i> abundance in feces was positively associated with vaginal <i>Lactobacillus</i> and negatively correlated with vaginal <i>Escherichia</i>-<i>Shigella</i> abundance. Collectively, these findings suggested that <i>L. fermentum</i> 50 may serve as a potential strategy to ameliorate VVC by modulating the gut microbiota to alleviate vaginal inflammation, enhancing mucosal barrier function, and restoring vaginal microbiota composition.",Food & function
42096749,"Vaginal polycyclic aromatic hydrocarbons (PAHs), HPV infection, and vaginal microbiome in firefighters: A cross-sectional study.","Female firefighters are routinely exposed to combustion-derived toxicants, yet the reproductive health implications of this exposure are largely unknown. We investigated whether polycyclic aromatic hydrocarbons (PAHs) are detectable in the vaginal tract of female firefighters and whether these contaminants are linked to high-risk human papillomavirus (HPV) infection and vaginal microbiome alterations. In this cross-sectional study 49 female firefighters and 51 community controls self-collected vaginal swabs for analysis of 16 EPA-priority PAHs, high-risk HPV, and microbial composition. All 16 PAHs were detectable and median total PAHs were 3-fold higher in firefighters than controls (p < .0001). PAH burden increased with firefighting tenure showing a strong positive correlation between high- and low-molecular-weight congeners (r = 0.85). High-risk HPV was detected in 12.2% of firefighters versus 3.9% of controls and was associated with higher PAH levels (p = 0.02). Firefighters exhibited a microbiome shift characterized by increased relative abundance of Gardnerella (r = 0.32 with total PAHs) and reduced Lactobacillus dominance. Detection of vaginal PAHs along with their associations with HPV and dysbiosis, suggests a previously unrecognized pathway by which occupational exposures may elevate cervical cancer risk. Targeted exposure reduction policies and vigilant gynecologic screening should be considered for this underserved workforce.",Journal of hazardous materials
41906784,The impact of cervicovaginal microbiome on HPV infection in vaccinated young Korean women.,"To investigate the prevalence of high-risk human papillomavirus (hrHPV) infection and its association with cervicovaginal microbiome (CVM) diversity among young Korean women who received human papillomavirus (HPV) vaccination. Seventy-two Korean women aged 20-35 years were enrolled in Seoul, South Korea. Cervicovaginal samples were analyzed using liquid-based cytology, HPV genotyping, and 16S rRNA sequencing. Alpha diversity and microbial compositions were compared according to HPV infection and cytology results. The prevalence of hrHPV infection was 44.4% (n=32), with HPV 39 and 52 being the most common types. Women with abnormal cytology or hrHPV positivity exhibited significantly higher microbial alpha diversity (Shannon index, p<0.05). bacterial vaginosis-associated bacteria (BVAB) such as <i>Gardnerella leopoldii</i>, <i>G. vaginalis</i>, and <i>Megasphaera lornae</i> were significantly associated with hrHPV positivity, along with <i>Lactobacillus iners</i> showed a strong positive correlation with microbial diversity, abnormal cytology, and hrHPV infection (p<0.001). Despite national HPV vaccination, hrHPV infection remains common among young Korean women, primarily driven by non-vaccine types. The dominance of <i>L. iners</i> and enrichment of BVAB were key microbial features associated with hrHPV infection and abnormal cytology, suggesting that ecological imbalance in the CVM may contribute to viral persistence. These findings highlight the potential role of microbiome modulation as a complementary approach in post-vaccination HPV management and prevention.",Journal of gynecologic oncology
42238322,Functionalized polysaccharides for infection-resistant and regenerative therapies in gynecology.,"Gynecological infections and implant-related complications, such as bacterial vaginosis (BV), pelvic inflammatory disease (PID), and endometritis, are exacerbated by biofilm-forming pathogens such as <i>G. vaginalis</i>, <i>E. coli</i>, and <i>S. aureus</i>, posing significant clinical challenges worldwide. These biofilms, resistant to antibiotics, contribute to chronic infections and device failures in gynecological implants. Rising antibiotic resistance underscores the need for innovative biomaterials. Chitosan, hyaluronic acid (HA) and alginate are three representative natural polysaccharides, showing broad application potential in antibacterial materials and tissue engineering due to their excellent biocompatibility, biodegradability and modifiable structures. In their natural forms, they exhibit a certain degree of anti-biofilm activity by inhibiting bacterial adhesion and disrupting bacterial membranes. Functional modification significantly enhances their antibacterial performance such as AMPs grafting, cross-linking, quaternization, and nanocomposites. This review explores the antibacterial mechanisms of natural polysaccharides in the vaginal microbiome and endometrial tissue, highlighting advances in functionalization with antimicrobial peptides, nanoparticles, and chemical modifications to enhance antibacterial efficacy. The toxicological effects of natural polysaccharide materials on gynecological tissues generally show the characteristics of mainly protective and restorative effects, rather than causing damage. Natural polysaccharides and their applications offer promising potential for infection-resistant, regenerative therapies in gynecology, promising safer and more effective interventions.",International journal of pharmaceutics: X
41956065,Crisping up Lactobacillus vaginal live biotherapeutics.,"Bacterial vaginosis remains prevalent and often refractory or recurrent. In this issue, Bloom et al. and Potloane et al. report clinical trial results evaluating three vaginal live biotherapeutic products containing different Lactobacillus crispatus strain combinations. Although the colonization findings are encouraging, optimization of doses, formulations, and treatment schedules is necessary.",Cell host & microbe
40775532,Adverse pregnancy outcomes in women with type 1 diabetes are associated with multiple alterations in the vaginal microbiome.,"The vaginal microbiome has been linked to adverse pregnancy outcomes, which are markedly increased in women with type 1 diabetes. To investigate this relationship, we profiled the vaginal microbiome in pregnant women with and without type 1 diabetes, and in relation to pre-term birth (PTB) and pre-eclampsia (PE) in women with type 1 diabetes. Bacterial and fungal microbiomes were analysed by 16S rRNA gene and internal transcribed spacer 1 sequencing, respectively, in the third trimester of 310 pregnancies (160 with type 1 diabetes) for bacteria, and 147 pregnancies (70 with type 1 diabetes) for fungi. The vaginal microbiome was altered by type 1 diabetes in pregnancy, with an increase in the bacterial species Lactobacillus iners and Lactobacillus jensenii, and in the anaerobic genera Gardnerella, Anaerococcus, Prevotella, Dialister, Peptoniphilus and others that are associated with vaginal dysbiosis. In addition, the abundance of the fungal species Malassezia restricta was increased in women with type 1 diabetes. These changes were associated with increased risks of PTB and PE. PTB was associated with higher bacterial alpha diversity, decreased abundance of Lactobacillus reuteri, and increased abundance of Malassezia fungal genus, family Malasseziaceae and order Malasseziales. PE was associated with higher bacterial alpha diversity, increased abundance of Gardnerella vaginalis and decreased abundance of Candida albicans. Adverse pregnancy outcomes in women with type 1 diabetes are reflected by distinct changes in the vaginal microbiome. This highlights the importance of monitoring and managing the vaginal microbiome in high-risk pregnancies, particularly those complicated by type 1 diabetes. Early detection and treatment of risk-associated taxa, e.g. G. vaginalis in the case of PE, could potentially improve vaginal health and pregnancy outcomes in women with type 1 diabetes.",Diabetologia
42136739,Retrospective comparative analysis of pre-IVF vaginal and semen microbiological cultures in infertile couples highlights absence of microbial concordance.,"Infertility affects 15-20% of couples, with 3% of Hungarian children conceived through <i>in vitro</i> fertilization (IVF). Predicting IVF outcomes before treatment initiation remains challenging. Emerging evidence suggests that the vaginal and seminal microbiota influence reproductive health by modulating local immunity, implantation, and gamete function. This study aimed to evaluate associations between baseline clinical, biochemical, and microbiological parameters and IVF outcomes. We conducted a retrospective, single-center cohort study including 475 couples undergoing IVF with or without intracytoplasmic sperm injection at the University of Szeged (January 2022-December 2023). Data collection encompassed maternal demographics, reproductive history, baseline hormone levels, ovarian stimulation characteristics, and endometrial thickness. The results of microbiological cultures of vaginal discharge and semen samples, including <i>Lactobacillus</i> colonization, pathogen distribution, and the antibiotic resistance status of the pathogens, were recorded. The primary outcome was clinical pregnancy. Machine learning models, including support vector machine (SVM), random forest (RF), and extreme gradient boosting (XGBoost) were applied, to explore the predictive value of combined clinical and microbial features for IVF outcome. Positive vaginal cultures were identified in 121 women (25.5%), most commonly <i>Candida albicans</i> (26%), <i>Streptococcus agalactiae</i> (17%), and <i>Escherichia coli</i> (17%) among the positive cases. Among 134 men (29%) with positive semen cultures, <i>Enterococcus faecalis</i> (46%) and <i>Escherichia coli</i> (23%) predominated. Single-organism growth predominated, and pathogen overlap between partners was rare (13 couples, <3%). Vaginal <i>Lactobacillus</i> presence negatively correlated with several pathogens, including <i>Candida albicans</i>, <i>Streptococcus agalactiae</i>, <i>Gardnerella vaginalis</i>, and <i>Enterococcus faecalis</i>. Clinical pregnancy rates were similar between women with positive and negative vaginal cultures (36% vs. 39%, n.s.). Machine learning analyses showed that maternal age remained the dominant predictor, while microbial data contributed modestly, with <i>Lactobacillus</i> consistently emerging as the most relevant microbial feature. Vaginal and seminal microbial alterations are common among couples undergoing IVF, yet true pathogen overlap between partners was minimal. <i>Lactobacillus</i> colonization demonstrated a clear protective association, supporting its potential as a biomarker for reproductive success. Although microbial features alone are insufficient to predict IVF outcomes, integrating microbial profiles with established clinical parameters could inform personalized fertility management.",Frontiers in cellular and infection microbiology
42025157,Vaginal microbiota transfer ameliorates cesarean-associated neurodevelopmental deficits in mice via N-bc2S1P synthesis on neonatal skin.,"Cesarean section (CS) bypasses neonatal exposure to maternal vaginal microbiota, leaving the metabolic contribution of skin microbiota to neurodevelopment unclear. In CS neonates receiving vaginal microbiota transfer, skin multi-omics at 24 h identified restoration of β-carboline-sphingosine-1-phosphate (N-bc2S1P), whose levels correlated with ASQ-3 scores at 3 and 6 months. In mice, N-bc2S1P assembled on neonatal skin by Lactobacillus crispatus and Bacteroides fragilis reaches the brain and selectively triggers β-arrestin1-biased S1PR2 signaling in forebrain excitatory neurons. This pathway promotes AP-1/CBP recruitment, increases H3K27 acetylation at Notch loci, and transiently ameliorates CS-associated early-life neurodevelopmental impairments. Because N-bc2S1P is rapidly cleared, we engineered the skin commensal Staphylococcus epidermidis to co-synthesize β-carboline and S1P, sustaining cutaneous N-bc2S1P production, prolonging brain exposure, and improving neurodevelopmental outcomes. These findings identify a microbe-derived, arrestin-biased S1PR2 agonist and show that engineered skin commensals extend transient maternal microbial signals into more durable neurodevelopmental benefit in mice.",Cell host & microbe
42278410,The Microbiota-Endometriosis Axis: An Immune-Endocrine Integration Model and Emerging Therapeutic Targets.,"Endometriosis is a chronic, estrogen-dependent inflammatory disorder characterized by the ectopic implantation and persistence of endometrial-like tissue outside the uterine cavity. Despite its high prevalence and significant impact on quality of life, the pathogenesis of endometriosis remains incompletely understood and involves a complex interplay between hormonal dysregulation, immune dysfunction, and chronic inflammation. In recent years, growing evidence has highlighted the role of the microbiota as a potential modulator of these interconnected pathways. This review proposes an integrative framework in which the microbiota acts as a central modulator of immune-endocrine interactions in endometriosis, while synthesizing current evidence on underlying biological mechanisms. We discuss how alterations in the gut, vaginal, and endometrial microbiota contribute to disease pathophysiology through multiple mechanisms, including disruption of intestinal barrier integrity, activation of pro-inflammatory signaling pathways, immune dysregulation, and modulation of estrogen metabolism via the estrobolome. Microbial β-glucuronidase activity and enterohepatic recirculation of estrogens are explored as key processes linking gut dysbiosis to the hyperestrogenic environment characteristic of endometriosis. Furthermore, we review current pharmacological treatments and highlight their limitations, emphasizing the need for novel therapeutic strategies targeting upstream disease mechanisms. Emerging approaches, including probiotics, postbiotics, short-chain fatty acids, and dietary interventions, are discussed as promising adjunctive therapies capable of modulating inflammation, immune responses, and metabolic pathways. Although current evidence remains heterogeneous and largely derived from preclinical and observational studies, the microbiota emerges not only as a potential therapeutic target but as a key integrative node linking endocrine, immune, and metabolic pathways in endometriosis. Future research should focus on well-designed clinical trials to validate microbiome-based interventions and to define their role in personalized management strategies for endometriosis.",International journal of molecular sciences
42326403,Fecal microbiota and microbial community transplantation: <b>a</b> review of current research.,"Homeostasis across diverse ecosystems, ranging from human hosts to environmental matrices, is profoundly governed by microbial communities. Dysbiosis, the disruption of this microbial equilibrium, leads to significant adverse outcomes in medicine, agriculture, aquaculture, and environmental health. This review synthesizes current knowledge on microbial transfusions, defined as the deliberate transfer of microbial communities or their components to restore, reconstitute, or enhance functional capacities across these systems. We explore the historical context and cutting-edge applications, including Fecal Microbiota Transplantation (FMT) for <i>Clostridioides difficile</i> infection, metabolic and neurological disorders, alongside advancements in vaginal microbiota transplantation. In agriculture, we summarize the engineering of soil microbiomes for enhanced plant health, stress adaptation, and bioremediation, as well as transplantation practices in livestock and wild species. Furthermore, we discuss the role of microbiota transplantation in aquaculture for improving fish health and disease resistance, highlighting both natural and synthetic consortia. The application of microbial communities in bioremediation and ecological restoration is explored, addressing challenges such as stability, cost, and ecological impacts. Ultimately, this review integrates these diverse applications within a ""One Health"" framework, emphasizing the systemic links among human, animal, and environmental microbiomes. We underscore the potential of microbiota transplantation as a sustainable strategy for restoring ecological balance while identifying critical research gaps and future directions regarding standardized methodologies and the long-term functionality of transplanted microbiomes.",Frontiers in microbiology
41787260,Association between vaginal microbiota in early pregnancy and gestational diabetes mellitus: a nested case-control study.,"BACKGROUND: To investigate the association between vaginal microbiota structure in early pregnancy and gestational diabetes mellitus (GDM) and to characterize microbial signatures for early screening for GDM. METHODS: The present study was a nested case-control study recruiting pregnant women from the Nanjing Gulou Maternal-Child Health Center, China. Vaginal swabs were collected before 20 weeks of gestation for 16S rRNA sequencing. Following 1:3 propensity score matching, 45 GDM cases and 135 controls were enrolled. The final analysis included 42 GDM cases and 121 controls. A random forest model was used to explore the genera of vaginal differential microbiota associated with GDM. Based on these findings, latent profile analysis (LPA) was conducted to explore potential types of vaginal microbiota, and logistic regression was used to analyze the association between vaginal microbiota types and GDM. RESULTS: The GDM group exhibited elevated alpha diversity (Chao1 index, P = 0.036), and the abundance of Aeromonas in early pregnancy was associated with the risk of GDM (aOR = 1.17, 95% CI: 1.01–1.29). LPA classified vaginal microbiota into five profiles: Type Ⅰ (high Aeromonas with low Lactobacillus), Type Ⅱ (Lactobacillus crispatus-dominant), Type Ⅲ (co-dominance of Lactobacillus iners and Lactobacillus jensenii), Type Ⅳ (co-dominance of Aeromonas and Lactobacillus crispatus), and Type Ⅴ (Lactobacillus iners-dominant). Compared with type II, type Ⅰ (aOR = 2.83, 95% CI: 1.25–6.40) or type IV (aOR = 3.02, 95% CI: 1.27–7.15) exhibited an elevated risk of GDM. Compared with Aeromonas abundance prediction, vaginal microbiota type-based prediction demonstrated superior diagnostic accuracy (Aeromonas-AUC = 0.629, 95% CI: 0.541–0.718; vaginal microbiota profiles-AUC = 0.775, 95% CI: 0.716–0.835). CONCLUSION: The composition and structure of vaginal microbiota in early pregnancy are different in the two groups. The vaginal microbiota in early pregnancy, which is characterized by co-dominated by Aeromonas and Lactobacillus crispatus, was associated with a higher risk of GDM. Vaginal microbiota type-based prediction demonstrated superior diagnostic accuracy than single bacteria.",BMC microbiology
41924422,Systems analysis of the HPV-microbiome-biofilm triad.,"Human papillomavirus (HPV) remains the leading cause of cervical cancer worldwide, however, its pathogenesis cannot be sufficiently explained by viral factors alone. Accumulating evidence highlights the critical role of cervicovaginal microbiome composition and biofilm formation in shaping viral persistence, epithelial barrier disruption and carcinogenic progression. This systems-based integrative synthesis analyzed peer-reviewed literature published between January 2000 and July 2025, retrieved from PubMed and Google Scholar with additional records identified through backward citation screening. The collected data were synthesized to construct a conceptual model of the HPV-microbiome-biofilm triad and to evaluate its clinical and biological implications. The analysis indicates that depletion of Lactobacillus-dominated communities and expansion of anaerobic taxa, particularly Gardnerella vaginalis, are associated with biofilm development, chronic inflammation and immune modulation. These interrelated processes form self-reinforcing feedback loops that promote HPV persistence and reduce therapeutic efficacy. Microbiome dysbiosis and biofilm formation were further linked to impaired epithelial integrity, altered cytokine signaling pathways and clinically relevant phenotypes including immune escape, metabolic shifts and treatment non-responsiveness. This systems perspective challenges reductionist pathogen-centered models and emphasizes the importance of integrating microbiome profiling and biofilm dynamics into cervical cancer risk stratification and therapeutic strategies. The coupled interactions between microbial communities, host immunity and viral persistence underscore the cervicovaginal ecosystem as an active regulator of disease progression rather than a passive bystander. Incorporating ecosystem-based parameters into clinical decision-making may enhance prognostic assessment and improve treatment outcomes, particularly in low- and middle-income countries where high HPV prevalence coincides with increased microbiome vulnerability. https://www.crd.york.ac.uk/PROSPERO/, identifier CRD420251208178.",Frontiers in cellular and infection microbiology
42102622,Influence of contraception on the vaginal microbiota in Argentine women.,"The study of vaginal dysfunction in women using various contraceptive methods is relevant, since each method modifies the vaginal microbiota and the host immune response differently. The aims of this study were: (1) To evaluate the prevalence of different contraceptive methods. (2) To evaluate vaginal imbalance, prevalence of bacterial vaginosis (BV), yeasts, trichomoniasis and vaginal inflammatory response (VIR). (3) To characterize Lactobacillus species in patients using different contraceptive methods (oral contraceptive pills (OCPs), condom, copper intrauterine device (Cu-IUD) and tubal ligation (TL). A total of 1326 patients underwent clinical examination and collection of vaginal fornix to study basic vaginal states (BVS) and culture; of these,1303 patients were finally included and divided into five groups: Group 1 (G1) OCs (n=314), Group 2 (G2) condom (n=385), Group 3 (G3) Cu-IUD (n=92), Group 4 (G4) tubal ligation (n=26), Group 5 (G5) control (n=486). The prevalence of vaginal imbalance was higher in G3, 48.9% (OR 1.57, p=0.05) compared to control. G3, 41.3% (OR 1.56, p=0.03) and G4, 50% (OR 2.21, p=0.05) were the groups with higher BV prevalence. The groups with the highest yeast prevalence were G3, 31.5% (OR 1.89, p=0.01) and G4, 38.5% (OR 2.56, p=0.02). Inflammatory states were present in 82.8% (OR 3.8, p=0.01) of G3 with yeasts. G3 had a higher prevalence of VIR of 58.7% (OR 1.71, p=0.01). Group 1 (31.6%) had a prevalence of Lactobacillus crispatus similar to that in the control group. A greater vaginal imbalance, prevalence of BV and yeasts was observed in Cu-IUD users. The microbiota balance and prevalence of L. crispatus was higher in OCP users. Cu-IUD users presented higher VIR.",Revista Argentina de microbiologia
42415152,The role of the vaginal microbiome in pregnancy loss and preterm birth: a commentary.,"Eubiosis or dysbiosis of the vaginal microbiome may influence the rate of pregnancy loss and preterm birth, the major cause of neonatal and perinatal mortality worldwide. This was a comparison of two vaginal microbiome studies; one a cohort study and the other a multinational randomised controlled feasibility study. Both studies used cultivation-independent molecular microbiological techniques that together have implications on the risk of pregnancy loss and preterm birth in association with vaginal dysbiosis. The cohort study identified a risk-associated vaginal microbiome signature in association with early pregnancy-loss that comprised an increase in the relative abundance of potentially dysbiotic organisms such as Lactobacillus iners, Sneathia and Prevotella spp and a concomitant decrease in the abundance of eubiotic microorganisms such as Lactobacillus crispatus. Convergent evidence across the two studies demonstrated that a synbiotic intervention was able to shift the vaginal microbiome from the signature demonstrated by Skafte-Holm et al., to a decrease in the abundance of Prevotella, Gardnerella and Atopobium spp, while simultaneously increasing the abundance of eubiotic vaginal Lactobacillus spp. We concluded that there is convergent evidence across the two studies which might otherwise have gone unnoticed. While neither study was powered to demonstrate clinical endpoints and did not establish causal relationships between microbiome modulation and pregnancy outcomes, when administered regularly, vaginal commensal probiotics in ice-cream were effective in optimizing both the vaginal and intestinal microbiota in pregnant women at increased risk of pregnancy loss, particularly preterm birth. This emphasises the need for adequately powered trials to test whether early pregnancy vaginal microbiome modulation can improve clinical outcomes.","Maternal health, neonatology and perinatology"
41068170,Interactive networks of donors and recipients of the TetM gene and its evolutionary dynamics across the bacterial domain.,"Identifying primary donors and recipients of the tetM gene is crucial for gaining a deeper understanding of the dynamics underlying the dissemination of resistance to tetracyclines in natural bacterial populations, including those of human and animal pathogens. This study modeled the major donor-recipient network of tetM, also providing important insights into the primary evolutionary mechanisms of this gene. The RDP4- and SplitsTree-embedded algorithms were used to detect genetic recombination events of tetM loci from different bacterial species and genera. FUBAR, MEME, and MEGA11 were employed to determine the evolutionary dynamics of this gene. A large tetM donor-recipient species network, exhibiting different bacterial genera, was determined based on the RDP4- and SplitsTree-generated inferences (P  ≤ 3.75E-02; bootstrap and fit values ≥ 90 and ≥ 94.9 respectively). 3 sites were identified as undergoing episodic diversifying selection, while 42 sites were under pervasive negative selection for this gene, with a discrete Gamma distribution value of 0.0500. Notably, Streptococcus agalactiae, Streptococcus equinus, Streptococcus pyogenes, Streptococcus pneumoniae, Enterococcus faecalis, Enterococcus faecium, and Gardnerella vaginalis were suggested to be the predominant donors of tetM involved in inter-species and/or intergeneric recombination. Genetic recombination and pervasive negative selection were suggested to be the primary driving forces underlying the evolution of tetM.",Scientific reports
42360164,The role of probiotics in restoring and maintaining vaginal microbiome health: a review.,"The vaginal microbiome is an important aspect of female reproductive health. The dominant microbial species of this ecosystem, <i>Lactobacillus</i>, offers protection from vaginal infections by maintaining lower pH levels and reducing potential pathogen colonization. Dysbiosis, or imbalance of the vaginal microbial ecosystem, has been associated with both common infections, such as bacterial vaginosis (BV), vulvovaginal candidiasis (VVC), and urinary tract infections (UTIs), and obstetric complications, including gestational diabetes, preterm labor, and obstetric anemia. This review provides an overview of the composition and function of the vaginal microbiota, emphasizing the role of <i>Lactobacillus</i> and other beneficial microbes and their mechanisms of action, including lactic acid and hydrogen peroxide production, competitive adherence, and immune modulation. Evidence from clinical trials supports the efficacy of these strains in reducing recurrence of BV, VVC, and UTIs. Additionally, emerging research shows promise for probiotic use in managing reproductive conditions such as gestational diabetes mellitus, preterm labor, and obstetric anemia. The review also discusses safety considerations, particularly in immunocompromised individuals, and the expanding interest in non-<i>Lactobacillus</i> genera like <i>Bifidobacterium</i> and <i>Bacillus</i>. Targeted probiotic interventions have great potential for restoring and maintaining a healthy vaginal microbiome, preventing recurrent infections, and helping improve reproductive outcomes. However, in order to incorporate these approaches in clinical practice, probiotic strains, delivery method, and dosage all need standardization.",Infection and immunity
41865058,Elucidation of vaginal microbiota of women associated with bacterial vaginosis from Northern region of India.,"Bacterial vaginosis (BV) is a prevalent vaginal dysbiosis that disproportionately affects women of reproductive age and is associated with adverse reproductive and sexual health outcomes. Despite its substantial global burden, diagnosis of BV remains challenging due to its polymicrobial nature, ecological complexity and lack of definitive biomarkers, contributing to recurrence rates exceeding 50%. Conventional diagnostic methods are intrinsically subjective and limited in capturing full taxonomic and ecological landscape of the vaginal microbiota. In this study, we aimed to comprehensively characterize the vaginal microbiota across BV-negative, BV-intermediate and BV-positive states in women from Northern India, using high-throughput 16S rRNA gene sequencing. We found that BV-positive women exhibited significantly greater microbial richness and diversity, marked by a shift from Lactobacillus-dominated communities to polymicrobial consortia enriched with Gardnerella, Sneathia, Prevotella, Atopobium, Megaspharea and Dialister. In contrast, BV-negative profiles were dominated by Lactobacillus, reflecting a stable eubiotic state, while BV-intermediate samples showed a transitional microbiota state. Differential abundance analysis revealed significant enrichment of BV-associated genera in dysbiotic states. Random Forest modeling identified Lactobacillus, Gardnerella, Atopobium, Veillonellaceae, Sneathia, Prevotella as the top predictors of BV status. Functional predictions indicated enrichment of secondary metabolite biosynthesis and pathogen-associated pathways in BV-positive samples, suggesting a metabolically altered and dysbiotic vaginal environment.",Scientific reports
41969639,<i>Lactobacillus iners</i> and vaginal microbiota diversity as risk factors of uterine cervix dysplasia: a prospective study.,"The aim of this study was to observe the vaginal microbiota composition in patients with cervical dysplasia. In this prospective study, 91 samples for vaginal microbial diversity examination were taken from the cervix and posterior vaginal fornix. Eighteen bacterial species, including <i>Lactobacillus</i> species, were identified by real-time PCR. Relative bacterial quantities (RQs) were calculated, and log2-transformed RQs were visualised with boxplots. The relationships between cytological abnormalities and bacterial species were calculated by nonparametric one-way ANOVA (Kruskal-Wallis test). For determination of bacterial diversity, the Shannon index was used. We demonstrated an increase in the abundance of vaginal microbes dominated by <i>L. iners</i> with increasing severity of cytologically and histologically confirmed cervical lesions, while HPV infection was present in 73.1% of community state type 3 samples. The presence of <i>G. vaginalis</i> and <i>U. parvum</i> in combination with <i>L. iners</i> was statistically significant. Our study also revealed considerably higher bacterial diversity in the community state type IV category. An increasing trend of bacterial diversity with increasing cytological severity of cervical lesions was also observed, although the difference was nonsignificant. This study suggests that <i>L. iners</i> has adverse effects on the development of cervical dysplasia, while <i>L. gasseri</i> and <i>L. crispatus</i> may play protective roles. We also pointed out the association of <i>L. iners</i> with anaerobic bacteria, and we suggest the potential role of bacterial diversity in cervical carcinogenesis.",Frontiers in reproductive health
42474312,"Comparative proteomics reveal striking differences in biofilm formation and virulence potential of <i>Gardnerella leopoldii</i>, <i>G. piotii</i>, and <i>G. vaginalis</i> isolates.","Bacterial vaginosis (BV) is a common, recurrent cause of abnormal vaginal discharge that is associated with an increased risk of sexually transmitted infections and adverse pregnancy outcomes. Despite its clinical significance, the pathogenesis of BV remains incompletely understood, limiting the effectiveness of current interventions. Although the <i>Gardnerella</i> genus has been proposed to play a pivotal role in BV pathogenesis via biofilm initiation, it was initially considered monotypic. This paradigm shifted with the recognition of species heterogeneity within the <i>Gardnerella</i> genus. Here, we examined <i>in vitro</i> biofilm growth and proteomes of a representative isolate from each of three <i>Gardnerella</i> species: <i>G. vaginalis</i>, <i>G. leopoldii</i>, and <i>G. piotii</i>. <i>G. leopoldii</i> and <i>G. piotii</i> formed more robust biofilms compared to <i>G. vaginali</i>s, with higher biomass, suggesting differences in extracellular matrix composition. Proteomic analysis identified significant differences in functional pathways and virulence proteins among the studied isolates. Cysteine synthase (CysK), implicated in cysteine synthesis and potentially possessing secondary functions, was enriched in the more robust <i>G. leopoldii</i> and <i>G. piotii</i> biofilms, suggesting a possible role in biofilm formation. Cytolysins were more abundant in the thinner <i>G. vaginalis</i> biofilms, whereas immune evasion proteins were more abundant in <i>G. leopoldii</i> biofilms. Adhesion and glycogen-degrading proteins varied in type and abundance across species. These findings reveal functional heterogeneity among the tested isolates and provide insight into how certain <i>Gardnerella</i> isolates establish biofilms. Targeting virulence factors identified in this study may offer novel strategies to disrupt <i>Gardnerella</i> biofilm formation to improve management of BV.IMPORTANCEBacterial vaginosis (BV) is a leading cause of abnormal vaginal discharge, associated with high post-treatment recurrence. <i>Gardnerella</i> species play a central role in BV via initiation of polymicrobial biofilms, yet species-specific contributions remain poorly understood. This work demonstrates that tested isolates of <i>G. leopoldii</i> and <i>G. piotii</i> form more robust biofilms compared to <i>G. vaginalis</i> and differentially produce proteins associated with immune evasion, adhesion, and biofilm formation. Certain proteins were enriched in the more robust biofilm producers, suggestive of differences that may contribute to strain-specific biofilm formation. By demonstrating fundamental differences among the studied isolate biofilms, these findings highlight <i>Gardnerella</i> heterogeneity and provide a foundation for future studies aimed at targeting <i>Gardnerella</i> biofilm formation in BV.",Journal of bacteriology
41634193,The Nugent score is an inappropriate diagnostic tool for neovaginal bacteria in transfeminine people.,"Many transfeminine people (assigned male at birth with feminine gender identities) undergo vaginoplasty, a surgical procedure constructing a neovagina, typically using penile and scrotal tissue. In cisgender females, gynecological symptoms (pain, discharge, malodor) are often attributed to bacterial vaginosis, which can be diagnosed using Nugent scoring of gram-stained vaginal smears. The Nugent score assesses the abundance of large gram-positive rods versus small or curved gram-variable rods, traditionally for the detection of Lactobacillus, Gardnerella vaginalis, and Mobiluncus, respectively. Although unvalidated, this method is frequently applied to neovaginal samples to diagnose gynecological symptoms and dysbiosis. This study assessed the Nugent score's utility for diagnosing neovaginal dysbiosis in transfeminine people. As a part of the TransBiota study, n = 39 transfeminine participants self-collected neovaginal smears. Smears were Gram stained and Nugent scored, and scores were correlated with data on neovaginal bacterial composition (16S rRNA gene sequencing), neovaginal cytokines (Luminex multiplex immunoassay), and self-reported symptoms. We show more than 70% of neovaginal smears fell in the 7-10 Nugent score range, indicative of Bacterial Vaginosis in cisgender women. However, scores fail to correlate with the abundance of Nugent-targeted bacteria. Bacteria with similar morphotypes, but not belonging to Lactobacillus, Gardnerella, or Mobiluncus, are highly abundant and prevalent in the neovagina. Nugent score also fails to predict local inflammation or clinical symptoms. The Nugent score is not an effective tool to identify neovaginal dysbiosis or indicators of health in transfeminine individuals. Clinicians need the development of accurate, evidence-based diagnostic tools for the neovagina.",Communications medicine
40796753,Endolysin selectively kills Gardnerella ex vivo in vaginal samples from women with bacterial vaginosis.,"Current treatments for bacterial vaginosis (BV) often result in recurrent disease. Gardnerella, a key player in BV pathogenesis, forms biofilms on vaginal epithelial cells. Recombinant endolysins have shown to specifically kill Gardnerella, but not commensal lactobacilli, in vitro. This study evaluated the pharmacodynamics of BNT331-endolysin (BNT331-EL) on vaginal samples from 49 women with BV (Nugent score ≥7, Amsel criteria, and clue cells). Whole genome sequencing confirmed BV-associated community state types IV-B and III, with Gardnerella dominating in 53% of samples and present in 86%. Ex vivo treatment with BNT331-EL reduced viable Gardnerella by ≥94% at 20-50 µg/mL over 19 h. L. iners was reduced by an average of 92% across samples, while L. crispatus proliferated where present in substantial amounts. Endolysin treatment effectively disrupted Gardnerella biofilms and reduced viable bacterial load in a time- and concentration-dependent manner. These results informed the definition of the treatment dose for a first-in-human trial with BNT331-EL.",NPJ biofilms and microbiomes
41745080,Microbiota Transplantation as a Future Novel Therapeutic Strategy Approach.,"Bacterial vaginosis (BV) is a leading cause of genital discomfort among women globally, and it arises from dysbiosis of the vaginal ecosystem characterized by the overgrowth of pathogenic bacteria. Current therapeutic strategies primarily rely on antibiotics and/or probiotics, which demonstrate clinical efficacy but are frequently associated with limitations such as antimicrobial resistance, high recurrence rates, and incomplete restoration of a healthy vaginal microbiota. Inspired by the success of fecal microbiota transplantation in gastrointestinal disorders, vaginal microbiome transplantation (VMT) from healthy donors has emerged as a potential alternative therapeutic approach for BV. However, experimental and early clinical studies indicate that VMT efficacy is not uniform across individuals, with considerable inter-individual variability in treatment outcomes. Host genetic factors, baseline vaginal microbial composition, immune status, and environmental influences are likely to modulate therapeutic success, underscoring the need for personalized interventions. This article critically evaluates the shortcomings of existing standardized treatments, highlights the potential advantages and challenges of VMT, and discusses emerging, precision-based therapeutic strategies for BV in light of recent research advances and ongoing clinical trials worldwide.","Diseases (Basel, Switzerland)"
40701012,Gardnerella vaginalis impairs extravillous trophoblast invasion via extracellular matrix-mediated MMP2 downregulation.,"Proper placental development is crucial during pregnancy, and extravillous trophoblasts (EVTs) play a key role in this process. Disturbances in EVT invasion are associated with complications, such as infertility and placental dysplasia. Recent studies have suggested that the female genital tract microbiota, particularly Gardnerella vaginalis (G. vaginalis), affects placentation. This study aimed to investigate the mechanisms by which the female genital tract microbiota influence placental development. The EVT cell line, Swan 71 (Sw. 71), was used to assess bacterial effects on EVT. Bacterial strains Lactobacillus crispatus, Lactobacillus iners, and G. vaginalis were cultured, and their culture supernatants or heat-killed bacteria were added to Sw. 71. Cell migration and invasion assays, real-time RT-PCR, and matrix metalloproteinase (MMP) 2 activity assays were performed. The culture supernatant of G. vaginalis significantly reduced the invasiveness of Sw. 71, while heat-killed bacteria had no effect. G. vaginalis did not affect MMP2 mRNA expression in Sw. 71 without an extracellular matrix (ECM); however, it significantly suppressed MMP2 mRNA expression and protein activity in Sw. 71 cultured on ECM. Expression of endogenous MMP inhibitors remained unchanged under ECM conditions. These results indicate that the soluble factors of G. vaginalis, rather than the bacterial cell structure itself, suppress MMP2 and inhibit invasion. This effect was observed only in the presence of the ECM, suggesting the existence of an ECM-mediated mechanism to inhibit invasion. Our findings identify a novel mechanism by which G. vaginalis impairs placentation, with potential implications for infertility and preeclampsia.",Placenta
42341424,"Gut, vaginal, and urinary microbiome alterations in women with genitourinary syndrome of menopause: A systematic review.","Genitourinary syndrome of menopause (GSM) is a chronic condition caused by estrogen deficiency, encompassing vaginal dryness, dyspareunia, and urinary symptoms. Alterations in the vaginal, urinary, and gut microbiome may contribute to GSM pathophysiology. We synthesize the evidence on microbiome composition and diversity across these compartments in postmenopausal women with GSM. PubMed, Scopus, and Embase were searched from inception to April 2026 for studies assessing the microbiome in postmenopausal women with GSM using 16S rRNA gene sequencing, metagenomics, or culture-based methods. Twenty-three studies (5027 participants) were included: 15 examined the vaginal microbiome, seven the urinary microbiome, and one the gut microbiome. Postmenopausal women consistently showed reduced Lactobacillus abundance and increased microbial diversity. Estrogen therapy partially restored Lactobacillus dominance but did not uniformly improve symptoms. In the SWAN cohort (n = 1320), sexual pain was the only GSM symptom independently associated with a specific community state type (CST IV-C1; OR 2.26, 95% CI 1.20-4.23). Specific species showed associations with distinct symptom domains: Prevotella with urinary symptoms, Finegoldia magna with recurrent urinary tract infection, and Streptococcus with sexual pain. Parallel Lactobacillus depletion and pathobiont enrichment across all three compartments pointed toward a vaginal-bladder-gut axis, potentially linked through estrobolome disruption and bacterial translocation. The postmenopausal genitourinary microbiome is characterized by Lactobacillus depletion and increased diversity, but microbiome restoration alone does not predict symptom resolution. The shared microbial alterations across compartments suggest a vaginal-bladder-gut axis that may collectively drive GSM, but this requires multi-compartment longitudinal validation. PROSPERO registration: CRD420261335478.",Maturitas
42482070,Cesarean section-induced changes in the gut microbiota facilitate metabolic disease in high-fat diet-induced obese mice.,"The global rate of cesarean section (CS) births is increasing. Growing evidence suggests that CS birth may alter the gut microbiota (i.e., dysbiosis) and increase the risk of immune and metabolic disorders, although confounding factors make causality difficult to establish. The studies presented here aimed to investigate the causal relationship between CS-induced gut dysbiosis and obesity in a diet-induced obese mouse model and explore potential microbiota-targeted therapies. In the first study, male C57BL/6 mice were delivered via CS or vaginally (VD) and fed a high- or low-fat diet (HFD, LFD) for 12 weeks. In the second study, male germ-free BALB/c mice were transplanted with fecal microbiota from 1-month-old infants born by CS or VD and fed a HFD or HFD + human milk oligosaccharides (HMOs) for 16 weeks. CS in mice induced only minor differences in weight gain and had no effect on other metabolic endpoints, likely because there was no difference in the gut microbiota between the CS and VD mice. In contrast, mice colonized with the human CS microbiota weighed significantly more and developed greater insulin resistance than mice colonized with the VD microbiota. These phenotypic changes were accompanied by alterations in serum cytokines, adipokines and metabolic hormones as well as differential gene expression across multiple metabolic tissues. Notably, these manifestations were partially ameliorated by HMO supplementation and by administration of Bacteroides fragilis, a taxon depleted in the CS donor microbiota, which directly reduced circulating FGF-21 levels, implicating this bacterium in host metabolic regulation. CS-induced gut dysbiosis can increase the risk of developing obesity and insulin resistance, but without dysbiosis, the metabolic effects of CS birth in isolation are minimal, suggesting that promising therapeutic targets may be identified in the gut microbiome. Video Abstract.",Microbiome
41612413,Bacterial vaginosis in microscopic examination of Pap smears in patients with high-risk HPV is associated with viral persistence and cytological progression in a longitudinal study.,"BACKGROUND: The vaginal microbiome is increasingly studied using sequencing approaches; however, the exact bacterial community structure in vaginal diseases, e.g. bacterial vaginosis (BV), remains unclear. Vaginal Pap smears routinely obtained in preventive screening programs can also be evaluated with high accuracy regarding microbial colonization by means of microscopy. METHODS: This longitudinal retrospective case control study aims to investigate the relationship between microscopic vaginal flora observed in Pap-smears and Human Papilloma Virus (HPV) clearance, persistence or progression using HPV-PCR tests and the results of the Pap-smears. Two cohorts of high-risk HPV positive patients were formed. Cohort A (n = 136) was observed over a two-year time period 2020–2022, while cohort B (n = 160) was observed over a one-year period from 2021 to 2022. Each case group consisted of BV-positive patients that were compared to BV negative patients as controls. RESULTS: It was found that the case groups in both cohorts had a higher HPV persistence rate and a higher rate of progression at follow-up. Lactobacillus flora was consistently associated with favorable outcomes, particularly higher HPV clearance rates across both cohorts and the entire observation period. In contrast patients with bacterial vaginosis (BV) were associated with significantly increased risk of HPV progression, especially in Cohort B, supporting its role as risk factor in the development of precancerous cervical lesions. CONCLUSION: The integration of microscopic flora assessment into screening programs for cervical cancer may help to improve risk stratification in HPV positive women. Our findings suggest that, BV-positive patients may benefit from a closer follow-up period and earlier therapeutic intervention. CLINIAL TRIAL NUMBER: Not applicable.",Infectious agents and cancer
42175520,Dietary patterns supportive of gut microbiota and bacterial vaginosis: A cross-sectional analysis from NHANES 2001 to 2004.,"Bacterial vaginosis (BV) is the leading form of vaginal microbiome imbalance in women of reproductive age and has been associated with dietary patterns and gut microbial profiles. This study investigated the association between a literature-based dietary index for gut microbiota (DI-GM) and BV prevalence in US women. We conducted a cross-sectional analysis of 1169 nonpregnant women aged 20 to 49 years from the National Health and Nutrition Examination Survey 2001 to 2004 with Nugent score measurements and complete dietary data. BV was defined as a Nugent score ≥ 7. Dietary intake was assessed via two 24-hour recalls, and DI-GM was computed based on 14 food groups classified as beneficial or unbeneficial for gut microbial health. Multivariable survey-weighted logistic regression models were used to estimate odds ratios and 95% confidence intervals. BV prevalence was 31.2%. Higher DI-GM scores were associated with lower odds of BV; women with scores ≥6 had reduced odds compared with those with scores of 0 to 3 (adjusted odds ratio = 0.75; 95% confidence interval: 0.60-0.94; P = .015; P-trend = .013). In conclusion, higher DI-GM scores were inversely associated with BV prevalence in this cross-sectional study. These findings should be interpreted cautiously, and prospective studies are needed to confirm causality.",Medicine
42283564,Integrated multi-omics analysis uncovers cervicovaginal ecological networks and their association with <i>Chlamydia trachomatis</i> load.,"<i>Chlamydia trachomatis</i> (Ct) is a causal agent of upper reproductive tract pathology. There is a broad spectrum of cervical Ct load in infected women, and upper tract infection is associated with higher cervical Ct load. Recent studies indicate that bacterial vaginosis (BV) can modulate host-Ct outcomes. To identify features associated with BV status and Ct load, we performed an integrated multi-omics analysis of the cervicovaginal microbiome, tryptophan metabolome, and cytokines. Samples were analyzed using 16S rRNA gene sequencing, targeted UPLC-MS/MS quantification of tryptophan metabolites, and multiplex cytokine profiling. Ordination analyses showed that BV status was separated by the microbiome, metabolome, and cytokines, whereas Ct load was separated only by cytokines. K-means clustering of tryptophan metabolites defined three metabolome state types (MSTs). MST I, associated primarily with <i>Lactobacillus crispatus</i>-dominated community state type (CST) I, exhibited high tryptophan availability, indole-3-lactic acid, and complete kynurenine-pathway activity. Both MST II and MST III were associated with BV-associated CST IV and showed marked tryptophan depletion. MST II was broadly depleted of most tryptophan metabolites, while MST III was enriched in downstream microbially derived indole pathway metabolites and kynurenic acid. Hierarchical all-against-all association testing revealed coordinated relationships linking clusters of bacterial taxa, metabolites, and cytokines. Importantly, multi-omics network analyses identified integrated microbial-metabolic-immune modules that predicted high versus low Ct load, highlighting CXCL9, CXCL10, IL-17, BV-associated taxa, and indole pathway metabolites as key discriminative features. Results demonstrate that cervical Ct load reflects coordinated microbial-metabolic-immune ecological states rather than microbiome composition alone and refine current models of Ct-BV interactions.",Infection and immunity
41835974,Prevalence of different types of vaginitis in Pap-smear samples from the Women's Clinic of Firouzabadi Hospital in Tehran 2019 to 2021.,"Vaginitis is one of the most common causes of referrals to gynecologists and obstetricians. It is characterized by symptoms such as itching, vaginal discharge, and redness. The three main causes of vaginitis are bacteria, various species of yeast and the protozoan <i>Trichomonas (T.) vaginalis</i>. <i>Candida albicans</i> has been considered as the main cause of vulvovaginitis in different regions of the world. The most common types of anaerobic bacteria in bacterial vaginitis are <i>Gardnerella vaginalis</i>, Bacteroidetes, Prevotella and Peptostreptococcus spp. In Iran to date, few population-based studies have been conducted in relation to vaginitis. As Pap-smear studies are conducted for investigating tissue changes in order to diagnose malignancy, these clinical tests are also appropriate sources for the evaluation of vaginitis. This is a cross-sectional, retrospective study to investigate different types of vaginitis based on its causative agent, and to examine its complications. All female patients between the ages of 21 and 75 who were referred to the Women's Clinic of Firozabadi Hospital during the years 2019 to 2021 were included in this study. Demographic information, including age and sex, as well as information related to the type of infection, the degree of inflammation, the presence or absence of squamous metaplasia, and the presence or absence of vaginal atrophy, were extracted from the patient files in the archives of Firozabadi Hospital. Out of the 2050 people studied, 165 (12.4%) had a positive Pap smear to diagnose vaginitis. The average age of the studied patients was 43. ±9.9 years; the age range was 21 to 72 years. Bacterial vaginitis (BV) was the most prevalent type (54.5%), the second-most frequent type was candidiasis vaginitis, and the least frequent type was caused by <i>T. vaginalis</i>. The high prevalence of BV indicates that vaginitis is a major problem in the clinic. The use of Pap smear is not only a useful indicator in cytology to detect premalignant changes, but it can also be a useful and practical method in diagnosing the type of vaginitis. Furthermore, Pap smears as a diagnostic method for vaginitis can help provide correct treatment, design prevention programs, strengthen the immune system, and prevent multiple vaginal flora changes.",GMS hygiene and infection control
40102772,Detection of sexually transmitted infection agents in pregnant women using multiplex polymerase chain reaction method.,"Sexually transmitted infections (STIs) are a significant public health concern that can lead to serious outcomes such as infertility, pregnancy complications, and neonatal infections. This study aimed to evaluate the prevalence of STI and their associated risk factors in symptomatic and asymptomatic pregnant women. Between July and October 2024, a total of 300 pregnant women in their third trimester, including 113 symptomatic and 187 asymptomatic individuals aged 18 to 45 years, who sought antenatal care at the Gynecology and Obstetrics Clinic of Ankara Etlik City Hospital, were included in the study. The detection of STIs agents in vaginal swab samples was performed using multiplex polymerase chain reaction in the Molecular Diagnosis Laboratory of the Department of Microbiology. The overall prevalence of STIs was 34.3% (103/300), with single and multiple infections accounting for 28.3% and 6.0% of cases, respectively. The most frequently detected pathogens were Ureaplasma parvum/urealiticum (29.0%), Mycoplasma hominis (4.6%), and Chlamydia trachomatis (2.3%). Co-infections were commonly observed between Ureaplasma parvum/urealiticum and Mycoplasma hominis. No significant difference in STI prevalence was observed between the symptomatic (35.4%) and asymptomatic (33.7%) groups. Co-infection with non-STI bacterial agents, such as Gardnerella vaginalis and Streptococcus agalactiae, increased the risk of STIs by 1.96 times (p = 0.006). This study revealed that STIs occur at similar rates among symptomatic and asymptomatic pregnant women. This finding highlights the critical importance of detecting asymptomatic cases to prevent the spread of silent infections and to safeguard maternal and neonatal health. Ureaplasma parvum/urealiticum were identified as the most common pathogens. Given that co-infections with non-STI bacterial agents significantly increase the risk of STIs, multiplex PCR-based multicenter and prospective studies are essential to refine screening strategies for pregnant women.",BMC pregnancy and childbirth
41989195,Cervicovaginal dysbiosis and microenvironment disruption are associated with cervical carcinogenesis.,"Cervical cancer poses a serious threat to women's health. Emerging evidence indicates that changes in the cervicovaginal microbiota (CVM) and vaginal microenvironment may play a crucial role in cervical carcinogenesis. In this study, we examined CVM and vaginal microenvironment profiles in 510 participants with varying stages of cervical lesions using 16S rRNA sequencing, vaginal pH and H<sub>2</sub>O<sub>2</sub> measurements, and cleanness assessment. A co-occurrence network and generalized multifactor dimensionality reduction model were employed to analyze the correlation and interaction between microbial taxa and microenvironment profile. Our results demonstrated that CVM disorder and abnormal vaginal microenvironment were associated with cervical lesions. As cervical cancerization progressed, the abundance of <i>Lactobacillus</i> gradually decreased with thriving anaerobe levels in the deteriorating vaginal microenvironment. This interaction was characterized by high vaginal pH, a non-<i>Lactobacillus</i>-dominant microbiota, and high CVM diversity (Shannon index ≥ 0.81). Co-occurrence network analysis revealed that abnormal pH and H<sub>2</sub>O<sub>2</sub> levels correlated with <i>Lactobacillus</i> depletion and had a positively co-occurring relationship with anaerobes in precancerous cervical lesions. CVM function significantly varied with changes in the vaginal microenvironment across different stages of cervical lesions. Our findings suggest that CVM dysbiosis, particularly when combined with an abnormal vaginal microenvironment, may promote the progression of cervical lesions. This highlights the importance of addressing vaginal microecology to prevent cervical carcinogenesis.IMPORTANCECervicovaginal microbiota (CVM) and vaginal microenvironment in human papillomavirus infection are associated with the progression of cervical carcinogenesis. CVM dysbiosis, particularly the decrease in <i>Lactobacillus</i> and the increase in anaerobes, is crucial in promoting the malignant progression of cervical lesions. As cervical carcinogenesis progresses, the relative abundance of anaerobes increases in the deteriorating vaginal microenvironment. We systematically analyzed the relationship between CVM and the vaginal microenvironment in cervical lesions, aiming to reveal the contribution of CVM with specific vaginal microenvironmental features and its functional changes in the progression of cervical carcinogenesis. Our results may provide new insights into the etiology and pathogenesis of cervical cancer from the perspective of vaginal microecology.",Microbiology spectrum
40362493,Association Between Vaginal Microbiota and Cervical Dysplasia Due to Persistent Human Papillomavirus Infection: A Systematic Review of Evidence from Shotgun Metagenomic Sequencing Studies.,"The role of vaginal dysbiosis in the progression of human papilloma virus (HPV) associated cervical lesions has gained attention in recent years. While many studies use 16S rRNA gene sequencing for microbiota analysis, shotgun metagenomic sequencing offers higher taxonomic resolution and insights into microbial gene functions and pathways. This systematic review evaluates the relationship between compositional and functional changes in the vaginal microbiome during HPV infection and cervical lesion progression. A literature search was performed according to PRISMA guidelines in PubMed, Web of Science, Scopus, and ScienceDirect databases. Seven studies utilizing metagenomic sequencing in patients with HPV infection or HPV-associated cervical lesions were included. Progression from HPV infection to cervical lesions and cancer was associated with a reduction in <i>Lactobacillus</i> species (particularly <i>Lactobacillus crispatus</i>) and an enrichment of anaerobic and pathogenic species, especially <i>Gardnerella vaginalis</i>. Heterogeneous enriched metabolic pathways were also identified, indicating functional shifts during lesion progression. As most studies were conducted in Asia, further research in diverse regions is needed to improve the generalizability of findings. Future studies employing metagenomic sequencing may help identify biomarkers for early pre-cancerous lesions and clarify the role of vaginal microbiota in persistent HPV infection and cervical dysplasia.",International journal of molecular sciences
42081188,Assessing the Impact of Female Genital Mutilation/Cutting on Genital Inflammation and Microbiota Among Kenyan Female Sex Workers.,"Female genital mutilation/cutting (FGM/C) is harmful to physical, mental, and reproductive health, though the effect of this practice on a woman's HIV susceptibility is poorly understood. Despite the known associations of FGM/C with short-term vaginal epithelial damage, neither genital inflammation nor the genital microbiome have been explored in women who have undergone FGM/C. In this study we compare the genital immune milieu and microbiome among female sex workers (FSWs) by FGM/C status, hypothesizing that these biological factors are dysregulated in women who have undergone FGM/C, heightening their risk of HIV acquisition. 1003 FSWs in Nairobi, Kenya, were enrolled in the Maisha Fiti study and visited a study clinic up to three times from June 2019 to March 2021. Participants self-reported any previous exposure to FGM/C as well as other relevant sociodemographic factors. Levels of proinflammatory cytokines and soluble E-cadherin (sE-cad), a biomarker of epithelial barrier disruption, were measured by multiplex immunoassay using self-collected cervicovaginal secretion samples provided by HIV-uninfected participants. Genital inflammation was defined using a composite score of inflammatory cytokines previously associated with HIV acquisition. The presence of inflammation was compared longitudinally between groups using mixed models to control for potential confounders including age, bacterial vaginosis (BV) status as defined by Nugent score, and others. Vaginal bacterial abundance, Shannon diversity, and total levels of key vaginal bacteria were measured by qPCR and compared by FGM/C status in an exploratory analysis. 44 of 1003 (4%) participants had undergone Type I or II FGM/C. These participants were older (p < 0.001) and more likely to test positive for herpes simplex virus-2 (HSV-2; p = 0.04), and less likely to have completed primary education (p = 0.03). Among HIV-uninfected participants, there was no evidence that genital inflammation was associated with FGM/C status after controlling for potential confounders (aOR = 0.70; 95% CI: 0.31-1.59; p = 0.40). There was no evidence of a difference in BV prevalence (p > 0.99), total bacterial abundance (p = 0.96), or Shannon diversity (p = 0.15) by FGM/C status. Type I or II FGM/C was not associated with genital inflammation or microbial dysregulation in the long-term among HIV-negative FSWs in this cohort. This may be due to the duration elapsed since FGM/C occurred or the lowered mucosal immune activation previously observed in FSWs.","American journal of reproductive immunology (New York, N.Y. : 1989)"
42263077,Higher BMI is associated with vaginal microbiome alterations in women with PCOS.,"Polycystic ovary syndrome (PCOS) is commonly associated with obesity and metabolic disturbances. Although gut and vaginal microbiome changes have been linked to PCOS, the independent role of body mass index in these alterations remains unclear. This study aimed to compare gut and vaginal microbiomes in women with PCOS and healthy controls, emphasizing the impact of body mass index. Seventy-five women were enrolled, including 55 with PCOS and 20 healthy controls. Participants were stratified into normal-weight (<25) and overweight (≥25) groups. Vaginal and anorectal swabs were analyzed using full-length 16S rRNA nanopore sequencing. Microbial diversity and composition were assessed with alpha diversity indices, principal component analysis, analysis of composition of microbes, PERMANOVA, and vaginal community state type classification. Without body mass index stratification, women with PCOS showed differences in several vaginal taxa compared with healthy controls. Within the PCOS cohort, overweight women exhibited higher vaginal alpha diversity, reduced Lactobacillus dominance, and enrichment of anaerobic taxa compared with normal-weight women with PCOS. Differences in vaginal microbial composition were also observed between healthy and PCOS women with normal body mass index. In contrast, gut microbiome alterations were limited and less consistent across analytical approaches. Vaginal community state type analysis revealed predominance of class IV communities in both healthy women and women with PCOS. These findings suggest that higher body mass index is associated with vaginal microbiome alterations in women with PCOS, although PCOS-related factors independent of body weight may also contribute to the observed microbial differences. Polycystic ovary syndrome is a common condition that affects hormones, fertility, and metabolism in women. Many women with this condition are also overweight, but it is not fully understood how body weight influences the bacteria living in the body. In this study, we compared bacteria present in vaginal and anorectal samples from women with and without polycystic ovary syndrome, while also considering body weight. We found that women with higher body weight had more noticeable changes in vaginal bacterial composition, including lower amounts of protective Lactobacillus bacteria and higher diversity of anaerobic bacteria. At the same time, some bacterial differences were also observed in women with polycystic ovary syndrome who had normal body weight. Changes in gut bacteria were smaller and less consistent. These findings suggest that both body weight and polycystic ovary syndrome may influence vaginal bacterial composition and should be considered in future studies of women's reproductive health.",Reproduction & fertility
41860655,Highly diverse and anaerobe-dominated vaginal microbiota in women living with HIV: a cross-sectional study.,"Although highly active antiretroviral therapy (HAART) suppresses HIV viral load and extends life, rising non-AIDS-defining events (NADEs) underscore the importance of long-term health, including reproductive tract health in women living with HIV (WLWH). This study compared vaginal microbiota in WLWH versus women without HIV infection (WLWNH) to inform reproductive health assessment and intervention. Vaginal swabs from 76 WLWH and 74 WLWNH (Beijing Ditan Hospital, Sept-Oct 2022) underwent 16S rRNA gene sequencing. We used hierarchical clustering to categorize community state types (CSTs I-V) and Adonis for inter-group differences. Pearson correlation assessed relationships between CD4 + T cells and differential bacteria, while Spearman correlation evaluated microbial co-occurrence network interactions (visualized via Gephi0.10.1). Neutral community modeling evaluated assembly processes. WLWH exhibited higher vaginal microbial diversity. Compared to WLWNH, Gardnerella vaginalis showed higher relative abundance in WLWH CST III (P = 0.001). Additionally, urogenital pathogens Aerococcus christensenii and Ureaplasma urealyticum were significantly enriched in WLWH CST III (P = 0.028, P = 0.033; AUC = 0.704, 0.721, respectively) and CST IV (P = 0.024, P = 0.031; AUC = 0.657, 0.646, respectively). In CST III, CD4 + T cell counts correlated positively with Aerococcus christensenii (r = 0.49, P = 0.044). Neutral community modeling demonstrated that microbiota assembly in WLWH was primarily shaped by stochastic processes (R<sup>2</sup> = 0.37 vs 0.219) with significantly restricted microbial dispersal (Nm = 9 vs14). WLWH exhibit a distinct, highly diverse vaginal dysbiosis enriched with anaerobic and urogenital pathogenic bacteria. This post-HIV infection dysbiosis may predispose women to subsequent genital infections; future longitudinal research comparing pre- and post-infection microbiome dynamics will be crucial for optimizing gynecological management.",Infection
41980904,Evaluating Sequencing Strategies for Endometrial Microbiome Profiling in Endometrial Cancer: A Comparative Study of Short- and Long-Read 16S rRNA Approaches.,"Endometrial cancer (EC) is the most common gynaecological malignancy globally, with rising incidence and notable disparities in outcomes. In New Zealand, EC rates have increased significantly, particularly among Māori and Pacific women, who face higher risks of advanced disease and poorer outcomes. Microbial dysbiosis has been implicated in EC pathogenesis, but characterising the uterine microbiome is challenging due to low microbial biomass and high contamination risk. This study aimed to pilot a protocol that could inform the preparation of a larger cohort trial. Short-read Illumina MiSeq and long-read Oxford Nanopore Technologies (ONT) 16S rRNA gene sequencing were investigated to profile the uterine microbiome in people with EC. Uterine and vaginal swabs were analysed to assess platform performance in terms of DNA recovery, sequencing success, diversity metrics, and taxonomic resolution. The impact of sample freezing or immediate lysis prior to DNA extraction was also evaluated. ONT sequencing provided enhanced species-level resolution and improved detection of low-abundance taxa but showed variable performance in low-yield samples. Freezing prior to cell DNA extraction modestly increased bacterial 16S copy numbers and improved community consistency. Contamination was a problem across both platforms, particularly in low-biomass samples, but can be minimised during data analysis. This study provides practical guidance for sequencing platform selection and sample handling in uterine microbiome research. Our findings support future efforts to elucidate microbial contributions to EC pathogenesis and highlight the importance of rigorous contamination control. Importantly, this is the first presentation of a New Zealand cohort and contributes valuable data from an underrepresented population and informs future research in diverse clinical settings.","Cancer reports (Hoboken, N.J.)"
41408160,Vaginal Weissella confusa MV0113 suppresses pathogens and restores microbiota to alleviate bacterial vaginosis: integrated genomic and in vivo evidence.,"Bacterial vaginosis (BV), the most common vaginal infection in women of reproductive age, shows high recurrence after antibiotic therapy, highlighting the need for novel probiotic approaches. This study aimed to evaluate the probiotic properties of the vaginal isolate Weissella confusa MV0113 and its potential role in preventing and managing BV. MV0113 remained sensitive to clinically relevant antibiotics and produced high levels of lactic acid and hydrogen peroxide. Its cell-free supernatant inhibited Candida albicans and Gardnerella vaginalis biofilms, showing greater activity than the reference probiotic Lactobacillus rhamnosus GG (LGG). Strong adhesion of MV0113 to HeLa cells was observed, suggesting preliminary potential for mucosal colonization. Whole-genome sequencing indicated functional potential for carbohydrate metabolism and bacteriocin production. In a mouse model of BV, MV0113 treatment alleviated vaginal inflammation, modulated cytokine expression, and restored microbial balance by increasing Lactobacillus abundance and reducing pathogens. By integrating genomic, in vitro, and in vivo analyses, our findings suggest that MV0113 is a promising probiotic candidate for BV management, warranting further clinical validation.",BMC microbiology
41999406,"Bacterial dysbiosis, cervicovaginal human papillomaviruses and inflammation persist in women living with HIV-1 after a year of antiretroviral treatment.","The cervicovaginal microbiome may affect HIV-1 susceptibility and can in turn influence the prevalence and clinical course of HIV-1 and other sexually transmitted diseases. As the determinants, immunological correlates and clinical effects of the dysbiosis observed in women living with HIV-1 (WWH) remain elusive, we evaluated the vaginal immunologic milieu, cervicovaginal microbiome and prevalence of human papillomaviruses (HPV) in antiretroviral-naïve WWH over their first year of antiretroviral therapy (ART). 83 ART-naïve Ugandan WWH were enrolled in a longitudinal observational trial. Clinical evaluation and sampling of cervicovaginal secretions and plasma were performed at 0, 8, 24 and 52 weeks post-ART initiation. Amplification of the 16S-rRNA gene V3-V4 region was used to determine the cervicovaginal microbiome. A multiplex bead-array assay was used to quantify the concentration of biomarkers while a PCR-based hybridization assay was utilized for HPV detection and genotyping. Gardnerella was the most abundant genus with a median relative abundance of 35% before ART maintaining a high prevalence throughout the study. Vaginal bacterial diversity did not change after ART, although the relative abundance of some genera, including the bacterial-vaginosis-associated bacteria Peptostreptococcus and Prevotella, decreased compared to baseline. Inflammatory biomarkers remained elevated in the cervicovaginal compartment despite prompt decreases in plasma.The prevalence of high and low-risk HPV types remained stable despite ART. Suppression of HIV-1 replication is not sufficient to revert dysbiotic changes, proinflammatory immunological milieu and persistent HPV infections. Exploration of targeted strategies to restore cervicovaginal mucosal immunological functions in WWH is warranted.",The Journal of infectious diseases
42063801,Postpartum Pain and Vaginal-Gut Microbiota Interactions: An Integrative Narrative Review with Implications for Maternal Recovery and Pain Modulation.,"Postpartum pain is a common and often underrecognized complication that adversely affects maternal recovery, quality of life, and psychological well-being. Emerging evidence suggests that alterations in the vaginal and gut microbiota during the puerperium may play a critical role in modulating these outcomes. This integrative narrative review synthesizes available evidence on the associations between postpartum pain and the composition of the vaginal and gut microbiota, with a focus on mechanistic pathways and clinical implications for maternal recovery. A systematic literature search was conducted in PubMed, Embase, and Web of Science for studies published between January 2017 and December 2025. Search terms encompassed postpartum pain, vaginal microbiota, gut microbiota, dysbiosis, and inflammation. Eligible studies included original research, clinical trials, and systematic reviews examining microbiota composition and pain-related outcomes in postpartum populations. Findings were synthesized narratively due to heterogeneity in study designs and outcome measures. Following delivery, the vaginal microbiota frequently shifts from Lactobacillus-dominated communities toward more diverse, pathogen-enriched profiles, while the gut microbiota undergoes substantial remodeling. This microbial dysbiosis, compounded by impaired epithelial barrier function, is associated with increased risks of puerperal infection and enhanced local and systemic inflammation. Such inflammation may sensitize peripheral nociceptors and amplify pain signaling through immune-neural interactions. Furthermore, microbiota-driven inflammation appears to influence central pain processing via the gut-brain axis, including glial activation, which may contribute to pain persistence beyond the acute postpartum period. Key obstetric factors, including mode of delivery, episiotomy, antibiotic exposure, and breastfeeding practices, modulate both microbiota composition and postpartum pain outcomes. Maternal vaginal and gut microbiota represent modifiable contributors to postpartum pain. Microbiota-informed strategies, such as probiotic supplementation or dietary interventions, may serve as adjunctive approaches to pain management. Well-designed longitudinal and interventional studies are needed to establish causality and guide clinical translation.",Journal of pain research
42119957,Internalization dynamics and cytoskeletal effects of Gardnerella vaginalis and its extracellular vesicles in vaginal epithelial cells.,"Gardnerella vaginalis, an important bacterial pathogen associated with bacterial vaginosis, produces bacterial extracellular vesicles (bEVs), which can contribute to cellular pathogenesis. However, comprehensive host-microbe crosstalk mechanisms such as cellular entry route, after internalization, and host cytoskeleton modifications remain poorly characterized. In this study, we treated female reproductive tract cell lines with G. vaginalis and its vesicles. To evaluate their entry routes, host cells were pretreated with pharmacological inhibitors and treated with labelled bacterial cells or derived vesicles. Next, to delineate the endolysosomal processing routes, vaginal epithelial cells were stained to enable the visualization of endosomal and lysosomal compartments. The results revealed that G. vaginalis and its vesicles were internalized in vaginal epithelial cells and followed nonspecific and caveolin-dependent endocytosis, respectively. Confocal imaging showed that while internalized vesicles trafficked to intracellular compartments, consistent with the endolysosomal pathway, the G. vaginalis underwent noncanonical processing, suggesting a possible escape from cellular degradation. Of note, vesicles mediated F-actin rearrangements consistently in all female genital tract cells while G. vaginalis exhibited this phenomenon only in non-vaginal cells. These novel findings of entry routes, intracellular fates, and G. vaginalis- and vesicle-mediated cytoskeletal changes in host cells advance our understanding of cellular pathogenesis associated with bacterial vaginosis.",Microbial pathogenesis
41953674,<i>Gardnerella</i> biofilm formation <i>in vitro</i> is facilitated by braided sutures: implications for cervical cerclage.,"In pregnant individuals with certain indications, sutures may be placed circumferentially around the uterine cervix to prevent dilation. Compared to monofilament sutures, the use of braided suture materials has been linked with the development of a dysbiotic vaginal microbiome, as well as higher rates of infection-associated pregnancy outcomes such as chorioamnionitis and preterm birth. In bacterial vaginosis (BV) anaerobic bacteria, including pathogens, overgrow, forming biofilms in direct proximity to the host epithelium. Gardnerella is highly represented among bacterial vaginosis-like microbiotas. To test our working hypothesis that braided sutures may better support the establishment of high biomass bacterial biofilms compared to monofilament sutures, we measured the extent of Gardnerella bacteria biofilm formation on braided and monofilament sutures in the laboratory. Multiple Gardnerella strains were grown in the presence of braided or monofilament suture materials (polyester or polybutylate-coated polyester versus polypropylene or nylon), and the (biofilm) biomass was measured using crystal violet staining. Sutures incubated without Gardnerella were included as controls. To compare staining of biofilm biomass between groups, one-way ANOVA was performed and Šidák was used for pairwise comparisons to control for multiple comparisons between groups. Gardnerella formed significantly more biofilm biomass (>10-fold) on braided polyethylene terephthalate (polyester) sutures compared to monofilament (polypropylene or nylon) sutures (p < 0.0001). This feature was applicable to multiple strains across different taxonomic subsets of Gardnerella. Together with existing literature, these findings suggest that braided sutures might promote the development of dysbiotic BV-like microbiomes after cerclage placement by facilitating Gardnerella biofilm formation.",Frontiers in cellular and infection microbiology
41929693,Integrated metagenomic and metabolomic profiling of spontaneous preterm birth in Chinese women.,"Spontaneous preterm birth (sPTB) remains a major cause of neonatal morbidity and mortality. We used integrated metagenomics and untargeted metabolomics to identify vaginal microbial and host metabolic signatures associated with sPTB in Chinese women. Vaginal swabs (sPTB, <i>n</i> = 37; term, <i>n</i> = 62) and available maternal plasma were profiled by shotgun metagenomic sequencing and UHPLC-HRMS metabolomics. Group differences in microbial diversity/taxa and metabolite features were evaluated, followed by pathway enrichment and microbiome-metabolome correlation analyses. Compared with term controls, sPTB was characterized by reduced Lactobacillus dominance, higher vaginal microbial alpha diversity (<i>p</i> < 0.05), and distinct community structure (PERMANOVA <i>p</i> < 0.001). Metabolomic profiles of plasma and vaginal fluid differentiated sPTB from term pregnancy and highlighted decreased pantothenic acid and increased 4-pyridoxic acid, together with lipid and amino-acid perturbations. Pantothenic acid showed good discrimination (AUC = 0.82), and a multi-metabolite model improved classification (AUROC = 0.9544). KEGG analysis implicated vitamin B6 metabolism, pantothenate/CoA biosynthesis, and glycerophospholipid metabolism. Microbiome-metabolome integration dentified exploratory an sPTB-associated pattern in which Lactobacillus (e.g., <i>L. crispatus</i>) was positively correlated with pantothenic acid, while dysbiosis-/pathogen-associated taxa (including <i>C. trachomatis</i>) correlated with 4-pyridoxic acid. sPTB in this Chinese cohort is associated with concurrent vaginal dysbiosis and systemic/local metabolic disturbances, supporting integrated microbiome-metabolite markers for risk stratification and potential preventive targets.",Frontiers in microbiology
42143583,Systems-level restoration of vaginal and gut microbiota by Lactobacillus helveticus 20838 alleviates Gardnerella vaginalis-induced dysbiosis.,"Bacterial vaginosis (BV), often driven by Gardnerella vaginalis overgrowth, is characterized by epithelial disruption, inflammation, and microbiome dysbiosis across the vaginal and gut ecosystems. Affecting a majority of women during their reproductive years, BV increases the risk of infection and reproductive complications. Here, we identify a novel probiotic strain, Lactobacillus helveticus 20838, exhibiting potent antagonistic activity against G. vaginalis and evaluate its ecological and immunological effects in a murine model of vaginitis. Comparative genomics revealed distinct adaptive and antimicrobial traits of L. helveticus 20838 relatives to the reference strain DPC4571. Both oral and intravaginal administration reduced G. vaginalis colonization, suppressed Tnf-α and Il-1β expression in vaginal tissue, and prevented pathological epithelial thickening. Multi-omics profiling of fecal and vaginal samples demonstrated restoration of microbial alpha and beta diversity disrupted by infection. The L. helveticus 20838 reduced dysbiosis-associated taxa such as Staphylococcaceae, whereas enriching protective Lactobacillus species, with intravaginal delivery achieving superior local recolonization of Lactobacillaceae. Collectively, these findings identify L. helveticus 20838 as a next-generation probiotic that alleviates G. vaginalis-induced dysbiosis by restoring microbial and immune homeostasis across interconnected mucosal niches, providing a systems-level framework for microbiota-targeted therapy in women's health.",The ISME journal
42211226,Characterization of the vaginal bacterial microbiota of sheep exhibiting abortion or repeat breeder syndrome.,"Research on the microbiome's impact on abortion and repeat breeder syndrome (RBS) in sheep is lacking, despite the fact that the vaginal bacterial microbiota is related to their reproductive performance. To compare ewe vaginal bacterial microbial communities, vaginal swabs were randomly taken from aborted ewes (A), repeat breeder ewes (RB), and healthy ewes (H), and 16S rRNA gene Illumina MiSeq amplicon sequencing was performed after DNA was extracted. Six common pathogens associated with reproductive disease were detected by PCR. Differences existed in alpha diversity between group A and group H (<i>p</i><0.05). Although there were no differences between group RB and group H or group RB and group A (<i>p</i>>0.05), the vagina of group H had a greater number of OTUs than group A and group RB, and there were also differences in the dominant genera within each group. Pathogenic bacteria (<i>Campylobacter jejuni, Chlamydia abortus, Listeria monocytogenes</i>, and <i>Brucella melitensis</i>) were detected in group A. Furthermore, changes in the relative abundance of bacterial genera such as <i>Streptobacillus, unclassified Dysgonomonadaceae, Histophilus, unclassified Pasteurellaceae</i>, and <i>unclassified Leptotrichiaceae</i> were observed in repeat breeder ewes; <i>Pasteurellaceae</i> was considered as the key factor to RBS. These findings suggest that the microbial diversity in the vagina of Hu sheep played a crucial role in reproductive regulation. Pathogens such as <i>Brucella, Chlamydia</i> are the main ones causing abortion in ewes, and the potential bacterial biomarkers could be discovered, and that would help prevent abortion or RBS.",Veterinary and animal science
41807420,Characteristics associated with Lactobacillus-depleted vaginal microbiota in women with different sexual behavior.,"The aim of this study was to compare the vaginal microbiome of women with different sexual behaviors and to examine characteristics associated with Lactobacillus-deprived community state type IV. In this prospective study performed in a community-based population in a city of approximately 150,000 inhabitants in Southeast region of Brazil, vaginal swabs were obtained of 109 participants, including women who only had sex with women (n = 54) and women who only had sex with man (n = 55). Sociodemographic data, sexual and intimated hygiene practices of the participants were also assessed. Vaginal microbiota was assessed by sequencing the hypervariable regions V3 and V4 of 16 S ribosomal nucleic acid gene (Illumina 250 PE). Alpha diversity (Shannon index) was compared between the two groups by the Mann-Whitney test. Logistic regression analyses were performed to estimate odds ratios (OR) and 95% confidence intervals (CI) for the association between covariates with the Lactobacillus-deprived community state type IV. Results showed that overall distribution of vaginal CSTs did not differ between the two study groups (P = 0.19). However, alpha diversity was increased in women that only have sex with women (P = 0.0018). Lactobacillus-deprived community state type IV was associated with lower income (OR: 4.15, 95% CI: 1.04–16.46) and use of sex toys (OR: 3.97, 95% CI: 1.09–14.45). In conclusion, nearly one-third of women that only have sex with women had a sub-optimal vaginal microbiome and show evidence of sex transmissibility of CST-IV associated organisms.",Scientific reports
41647262,Age-specific vaginal microecological dysbiosis associated with HPV infection: a large-scale cross-sectional study with targeted functional sequencing validation.,"The vaginal microecological parameters as a critical immune barrier, yet their age-dependent interaction with Human papillomavirus (HPV) infection remains poorly understood. To characterize age-dependent vaginal microbiota composition and function across the female lifespan, and to evaluate the selective impact of HPV infection on microecological stability and infectious risk. A total of 23,672 women were stratified into four age groups (18-34, 35-44, 45-55, and >55 years). Vaginal microecology was evaluated using Gram-staining, pH, hydrogen peroxide (H<sub>2</sub>O<sub>2</sub>), leukocyte esterase, and sialidase assays. HPV genotyping was performed in 2,116 women. Statistical analysis employed univariate screening, LASSO regression for variable selection, and multivariate logistic regression to identify independent microecological risk factors, with Benjamini-Hochberg false discovery rate (FDR) correction applied across all tests. A targeted subset (n = 88) underwent 16S rRNA sequencing with differential taxa analysis using LEfSe and Random Forest, as well as BugBase phenotype prediction and COG/KEGG pathway analysis, to validate age-specific HPV-microbiome interactions. Normal flora prevalence declined linearly with age (78.7% vs. 48.8% postmenopause, q<0.001), while microbial diversity peaked during perimenopause. HPV infection was selectively associated with increased bacterial vaginosis (BV) (41.58% vs. 36.46%, q=0.032) and sialidase activity (28.14% vs. 21.69%, q=0.002), but decreased vulvovaginal candidiasis (VVC, 10.57% vs. 15.66%, q=0.003). Functional analyses revealed HPV-driven anaerobic enrichment (<i>Gardnerella, Atopobium</i>) and profound metabolic reprogramming specifically in women aged 35-44 years, marked by upregulation of lipopolysaccharide biosynthesis (fold change [FC] = 37.3, q = 0.028), arachidonic acid metabolism (FC = 33.3, q = 0.038), and NOD-like receptor signaling (FC = 62.1, q < 0.001), with concurrent apoptosis suppression (FC = 0.35, q = 0.046). Age-stratified risk modeling identified loss of H<sub>2</sub>O<sub>2</sub>-producing <i>Lactobacilli</i> as the strongest HPV risk factor in younger women (18-34 years, adjusted odds ratio [aOR] = 0.59), whereas BV and sialidase dominated in midlife (35-44 years, aOR = 1.64); no significant risk factors emerged postmenopause. HPV infection selectively remodels vaginal microbiota composition and metabolic function in an age-dependent manner, with midlife women (35-44 years) representing a critical window for microbiota-based HPV prevention strategies.",Frontiers in cellular and infection microbiology
41905375,"Vaginal microbiota transplantation for treatment of vaginal dysbiosis without the use of antibiotics: a double-blind, randomised controlled trial in women with vaginal dysbiosis.","A vaginal microbiota dominated by Lactobacillus species is associated with reduced risk of infection and adverse reproductive outcomes. Effective interventions to restore healthy microbiota remain scarce. In this study, we aimed to assess the efficacy of vaginal microbiota transplants (VMTs) without antibiotic pretreatment in achieving conversion to a Lactobacillus-dominated vaginal microbiome. This single-centre, double-blind, randomised controlled trial was done at Copenhagen University Hospital (Hvidovre, Denmark) between June 1, 2021, and March 1, 2023. We enrolled women aged 18-40 years with asymptomatic or symptomatic molecular vaginal dysbiosis (<10% total relative abundance of Lactobacillus spp and >20% relative abundance of Gardnerella spp, Fannyhessea vaginae, and Prevotella spp) who were otherwise healthy premenopausal women and not pregnant as recipients; donors were healthy women aged 18-40 years with a Lactobacillus-dominated vaginal microbiota (>80%) and a low (<5%) abundance of Gardnerella spp, F vaginae, and Prevotella spp, and negative screening for sexually transmitted infections. Participants were randomly assigned (3:1) to the intervention or placebo through a computer-generated schedule with block randomisation and stratification by hormonal contraception. Participants and investigators were masked to the group. Up to three administrations of VMT or placebo were given across three menstrual cycles, with follow-up for six cycles. The primary endpoint was resolution of dysbiosis at any timepoint during follow-up, defined as at least 70% relative abundance of Lactobacillus spp and less than 10% combined abundance of Gardnerella spp, F vaginae, and Prevotella spp, as assessed by shotgun metagenomic sequencing of vaginal samples. This analysis was done in the intention-to-treat population, excluding any participants who withdrew consent. An extension study assessed the effect of antiseptic pretreatment before additional VMT in refractory participants. This study was registered with ClinicalTrials.gov (NCT04855006) and is completed. A total of 302 women were screened, of whom 49 were enrolled. 37 women were randomly assigned to the VMT group (mean age 26·1 years [SD 3·8]) and 12 to the placebo group (27·3 years [4·8]). The primary outcome showed no significant difference in dysbiosis resolution between active and placebo groups (HR 0·65; 95% CI 0·20-2·16, p=0·49). In an extension study of refractory participants, five (50%) of the ten women who received antiseptic pretreatment followed by VMT had a microbiome conversion. Adverse events occurred in 15 (42%) VMT participants and five (42%) placebo participants; none were serious or led to withdrawal. A single pregnancy and one new human papillomavirus infection occurred, both unrelated to treatment. VMT without antibiotics did not significantly improve microbiome conversion in this trial. However, findings from the extension study suggest that antiseptic pretreatment might enhance efficacy. Future trials should explore optimised dosing and use donor engraftment as a primary outcome. Freya Biosciences.",The Lancet. Microbe
41900410,Bacterial Load of <i>Gardnerella</i> spp. and <i>Fannyhessea vaginae</i> and Its Association with Cervicovaginal Inflammatory Cytokine Responses Across Vaginal Microbiota Patterns.,"Bacterial vaginosis (BV) is a common vaginal dysbiosis characterized by the depletion of <i>Lactobacillus</i> species and the overgrowth of facultative anaerobic bacteria, particularly <i>Gardnerella</i> spp. and <i>Fannyhessea vaginae</i>. The vaginal microbiota plays a key role in local immune modulation, and BV has been associated with a molecular pro-inflammatory profile. This study included 152 women with normal microbiota (n = 68), intermediate microbiota (n = 24), or BV (n = 60). Vaginal lavage samples were used to quantify <i>Gardnerella</i> spp. and <i>F. vaginae</i> and to measure IL-1β, IL-6, CXCL-8, IL-10, and TNF-α levels. Bacterial loads of <i>Gardnerella</i> spp. were significantly higher in the BV group than in normal microbiota (<i>p</i> < 0.001). <i>F. vaginae</i> loads were higher in BV than in both normal and intermediate microbiota (<i>p</i> < 0.001). IL-1β levels were increased in intermediate microbiota (<i>p</i> = 0.011) and BV (<i>p</i> = 0.024) compared with normal microbiota, while CXCL-8 levels were higher in intermediate microbiota (<i>p</i> = 0.021). No differences were observed for IL-6, IL-10, or TNF-α. BV is associated with increased <i>Gardnerella</i> spp. and <i>F. vaginae</i> loads and a selective increase in IL-1β, supporting a distinct inflammatory signature linked to vaginal dysbiosis.",Microorganisms
42491208,Development and internal validation of a vaginal microecology-based multivariable prediction model for persistent high-risk human papillomavirus infection: a retrospective study.,"Persistent high-risk human papillomavirus (HR-HPV) infection is a key determinant of cervical carcinogenesis, yet early identification of women at increased risk of persistence remains challenging in routine clinical practice. Vaginal microecological disturbances have been associated with HR-HPV persistence, but their integration into individualized risk prediction models has been insufficiently explored. To develop and internally validate a multivariable prediction model for persistent/recurrent HR-HPV positivity at 12 months using vaginal microecological and clinical characteristics. This retrospective study included women with baseline HR-HPV positivity, available baseline vaginal microecological examination results, and completed 12-month HR-HPV follow-up testing at a tertiary hospital gynecologic outpatient clinic between January 2019 and December 2024. A total of 1,186 women were included and randomly divided into a training cohort (<i>n</i> = 830) and an internal validation cohort (<i>n</i> = 356). Persistent/recurrent HR-HPV positivity was defined as any HR-HPV positivity at the 12-month follow-up among women who were HR-HPV-positive at baseline, regardless of whether the same HR-HPV genotype was detected at both time points. Candidate predictors were selected in the training cohort using least absolute shrinkage and selection operator (LASSO) regression with ten-fold cross-validation. Variables retained at the one-standard-error criterion (λ_1se) were entered into a multivariable logistic regression model, which was subsequently presented as a nomogram. Model discrimination, calibration, and clinical utility were evaluated using the area under the receiver operating characteristic curve (AUC), calibration curves with the Hosmer-Lemeshow goodness-of-fit test, and decision curve analysis, respectively. Among the 1,186 women, 354 (29.8%) had persistent/recurrent HR-HPV positivity at 12 months. LASSO regression retained seven predictors for final model development: age, smoking status, HPV16/18 infection, vaginal pH, non-Lactobacillus-dominant microbiota, bacterial vaginosis, and moderate-to-severe local inflammation. In multivariable logistic regression, all seven variables remained independently associated with persistent/recurrent HR-HPV positivity. HPV16/18 infection showed the strongest association (OR 8.564, 95% CI 5.383-13.955, <i>P</i> < 0.001). The final model showed good apparent discrimination in the training cohort (AUC 0.892, 95% CI 0.870-0.914) and maintained acceptable discrimination in the internal validation cohort (AUC 0.821, 95% CI 0.775-0.867). Calibration was acceptable in both cohorts, with Hosmer-Lemeshow <i>P</i>-values of 0.149 and 0.296, respectively. Decision curve analysis suggested potential net clinical benefit across a range of threshold probabilities in both cohorts. We developed and internally validated a vaginal microecology-based multivariable prediction model for persistent/recurrent HR-HPV positivity that showed promising discrimination, acceptable calibration, and potential clinical usefulness within this single-center cohort. This internally validated model may support individualized risk stratification and help identify women who may benefit from closer follow-up; however, external validation in independent cohorts is needed before broader clinical implementation.",Frontiers in medicine
41760066,Exploring the relationship between threatened abortion and vaginal microbiota: A retrospective study.,"Threatened abortion is a common complication in pregnancy. Studies have indicated an association between reproductive tract infections, vaginal microbiota imbalance, and adverse pregnancy outcomes, but evidence linking routine clinical vaginal microecological parameters to miscarriage risk remains insufficient. This retrospective study aims to systematically compare routine microecological indicators and specific pathogen infections between pregnant women at risk of miscarriage and a healthy pregnancy control group. A retrospective analysis was conducted among 136 patients with threatened abortion (threatened abortion group) and 69 healthy pregnant women (control group) who underwent prenatal examination at Shandong Maternal and Child Health Care Hospital between January 2024 and July 2025. We compared the vaginal microecological indicators between the 2 groups, including microbial density, diversity, hydrogen peroxide (H2O2), sialidase, leukocyte esterase, pH value, Nugent score, aerobic vaginitis (AV) score, as well as the presence of pathogenic microorganisms such as Ureaplasma urealyticum (UU), Candida spp., Gardnerella vaginalis/Prevotella spp., and Trichomonas vaginalis. The results showed no significant differences in microbial density, diversity, H2O2, sialidase, leukocyte esterase, pH, Nugent score, AV score, or detection rates of bacterial vaginosis, vulvovaginal candidiasis, AV or Trichomonas vaginitis between the 2 groups (all P > .05). However, the UU infection was significantly more prevalent in the threatened abortion group than in the control group (53.7% vs 24.6%, P < .001). After adjusting for maternal age and gestational age, UU infection was significantly associated with threatened abortion (adjusted odds ratio = 3.50, 95% confidence interval: 1.82-6.71, P < .001). UU infection was significantly more prevalent with threatened abortion. Whereas conventional vaginal microecological indicators were not significantly associated with threatened abortion, the limitations of this study primarily lie in the insufficient control for potential confounding factors and the constraints inherent in the laboratory methodologies employed. Future prospective studies employing more comprehensive detection techniques are needed to validate these findings.",Medicine
42497358,Microbiome and chronic pelvic pain in women: a mini-review.,"Chronic pelvic pain (CPP) is a prevalent, disabling syndrome encompassing overlapping disorders such as endometriosis/adenomyosis, bladder pain syndrome/interstitial cystitis, irritable bowel syndrome, vulvodynia, and myofascial pain syndrome. Despite distinct clinical phenotypes, these conditions converge on shared biological axes-immune dysregulation, endocrine imbalance, and central sensitization-that sustain chronic pain. Increasing evidence implicates the human microbiome as a potential upstream regulator of these pathways. Dysbiosis across the gut, vaginal, urinary, and endometrial microbial ecosystems may promote local and systemic inflammation, compromise epithelial barrier integrity, alter estrogen recirculation through the estrobolome, and engage aberrant neuroimmune signalling along gut-brain and hypothalamic-pituitary-ovarian circuits. Recent multi-site profiling suggests that microbial alterations often co-occur across pelvic compartments but remain anatomically distinct, with shifts in anaerobic taxa and paired cervicovaginal immune signatures supporting microbiome-immune interactions in CPP pathophysiology. This narrative review synthesizes observational, multi-omics, and mechanistic evidence linking microbial dysbiosis to CPP, highlights microbial metabolites as key functional mediators, and evaluates causal data from experimental models. Finally, it discusses translational opportunities and limitations, including microbiome-targeted interventions (dietary modulation, probiotics/psychobiotics, postbiotics, and microbiota transfer approaches) and the need for harmonized, longitudinal and biomarker-embedded trials to enable mechanism-based stratification and rational therapeutic development.","Human reproduction (Oxford, England)"
41838353,Lactobacillus gasseri TF08-1 Alleviates DSS-Induced Acute Colitis by Protecting Intestinal Epithelial Barrier.,"Lactobacillus species have been extensively studied for their beneficial effects on vaginal health, but recent evidence highlights their broader therapeutic potential in gut homeostasis. Building on our prior genomic analysis of 3,324 gut bacterial strains, we selected Lactobacillus gasseri TF08-1 for inflammatory bowel disease intervention. In a DSS-induced mouse model, L. gasseri TF08-1 administration produced marked clinical improvements, including attenuated body weight loss, reduced disease activity index (DAI), and restored colon length. Histological analysis confirmed its protective effects on intestinal mucosal integrity. Additionally, L. gasseri TF08-1 alleviated systemic and colonic inflammation by regulating the expression of pro- and anti-inflammatory cytokines. Metagenomic analysis revealed that L. gasseri TF08-1 altered gut microbiota composition, increasing microbial diversity and restoring key genera associated with gut health. These results suggest that L. gasseri TF08-1 holds promise as a therapeutic candidate for inflammatory bowel disease.",Probiotics and antimicrobial proteins
42121833,"The Equine Reproductive Microbiota: Composition, Dynamics, Dysbiosis, and Implications for Fertility in Mares and Stallions.","The equine reproductive microbiota has emerged as an important factor influencing reproductive health and fertility in both mares and stallions. Traditionally, the equine uterus was considered sterile, and microbial presence was interpreted primarily in the context of infection. However, sequencing-based studies have demonstrated that the reproductive tract, including the uterus and semen, contains detectable microbial communities or microbial DNA signatures, challenging this traditional paradigm. In mares, the vaginal microbiota is consistently dominated by <i>Firmicutes</i>, <i>Bacteroidetes</i>, <i>Proteobacteria</i>, and <i>Actinobacteria</i>, whereas the uterine environment represents a low-biomass niche in which interpretation is complicated by contamination risk and the inability of sequencing-based methods to distinguish viable from nonviable microorganisms. Culture-based studies consistently identify opportunistic pathogens such as <i>Streptococcus equi</i> subsp. <i>zooepidemicus</i>, <i>Escherichia coli</i>, and <i>Pseudomonas aeruginosa</i> in association with endometritis and persistent breeding-induced endometritis, while sequencing-based studies suggest broader community-level dysbiosis rather than simple pathogen presence. In stallions, semen is not sterile and commonly contains taxa such as <i>Porphyromonas</i>, <i>Corynebacterium</i>, <i>Peptoniphilus</i>, and other opportunistic bacteria that may influence sperm quality and microbial transmission to mares during breeding. However, most reported associations remain correlative, and direct longitudinal evidence for persistent stallion-to-mare microbial transmission is limited. This review synthesizes current evidence on microbial composition, hormonal influences, dysbiosis, and reproductive implications of the equine reproductive microbiota, integrating culture-based and sequencing-based findings while emphasizing methodological limitations associated with low-biomass samples. Improved understanding of these microbial ecosystems may support more evidence-based reproductive diagnostics and microbiome-informed fertility management in horses.",Animals : an open access journal from MDPI
41943076,"The effect of the probiotic supplement-ASTARTE™-on the reduction of recurrent urinary tract infection in women aged 18-40 years: protocol for a randomized, double-blind, placebo-controlled study.","Urinary tract infection (UTI) is one of the most common bacterial infections, contributing to increased antibiotic consumption and high healthcare costs. Clinical studies suggest that probiotics can be effective dietary supplements reducing the risk factors for the development of infections in the intestine and vagina. In this study, we investigate the effect of the orally ingested probiotic combination ASTARTE™ on the composition of bacteria in vaginal and fecal samples, as well as on the occurrence of bacteriologically confirmed UTIs in women of reproductive age. A randomized, placebo-controlled, double-blind study evaluating the effect of the probiotic combination ASTARTE™ (Chr. Hansen A/S, Part of Novonesis Group, Denmark) on reducing the number of recurrent urinary tract infections (rUTIs) in women aged 18-40 years. Participants are randomized (1:1) to receive one daily probiotic capsule (5 × 10<sup>9</sup> CFU) containing Lactobacillus crispatus LBV 88™ (DSM22566), Lacticaseibacillus rhamnosus LBV 96™ (DSM22560), Lactobacillus jensenii LBV 116™ (DSM22567), and Lactobacillus gasseri LBV 150N™ (DSM22583), or placebo, for 6 months. Assessments, including symptom questionnaires, urine culturing and microbiome analysis of vaginal and rectal samples by shotgun sequencing, are conducted at baseline, 2, 4, and 6 months. Compliance is tracked by unused capsule counts. Follow-up visits occur at 8, 10, and 12 months. The primary outcome is the incidence of symptomatic bacteriologically confirmed UTIs during the 6 months intervention period. The secondary objective is the effect of ASTARTE™ on changes in vaginal and gut microbiome. This randomized, placebo-controlled, double-blind study investigates the effectiveness of ASTARTE™ in restoring beneficial microbiomes and reducing UTI recurrence. The findings will provide valuable evidence on the effectiveness of a non-antibiotic strategy for the prevention of rUTI as well as insights into the complex interactions between the vaginal and gut microbiome and the risk of rUTI. ClinicalTrials.gov Identifier: NCT05553652. Registered 21 September 2022.",Trials
42378201,"Vaginal Estrogen for Urinary Tract Infection Prevention: A Narrative Review of Evidence, Guidelines, and Regulatory Gaps.","Recurrent urinary tract infections (rUTIs) are common in peri- and postmenopausal women and impose substantial symptom, quality of life, and antimicrobial stewardship burdens, with particularly high incidence and hospitalization costs documented in England and UK primary care populations. Vaginal estrogen, by restoring urogenital epithelium and the lactobacillus-dominant microbiome, is recommended in several guidelines for preventing rUTI; including UK antimicrobial prescribing guidance for rUTIs and European Association of Urology recommendations. However, most formulations are licensed only for genitourinary syndrome of menopause, not for UTI prophylaxis. This creates a mismatch between the growing clinical evidence base and the absence of a specific regulatory indication for rUTI prevention across major regulatory agencies, including the U.S. Food and Drug Administration (FDA), the European Medicines Agency (EMA), and the UK Medicines and Healthcare products Regulatory Agency (MHRA), which may contribute to underuse and clinician uncertainty. To review and summarize the evidence on vaginal estrogen for prevention of recurrent urinary tract infections in peri- and postmenopausal women, with a particular focus on its use alone and in combination with antibiotic therapy, and on the gap between clinical guideline recommendations and regulatory product labelling. We conducted a structured narrative review focusing on randomized controlled trials and clinical practice guidelines that evaluate intravaginal estrogen for the prevention of rUTI in peri- and postmenopausal women. PubMed and Embase searches were performed using key terms for estrogen, urinary tract infection, and menopause, and were supplemented with targeted searches of major guidelines. Data were described in terms of study design, participant characteristics, estrogen formulations and dosing regimens, timing of initiation, comparators, outcome measures, and reported safety outcomes. Evidence from five RCTs reported that low-dose vaginal estrogen, administered as creams, tablets, rings, or gels, reduced culture-confirmed rUTI episodes and improved vaginal health indices, with no clear superiority of any single formulation and a favorable local safety profile. One trial found estriol pessaries less effective than nitrofurantoin prophylaxis, indicating that estrogen may complement rather than fully replace antibiotics in some women. Initiation was predominantly prophylactic or post-antibiotic, and no identified trial evaluated co-initiation of vaginal estrogen with antibiotics at the onset of acute UTI, highlighting a persisting evidence gap regarding optimal timing of therapy. Vaginal estrogen is an evidence-based yet underutilized strategy for rUTI prevention in peri- and postmenopausal women, supported by RCT data and guideline recommendations, but not recognized in current FDA-approved indications for vaginal estrogen products. Closing this evidence licensing gap will require regulatory reconsideration informed by existing trial data, alongside new pragmatic studies to refine timing, dosing, and formulation choices, to evaluate co-administration with antibiotics, and to explore women's knowledge, preferences, and adherence to support patient-centered implementation in routine care.",Gynecologic and obstetric investigation
42212959,Sequencing the genome of <i>Lactobacillus iners</i> strain SPIN 2503V10-D for improved quality and completeness.,"We sequenced and annotated the genome of <i>Lactobacillus iners</i> SPIN 2503V10-D, a human vaginal isolate previously sequenced as a reference genome for the Human Microbiome Project, to refine its existing genomic data.",Microbiology resource announcements
41903509,Microbial chassis selection for niche-specific engineered live biotherapeutics.,"The human microbiota comprises a vast and diverse array of microorganisms that play critical roles in maintaining health and modulating diseases. Engineered live biotherapeutic products (eLBPs) harness genetically modified microbes to perform defined therapeutic functions within the host. A central challenge in developing effective eLBPs is the rational selection of an appropriate microbial chassis, which requires consideration of safety, genetic tractability, functional performance and the target host niche. As different body sites present distinct physiological and biochemical conditions that influence microbial survival, colonisation and activity, choosing a chassis well-adapted to the target niche is essential for therapeutic durability and sustained efficacy. This review summarises microbial chassis that have been widely employed for the gut, skin, vagina and tumour microenvironment, highlighting how their characteristics enable effective function within these niches. Strategies to improve eLBP colonisation within these niches are discussed, and emerging microbial candidates that hold promise as future eLBPs are also identified.",Current opinion in microbiology
41698566,KMGTMDA: KAN-driven multiscale graph neural network and context-enhanced prediction for human microbe-disease associations.,"Microorganisms play an irreplaceable role in critical physiological processes such as human metabolic regulation, cancer inhibition, and pathogen antagonism, yet traditional culture-based microbial experiments are expensive and time-consuming. Consequently, there is an urgent need to develop efficient computational prediction models to prioritize disease-related microbes, aiming to discover potential associations and reveal their underlying biological mechanisms. A novel computational framework named KMGTMDA is proposed. First, a dynamic adjacency matrix is employed to dynamically integrate first-order adjacency and higher-order topological information, utilizing an attribute matrix generation network to adaptively adjust node connection weights, and incorporating multi-scale graph features through dual-pathway graph convolution. Secondly, considering the contextual relationships of microbial and disease node features, a graph Transformer is employed to capture global dependencies through a multi-head attention mechanism. In this model, graph structural bias and neighborhood token extraction are introduced to capture local semantic patterns. Moreover, a feature retention strategy is incorporated to complement detailed interaction representations from the feature perspective. Finally, the features are input into a Kolmogorov-Arnold Network (KAN), which constructs nonlinear mappings through learnable basis functions and piecewise splines to generate association scores. The model was evaluated through five-fold cross-validation, achieving AUC and AUPR values of 0.9779 and 0.9786, respectively. Additionally, case studies confirmed that KMGTMDA is an effective tool for screening potential microbes associated with periodontal disease and bacterial vaginosis. This approach efficiently reveals potential associations between human microbes and diseases through multi-scale dynamic topological graph neural networks and feature context learning. It provides more effective guidance for interpreting disease pathogenesis and designing targeted treatment strategies, and offers new directions for further research on potential disease targets.",Bio Systems
40122890,Strain-level variation among vaginal Lactobacillus crispatus and Lactobacillus iners as identified by comparative metagenomics.,"The vaginal microbiome, a relatively simple, low diversity ecosystem crucial for female health, is often dominated by Lactobacillus spp. Detailed strain-level data, facilitated by shotgun sequencing, can provide a greater understanding of the mechanisms of colonization and host-microbe interactions. We analysed 354 vaginal metagenomes from pregnant women in Ireland to investigate metagenomic community state types and strain-level variation, focusing on cell surface interfaces. Our analysis revealed multiple subspecies, with Lactobacillus crispatus and Lactobacillus iners being the most dominant. We found genes, including putative mucin-binding genes, distinct to L. crispatus subspecies. Using 337 metagenome-assembled genomes, we observed a higher number of strain-specific genes in L. crispatus related to cell wall biogenesis, carbohydrate and amino acid metabolism, many under positive selection. A cell surface glycan gene cluster was predominantly found in L. crispatus but absent in L. iners and Gardnerella vaginalis. These findings highlight strain-specific factors associated with colonisation and host-microbe interactions.",NPJ biofilms and microbiomes
41472856,Nationwide profiling of vaginal microbiota in Chinese women reveals age-dependent shifts and predictive biomarkers for reproductive health.,"The vaginal microbiome is central to reproductive health, yet large-scale studies in East Asian populations remain scarce. Here, we characterized the vaginal microbiota of 6423 Chinese women of reproductive age across 18 provinces and assessed associations with 33 host factors. We observed a striking compositional transition around age 40, marked by declining <i>Lactobacillus crispatus</i> and enrichment of dysbiosis-associated taxa including <i>Gardnerella vaginalis</i>, independent of lifestyle or sociodemographic influences. Sexual behavior, contraceptive use, and educational attainment emerged as key determinants of community structure, differentially shaping <i>Lactobacillus crispatus</i> and <i>Lactobacillus</i> iners. Despite these associations, host factors explained less than 2% of overall variation, highlighting the resilience and individuality of the vaginal microbiome. To quantify vaginal health, we derived a microbiome balance score, validated it in external cohorts, and demonstrated its predictive power for incident bacterial vaginosis and sexually transmitted infections. Our findings establish a national-scale reference for the vaginal microbiome in Chinese women, reveal a midlife inflection point in microbial composition, and introduce a clinically actionable metric for risk stratification. These insights advance mechanistic understanding of host-microbiome interactions and inform strategies for precision interventions to preserve vaginal health.",iMeta
42041114,Characterization of the intrahepatic microbiome in patients with HBV-related end-stage liver disease.,"Dysregulated microbiota is a hallmark of end-stage liver disease (ESLD). This study aimed to elucidate the intrahepatic microbiome in hepatitis B virus (HBV)-related ESLD. We collected liver tissue samples from patients undergoing liver transplantation due to decompensated cirrhosis (DC) (<i>n</i> = 20) or acute-on-chronic liver failure (ACLF) (<i>n</i> = 24), as well as 18 samples from donors. Metatranscriptomic sequencing was performed to profile liver microbiome and transcriptome. 2208 bacterial species were detected across 13 phyla and 165 genera. Metatranscriptomic profiling revealed that <i>Proteobacteria</i> and <i>Actinobacteria</i> dominated the intrahepatic microbiome, with <i>Escherichia coli</i> and <i>Pseudomonas</i> most prevalent across groups. Principal coordinate analysis showed distinct microbial community structures among donors, DC, and ACLF patients. Compared with donors, both groups exhibited increased abundance of <i>Bacteroides heparinolyticus</i>, <i>Moraxella osloensis</i>, and <i>Gardnerella vaginalis</i>, while ACLF patients were further enriched with <i>Alcaligenes faecalis</i> and <i>Burkholderia insecticola</i>, and DC patients had higher <i>B. heparinolyticus</i>. Most taxa originated from the gut, with additional oral- and respiratory-derived species. Despite similar abundance between groups, <i>E. coli</i> in ESLD displayed marked functional activation, including nutrient acquisition systems and virulence factors linked to adhesion, invasion, and toxin production. Integrated host - microbiome analysis revealed taxa-specific associations with impaired hepatic metabolic, immune, and structural integrity. This study delineates the compositional and functional reprogramming of the intrahepatic microbiome in patients with ESLD and its coupling with liver metabolic, immune, and structural pathways. These findings suggest the intrahepatic microbiome as a promising therapeutic target for ESLD.",Virulence
42122090,Vaginal Microbiota Composition and HPV Genotype-Specific CIN2+ Risk: A Cross-Sectional Study.,"<b>Background/Objectives</b>: Emerging evidence links vaginal microbiome dysbiosis with HPV persistence and CIN progression, but whether microbiome markers provide incremental prognostic value beyond molecular triage assays remains unclear. This study aimed to evaluate whether <i>Lactobacillus</i> depletion and Shannon diversity improve prediction of biopsy-confirmed CIN2+ and CIN3+ outcomes beyond CINtec and HPV-16 genotyping. <b>Methods</b>: This was a secondary analysis of a cross-sectional study including 82 women undergoing cervical screening or follow-up for abnormal cytology. Associations with CIN2+, CIN3+, and CINtec positivity were estimated using modified Poisson regression. Multiplicative interaction between HPV-16 and <i>Lactobacillus</i> depletion was formally tested. Incremental discriminative performance was assessed using area under the receiver operating characteristic curve (AUC), DeLong's test, net reclassification improvement (NRI), and integrated discrimination improvement (IDI). <b>Results</b>: HPV-16 was the strongest predictor of CIN2+ (PR = 6.08, <i>p</i> < 0.001) and CIN3+ (PR = 5.53, <i>p</i> = 0.001). A significant sub-multiplicative interaction indicated that <i>Lactobacillus</i> depletion carried its strongest prognostic signal in HPV-16-negative women (CIN3+: PR_interaction = 0.04, <i>p</i> = 0.003). Adding microbiome markers to CINtec + HPV-16 significantly improved CIN2+ discrimination (ΔAUC = 0.034, <i>p</i> = 0.031), driven by correct downward reclassification of non-events (NRI_non-events = 0.833). When added to HPV-16 + age, IDI for CIN2+ reached 0.092 (<i>p</i> = 0.004). <b>Conclusions</b>: Vaginal microbiome markers, particularly <i>Lactobacillus</i> depletion, provide statistically significant incremental discriminative value for CIN2+ beyond CINtec p16/Ki-67 dual staining and HPV-16 genotyping. Microbiome-based triage may be most impactful in HPV-16-negative women.","Diagnostics (Basel, Switzerland)"
41904277,"Shaping the Female Microbiome: A Review of Lifestyle Factors Influencing the Vaginal, Gut, Oral, and Skin Microenvironments.","The female microbiome, spanning the vaginal, gut, oral, and skin sites, harbours distinct microbial communities. Although the diversity and function of microbial communities across these sites are becoming increasingly understood, the extent to which modifiable lifestyle and environmental factors such as smoking, diet, alcohol intake, obesity, physical activity, stress, hygiene, and sexual behaviours shape these microbiomes remains underexplored. This review is restricted to modifiable lifestyle and environmental factors and does not comprehensively assess pharmaceutical exposures (e.g., antibiotics or hormonal therapies) or hormonal influence. To date, no review has comprehensively assessed and compiled evidence across the four microbial sites in females, despite their unique hormonal, physiological, and reproductive characteristics that distinctly influence microbial composition and function. This review provides a comprehensive examination of how such factors influence the dynamics of microbial composition and function along with site-specificity while also assessing cross-site microbial interactions. We focus exclusively on females to address a critical knowledge gap to provide a foundation from which future research and interventions can be tailored to women's health. This review discusses the underlying mechanisms driving microbial shifts and their impact on host health, highlighting critical gaps in our current knowledge. The integration of findings from multi-site microbiome research, highlights the potential to inform targeted, preventative, and therapeutic strategies that utilise the inherent dynamic nature of the microbiome to improve health outcomes across the female lifespan.",Microbial ecology
42301870,Recurrent UTI in Women: Diagnosis and Management.,"Recurrent urinary tract infection (UTI) is defined as two or more UTIs within 6 months or three or more within 1 year. The annual recurrence rate of UTI in women is approximately 14% to 25%. Risk factors for recurrent UTI include antimicrobial exposures, more frequent sexual activity, use of spermicidal agents or diaphragms, peri- or postmenopausal status, personal hygiene practices, urinary stasis from incomplete bladder emptying, pelvic organ prolapse, and voiding dysfunction. When women present with recurrent UTI symptoms, urinalysis and urine culture should be obtained. Management guidelines recommend empiric treatment with a first-line antibiotic based on prior culture results, then changing the antibiotic if the new culture shows resistance, or waiting for culture results before selecting an antibiotic. Longer duration of therapy does not reduce the risk of recurrent UTI. Asymptomatic bacteriuria should not be treated, except in patients who are pregnant or undergoing invasive urologic procedures. Prevention of recurrent UTI begins with behavioral modification and hygienic practices. The next step is prescription of antibiotic prophylaxis with shared decision-making. Nonantibiotic methods are also used to prevent recurrent UTI, and evidence of their effectiveness varies. These methods include use of cranberry products, Lactobacillus probiotics, vaginal estrogen, methenamine supplements.",American family physician
42233658,Environmental fungi modulate the vaginal mycobiome and cervical disease progression in Hispanic women.,"The vaginal mycobiome, though a minor component of the cervicovaginal ecosystem, plays a crucial role in reproductive health and disease. However, its composition and interactions with bacterial communities remain poorly understood, particularly among Hispanic women, who experience disproportionately high rates of human papillomavirus (HPV) infection and cervical cancer. We characterized the vaginal mycobiota across reproductive stages and examined its associations with cervical disease, HPV status, and bacterial community state types (CSTs) in 86 Hispanic participants from Puerto Rico using ITS1 amplicon sequencing. Amplicon sequence variants were inferred with QIIME2/DADA2 and taxonomically classified using the UNITE database, with diversity and discriminant taxa analyses applied to explore clinical and microbial associations. We detected 173 fungal species hypotheses, dominated by <i>Candida albicans</i>, <i>Agaricomycetes</i> sp., <i>Scopuloides dimorpha</i>, and <i>Hortaea werneckii</i>. While fungal composition did not differ significantly by reproductive stage, non-pregnant individuals exhibited greater inter-individual variability. Alpha diversity was reduced in high-grade squamous intraepithelial lesions compared with low-grade or normal cytology, and <i>Candida parapsilosis</i> prevalence was elevated in low-grade lesions. CST III, characterized by <i>Lactobacillus iners</i> dominance, showed greater dispersion variance than other CSTs. Collectively, these findings reveal a diverse vaginal mycobiome with stage- and disease-specific features and a notable contribution of environmental fungi that may influence cervical pathogenesis. This work provides foundational insight into cervicovaginal fungal ecology in a high-risk Hispanic population and highlights the importance of integrating bacteriome-mycobiome analyses in women's health research.IMPORTANCEThis study demonstrates that environmental fungi may play an important role in shaping the vaginal microbiome and influencing cervical disease progression in Hispanic women. While most prior research has focused on bacterial communities, our findings highlight fungi as significant yet underexplored contributors to reproductive health. By linking environmental fungal exposures to shifts in the vaginal mycobiome, this work expands understanding of how external factors may affect disease risk. These results underscore the need to include fungal communities in human microbiome research and support more comprehensive approaches to women's health. Ultimately, this study may inform improved risk assessment, prevention strategies, and the development of targeted interventions in diverse populations.",mSystems
41905565,Toward a point of care approach for intra-amniotic infection or early delivery using minimally invasive prediction models in women with preterm labor.,"Among women with preterm labor and intact membranes, those with intra-amniotic infection or inflammation represent the group with the highest risk of spontaneous delivery and worse adverse outcomes. Identification of this group requires amniocentesis, which is perceived as too invasive by both patients and physicians. This study aimed to develop a minimally invasive prediction model for intra-amniotic infection or early delivery to better stratify patients (low or high risk) and rationalize the use of amniocentesis, limiting the indications to the highest-risk group of spontaneous preterm delivery. External validation of 4 prediction models was performed using data from 2022 to 2024 of women diagnosed with preterm labor at <34 weeks of gestation who were admitted to the Hospital Clinic, Hospital Sant Joan de Déu, Vall d'Hebron Barcelona University Hospital (Spain), and University Hospital Hradec Kralove (Kradec Kralove, Czech Republic) and underwent amniocentesis to rule in/out intra-amniotic infection or inflammation. Different prediction models, including transvaginal ultrasound cervical length, serum C-reactive protein, vaginal interleukin 6, vaginal pH, vaginal lactic acid, and vaginal Lactobacillus genus, were validated in these patients. Diagnostic performance was performed in 114 women with preterm labor at <34 weeks of gestation, of whom 42 (36.8%) had intra-amniotic infection or spontaneous delivery within 7 days. The areas under the curve of the different models ranged from 84.0% (95% confidence interval, 78.8%-89.2%) to 89.9% (95% confidence interval, 88.4%-91.4%), the sensitivities ranged from 78.6% (33/42) to 90.5% (38/42), and the specificities ranged from 70.8% (51/72) to 84.7% (61/72). The most feasible and efficient model was formed by combining ultrasound cervical length, serum C-reactive protein, and vaginal interleukin 6, showing an area under the curve of 84.0%, a sensitivity of 78.6% (33/42), a specificity of 84.7% (61/72), a positive predictive value of 75.0% (33/44), and a negative predictive value of 87.1% (61/70). Minimally invasive models were developed to screen women at high risk of intra-amniotic infection or early delivery and guide the selective use of amniocentesis, thereby improving both antenatal counseling and the clinical management of high-risk patients.",American journal of obstetrics and gynecology
42445852,Vaginal microecological diversity and Ureaplasma urealyticum co-infection in high-risk HPV infection: a cross-sectional study.,"Persistent high-risk human papillomavirus (HR-HPV) infection is a key driver of cervical carcinogenesis. Vaginal microecology acts as a host defense barrier, and its dysbiosis may affect HPV clearance. The interplay among microbial diversity, viral load, and sexually transmitted pathogens remains unclear. This cross-sectional study enrolled 330 women from a gynecological clinic in Shanghai (December 2025 - February 2026). HR-HPV genotyping and viral load were determined by fluorescence quantitative PCR. Vaginal culturable bacteria were identified using MALDI-TOF MS, and culturable bacterial richness (Sobs index) were calculated. Routine vaginal parameters and sexually transmitted pathogens (Chlamydia trachomatis, Neisseria gonorrhoeae, Ureaplasma urealyticum [UU]) were assessed. Microecological characteristics were compared between HR-HPV-positive and -negative groups, with subgroup analyses within the positive group by viral load, genotype, and single/multiple infection. The HR-HPV positivity rate was 43.94% (145/330), with HPV52, HPV53, and HPV16 being predominant, and the highest rate in women >50 years. The HR-HPV-positive group had significantly higher bacterial richness (Sobs index) than the negative group (all P<0.05). Among positive patients, those with high viral load (logarithm >4) had significantly higher Sobs index than those with low viral load (P < 0.05). Proportions of patients with pH>4.5, positive H<sub>2</sub>O<sub>2</sub>, positive leukocyte esterase, and Lactobacillus count <20 were significantly higher in the positive group (all P<0.05). UU positivity was significantly higher in the positive group (78.1% vs. 52.3%, P<0.05), while CT and NG showed no significant differences. Within the positive group, no significant differences in diversity or routine parameters were observed across subgroups (all P>0.05). HR-HPV infection is associated with elevated culturable bacterial richness and dysbiosis; high viral load correlates with more pronounced microbial alterations. UU co-infection is positively associated with HR-HPV. These findings support incorporating vaginal microecological assessment and UU screening into HR-HPV management strategies.",Frontiers in cellular and infection microbiology
40193036,"Assessing the Efficacy of Ligilactobacillus salivarius CLS0420 and Lacticaseibacillus paracasei CLPC0603 on Vaginal Well-Being in Healthy Women: A Pilot, Randomized, Double-Blind, Placebo-Controlled Trial.","Despite the growing development of probiotics for preventing bacterial vaginosis (BV), their effectiveness in women without BV has not been thoroughly investigated. This pilot, randomized, double-blind, placebo-controlled study aims to assess the impact of orally administered probiotic strains, exhibiting in vitro antimicrobial activity against Gardnerella vaginalis and Candida albicans, on vaginal well-being in women without preexisting health conditions. Healthy women (n = 30, aged 19-50) were enrolled and randomly assigned using simple randomization to receive either probiotic or placebo capsules. After excluding dropouts, 26 participants (15 in the probiotic group, 11 in the placebo group) completed the study, undergoing a 3-week intervention. Vaginal well-being was assessed before and after the intervention using self-assessed health on a 5-point Likert scale, along with analysis of the vaginal microbiome by targeting the 16S-ITS-23S rRNA operon region with the Nanopore sequencing platform and MIrROR database. Notably, only the probiotic group exhibited a significant improvement in self-assessed overall gut and vaginal health following the intervention (p = 0.009 and p = 0.003, respectively). Nevertheless, no significant changes were observed in the vaginal bacterial community following the intervention and confirming the vaginal colonization of orally ingested probiotic strains through metagenome sequencing proved challenging. In summary, these findings suggest that while oral probiotics may improve perceived vaginal well-being, their role in modulating the vaginal microbiome in healthy women remains inconclusive. Additional research with a larger sample size is necessary to substantiate the endorsement of oral probiotic consumption for preventing BV or maintaining vaginal health in healthy women. This study was retrospectively registered at Clinical Research Information Service (CRIS) (KCT0008957, November 15, 2023).",Probiotics and antimicrobial proteins
42020714,Vaginal microbiota composition in pregnant women following cervical conization and radical trachelectomy.,"We aimed to provide a comparative analysis of the vaginal microbiota in pregnant women who underwent cervical conization (CZ) and radical trachelectomy (RT) for cervical intraepithelial neoplasia or early-stage cervical cancer. We included 114 pregnant Japanese women who underwent CZ group (n = 13), RT group (n = 20), or received no cervical treatments (CON group: n = 81) and cared at Keio University Hospital between 2019 and 2023. The differences in vaginal microbiota during the first, second, and third trimester using V1-V2 region of the 16S ribosomal RNA were investigated. Higher species diversity was observed in the CZ and RT groups than in the CON group; however, the abundance and composition of Lactobacillus were similar. The rate of preterm delivery in women who underwent cervical treatments was significantly higher than that in those who had full-term delivery; however, the species diversity and abundance or composition of Lactobacillus was not associated with preterm birth. Women who underwent CZ or RT had higher microbial species diversity than women who did not undergo a procedure; however, Lactobacillus abundance and composition remained the same. The cause of preterm delivery in women who received cervical treatment was not associated with Lactobacillus species diversity or abundance.",Scientific reports
42267107,Parabolic flight induces site specific microbiome changes in women.,"The vaginal microbiome plays a central role in women's health by supporting immune function, maintaining mucosal homeostasis, and preventing infections. Spaceflight and its analogs can induce acute physiological stress, which can alter host microbiome interactions. While other studies have analyzed the microbiome changes at certain body sites, the female-specific microbiome changes have not been explored in depth in space medicine research. Pre- and post-parabolic flight vaginal and oral microbiome were analyzed via metagenomic shotgun sequencing to assess taxonomic composition and metabolic pathways. Host DNA and bad quality sequences were removed using the KneadData tool. Taxonomic and functional profiles were analyzed with MetaPhlAn and HUMAnN. Microbiome data were integrated with stress response parameters including cortisol, proinflammatory cytokines, and urinary short-chain fatty acids. Both alpha- and beta diversity analysis showed minimal impact of parabolic flight on oral microbiome while vaginal microbiome showed significant differences. Taxonomic profiling showed marked restructuring of the vaginal microbiome, characterized by increased <i>Firmicutes</i> dominance and enrichment of <i>Lactobacillus</i> species, particularly <i>Lactobacillus crispatus</i> and <i>Lactobacillus jensenii</i>, whereas oral microbiome stayed relatively stable. Overall, only 2.54% of oral species showed significant postflight changes compared to 57.9% of vaginal species (<i>p</i> < 0.0001). Random Forest model identified <i>L. crispatus</i> as a key discriminator of postflight vaginal microbiome composition. Metabolic pathway analysis revealed minimal postflight pathway redistribution in saliva samples but greater number of changes in the vaginal microbiome, with significant postflight enrichment of fatty acid biosynthesis and nucleotide metabolism. Vaginal samples demonstrated a threefold greater proportion of altered metabolic pathways compared to oral samples. In addition, urinary acetate, butyrate, and valeric acid levels were significantly reduced postflight. Salivary cortisol increased postflight and positively correlated with <i>L. jensenii</i>. Parabolic flight induces body site-specific microbiome changes in reproductive age women, with greater taxonomic and functional metabolic remodeling in the vaginal microbiome than in the oral microbiome. These findings highlight the sensitivity of the vaginal microbial ecosystem to spaceflight stressors and underscore the need for longitudinal and mechanistic studies to determine the persistence, clinical significance, and potential health implications of these changes during longer duration space missions.",Frontiers in microbiology
41856107,VIBRANT: A phase 1 randomized trial of multi-strain vaginal L. crispatus live biotherapeutic products in people with bacterial vaginosis.,"Bacterial vaginosis (BV) is characterized by high microbial diversity. High recurrence rates following antibiotics may stem from poor recolonization by protective Lactobacillus species. This phase 1 randomized trial in the United States and South Africa evaluated two vaginally delivered live biotherapeutic products (LBPs) containing multiple Lactobacillus crispatus strains. After metronidazole treatment for BV, participants received either a placebo or 3 or 7 days of active LBPs. LBP strains were detected by metagenomics in 66.1% (47/71) of participants in the active arms in the first 5 weeks. Among those, nearly half (49%, 23/47) remained colonized at 12 weeks despite the short initial treatment course. Participants were most often colonized by one of three component strains, with no geographic differences in strain colonization observed. LBPs were safe, acceptable, and well tolerated, with no serious adverse events (AEs) reported. These results provide a foundation for the development of transformational interventions aimed at optimizing the vaginal microbiome.",Cell host & microbe
42319667,Effect of Engineered EcN-IFN-α2b on Human Papillomavirus Persistence in an NSG Surrogate Model.,"Currently, live biotherapeutic products (LBP) have been widely used to improve gut microbiota, enhance immunity, and promote digestion. Engineering bacteria, as one form of LBP, have made breakthrough progress in the treatment of diseases, but their effectiveness and specific mechanisms in treating vaginal infections are not clear. Here, we innovatively constructed Escherichia coli Nissle 1917-attB-IFN-α2b (EcN-IFN-α2b) expressing antiviral interferon alpha-2b (IFN-α2b) using genome integration technology, and evaluated its ability to reduce human papillomavirus (HPV) viral load and the underlying mechanisms in an NSG mouse surrogate model of HPV. Our results showed that EcN-IFN-α2b had good growth performance, acid resistance, antioxidant ability, and antimicrobial activity in vitro. EcN-IFN-α2b also significantly reduced the HPV viral load (M vs. EcN-IFN-α2b = 1.003 vs. 0.643, p < 0.01), and effectively alleviated the levels of interleukin 1β (IL-1β) (M vs. EcN-IFN-α2b, p < 0.01), interleukin 6 (IL-6) (M vs. EcN-IFN-α2b, p < 0.01), and tumor necrosis factor α (TNF-α) (M vs. EcN-IFN-α2b, p < 0.05) in the vagina. Further mechanistic studies suggested that EcN-IFN-α2b may reduce HPV viral load by activating the JAK/STAT/cGAS/STING signaling pathway. Additionally, we found that EcN-IFN-α2b altered the composition of vaginal microbiota, especially the relative abundance of vaginal pathogens such as Vibrionaceae_Vibrio, Streptococcus, and Staphylococcaceae_Staphylococcus, and the relative abundance of beneficial Lactobacillus. This study systematically evaluated the effects of the novel engineered strain EcN-IFN-α2b in reducing HPV viral load, alleviating associated inflammation, and restoring vaginal microbiota in an NSG mouse surrogate model, providing a new strategy for the future clinical treatment of HPV infection.",Probiotics and antimicrobial proteins
41477198,Microbial influences on HPV infection and cervical carcinogenesis: emerging evidence from the vaginal microbiome.,"Microbial communities play a vital role in the human defense system, existing symbiotically with us, contributing to metabolic processes, and strengthening immune defenses against pathogens. A diverse bacterial population in the vagina contributes to maintaining dynamic homeostasis, with their interactions playing a critical role in determining health or disease status. The balanced vaginal microbiota, dominated by <i>Lactobacilli</i>, helps maintain vaginal pH, converts glycogen to lactic acid, and produces bacteriocins and hydrogen peroxide (H<sub>2</sub>O<sub>2</sub>), all contributing to its protective functions. On the other hand, an abnormal vaginal microbial composition, characterized by a decrease in beneficial microorganisms, heightens the risk of gynecological diseases such as bacterial vaginosis (BV), sexually transmitted infections, human papillomavirus (HPV) infections, and cervical cancer due to persistent infections. Variation in microbial composition is influenced by factors such as racial background, ethnicity, pregnancy, hormonal fluctuations, sexual behavior, personal hygiene practices, and various physiological conditions. This review aims to offer a detailed overview of the existing literature, focusing on the complex interplay between vaginal microbiota and gynecological conditions such as HPV infection. Our goal is to provide valuable insights that can inform future clinical strategies and interventions.",Frontiers in microbiology
41924635,"Vaginal microbial community state types fail to predict IVF outcomes, whereas <i>Ureaplasma parvum</i> and <i>Lactobacillus iners</i> are negative predictors of implantation, clinical pregnancy, and live birth.","Are previously proposed vaginal microbial community state types (CSTs) valid predictors of IVF success, or do alternative microbial signatures provide stronger associations? Previously proposed CSTs as predictors of implantation, clinical pregnancy, and live birth were not confirmed, while an interaction between <i>Ureaplasma parvum</i> and <i>Lactobacillus iners</i> emerged as a strong negative predictor. Infertility affects 17% of the global population. Only one-third of treatment cycles of assisted reproductive technologies result in embryo implantation, and even fewer lead to clinical pregnancy or live births. While early findings have spurred the development of microbiome-based tests for success prediction, evidence on supporting their reliability remains inconclusive. This prospective, single-centre study aimed to validate existing, and identify better, microbial predictors of infertility treatment outcomes. A cohort of 266 infertile female patients (age 18-45 years) undergoing a frozen-thawed embryo transfer cycle in an anovulatory regimen (i.e. a cycle with transfer of an embryo following a previous oocyte retrieval, fertilization, and freezing of embryos) was recruited for the study within a timeframe from May 2017 to March 2019. The female, infertile patients, aged 18-45 years, were undergoing routine care. Vaginal swabs were taken prior to embryo transfer and subjected to DNA isolation for 16S-based microbiota analysis. Extended demographic and treatment data were recorded. Clinical outcomes were defined as: (i) implantation, confirmed by a positive hCG test, (ii) clinical pregnancy, and (iii) live birth (defined as the birth of a viable infant). Sequencing data were processed in mothur following established pipelines, and microbial composition (taxonomy) as well as microbial diversity (dissimilarity analyses) were determined using the open-source software R. A prediction model for implantation success was built using binary logistic regression based on abundance of putatively predictive microbial taxa. This study suggests that vaginal microbial CSTs, alpha-diversity, and the ratio of dominant <i>Lactobacillus</i> species do not correlate in statistical terms or in a clinically meaningful manner with implantation and clinical pregnancy (as a surrogate for endometrial receptivity) or with live birth (as a surrogate for ongoing pregnancy viability). However, <i>Ureaplasma parvum</i> and <i>Lactobacillus iners</i> abundances were identified as negative predictors of embryo implantation, clinical pregnancy, and live birth. A subset of women colonized by these taxa experienced drastically reduced embryo implantation and completely failed to achieve clinical pregnancy or give birth to live offspring, suggesting a potential role of these organisms in implantation failure and reproductive outcome, independent of other influencing factors such as age, oestradiol levels, endometrial thickness etc. The raw sequencing data used for this manuscript are publicly available at the European Nucleotide Archive under accession number PRJEB107113. This study is a single-centre study warranting further validation cohorts. Given the variable nature of the vaginal microbiota, sample sizes need to be enlarged for better refinement of the analyses. Further, the underlying mechanistical basis of our findings is yet elusive and clinical translation has yet to be established. While this novel association warrants confirmation, the results caution against reliance on previously suggested CSTs as predictors, and highlight the need for refined, reproducible microbiome-based diagnostics in reproductive medicine. Financial support was received from the University of Lübeck and the German Center of Infection Research. M.L., A.M., I.P., M.D., and J.R. declare no conflicts of interest. S.G. discloses personal fees from Organon outside the submitted work. T.K.E. discloses honoraria from Ferring; travel support from Ferring, Merck, Theramex, and Gedeon-Richter; and receipt of equipment/materials/laboratory analyses (to institution) from Arthrex, Besins, Merck, and Abbott outside the submitted work. N.H. discloses personal fees from Gedeon Richter, Ferring, and Merck. G.G. reports that his institution received grants or contracts from Besins, Merck, Abbott, Ferring, and Theramex. He has received personal consulting fees, support for travel fees and meeting attendance, and honoraria for lectures or educational events from Organon, Ferring, Merck, Gedeon-Richter, Theramex, Abbott, ReproNovo, Igyxos, OxoLife, Philipps, ReprodWissen, PregLem, Guerbet, Roche, IBSA, and Besins. He also received support for travel and meeting attendance from Merck, Organon, Ferring, Theramex, Gedeon-Richter, and Abbott. Additionally, he holds unpaid leadership positions as a member of the ESHRE Working Group on RIF, the ESHRE Working Group on clinical KPI, and the ESHRE guideline development group on ovarian stimulation. A.S.-M. reports consulting fees and speaker's fees from Merck, Theramex, and Gedeon-Richter as well as travel support from Merck, Theramex, Gedeon-Richter, IBSA, Ferring, and MSD.",Human reproduction open
41348443,Cervicovaginal microbiome composition and absolute quantity are associated with pelvic inflammatory disease.,"Pelvic inflammatory disease (PID), which involves infection and inflammation of the female reproductive tract, can lead to sequelae including chronic pelvic pain, ectopic pregnancy and tubal factor infertility. A causative pathogen is not identified in many PID cases (idiopathic PID) and does not develop in all women with a sexually transmitted infection or bacterial vaginosis. Therefore, there is a need to better understand the pathogenesis of PID. A case-control study was conducted to explore microbiome, antibiotic resistance and immune gene expression in PID. Microbial profiling using both 16S rRNA gene amplicon and metagenomic approaches revealed that bacterial vaginosis-associated bacteria such as <i>Gardnerella vaginalis</i>, <i>Fannyhessea vaginae</i>, <i>Ureaplasma parvum</i> and members of the <i>Prevotella</i> spp. were significantly enriched in PID cases, while healthy controls were associated with <i>Lactobacillus</i> (<i>L</i>.) <i>crispatus</i>. Quantitative analysis with species-specific quantitative real-time PCR (qPCR) indicated that a high copy number of <i>L. crispatus</i> (measured using calibrated copy estimates by qPCR) was strongly associated with cervical samples from women in the control group, whereas PID cases with this organism had low copies when measured using qPCR. Antibiotic resistance to tetracyclines was more frequently predicted in metagenome-assembled genomes from PID cases, and corresponding isolates cultured from cases were less susceptible to doxycycline (<i>L. iners</i>). Overall, this study supports that PID is associated with cervicovaginal dysbiosis and an absence or low quantity of <i>L. crispatus</i>.",Microbial genomics
39941110,"Methanol Extract of <i>Pueraria lobata</i> (Willd.) Root and Its Active Ingredient, Puerarin, Induce Apoptosis in HeLa Cells and Attenuates Bacterial Vaginosis in <i>Gardnerella vaginalis</i>-Infected Mice.","<i>Pueraria lobata</i> (Willd.) has been used as food since ancient times, and its roots have been used mainly as a traditional herbal medicine to treat various diseases in East Asia. Puerarin is one of the major active ingredients in the roots of <i>P. lobata</i>. The purpose of this study was to examine the effects of the methanol extract of <i>P. lobata</i> roots (PRME) and puerarin on apoptosis in cervical cancer and inflammation-relieving effects in vaginitis. First, we prepared the PRME and confirmed the puerarin content of PRME through HPLC analysis. We performed a TUNEL assay, Hoechst 33342 staining, and western blotting using HeLa cells, a human cervical cancer cell line. Both the PRME and puerarin exhibited antiproliferative effects in HeLa cells by inducing apoptosis through the activation of the extrinsic death receptor and intrinsic mitochondrial pathways, thereby demonstrating their anticancer efficacy against human cervical cancer. Next, a mouse model of vaginitis induced by <i>Gardnerella vaginalis</i> (GV) infection was established by inoculating C57BL/6 mice with β-estradiol-3-benzoate and GV (1 × 10<sup>8</sup> CFU). Histological analysis and PCR confirmed that the administration of PRME or puerarin to GV-infected mice alleviated reproductive tract vaginitis symptoms. Additionally, we confirmed that PRME or puerarin treatment decreased myeloperoxidase activity and reduced inflammation by regulating cytokines through the secretion of inflammatory mediators in mouse vaginal tissue. These results demonstrate that PRME and puerarin can be used as potential adjuvants or therapeutic agents with anticancer and anti-inflammatory properties to inhibit the progression of human cervical cancer and alleviate vaginitis.",International journal of molecular sciences
42203854,Shotgun metagenomic mapping of saliva reveals insights into diversity and function of the oral microbiome in pregnancy.,"The oral microbiome is a complex and dynamic microecosystem that fluctuates continually throughout the lifespan of a woman. Nevertheless, the function of the oral microbiome in reproductive health is not yet fully understood. Monitoring oral health and providing necessary dental care before and during pregnancy could help maintain a balanced oral microecology and support healthier microbial transfer to newborns. Here, we aimed to compare the salivary microbiome of pregnant and non-pregnant women using shotgun metagenomics to describe their taxonomic and functional composition and assess whether the resulting data is better explained by the reproductive stage. We conducted a comparative cross-sectional study involving pregnant women (n = 71; gestational age 37-42 weeks) and non-pregnant women (n = 143 with regular menstrual cycles; 3 saliva samples per participant across different menstrual phases). Shallow shotgun metagenomic sequencing was used to characterize both taxonomic and functional profiles of the oral microbiome. Socransky's color complex analysis was performed to assess group differences in key microbial complexes. Quantitative PCR was used to validate the abundance of selected oral bacteria. Participant data, including demographic, behavioral, clinical, and oral health variables (such as dentist visits), were collected and incorporated as covariates to adjust for potential confounding effects. Additionally, a sensitivity analysis was performed by excluding participants with identified behavioral or clinical risk factors. Ten phyla including Actinomycetota, Bacteroidota, Chloroflexota Bacillota, Fusobacteriota, Pseudomonadota, Spirochaetota, Synergistota Candidatus Saccharimonadota and Mycoplasmatota, 102 genera, and 410 species were identified. Pregnant women had lower saliva microbiome diversity, driven by reduced richness but unchanged evenness. The microbial composition varied between the groups, even after adjusting for confounding factors. Differential abundance analysis, adjusted for potential confounders, identified 25 species that significantly differed between groups (q < 0.05), with 13 taxa more than three-fold higher in pregnant women. Notably, red complex species were more abundant in pregnant women (p < 0.05). Functional pathway analysis identified 40 modules that differed by pregnancy status. These results further suggest a connection between pregnancy and changes to the oral microbiome in women. As many of these changes are in a pro-inflammatory direction, further research is warranted to assess its potential impact on pregnant women and their newborns.",Scientific reports
42022122,Vaginal microbiome dysbiosis and a rectal reservoir of uropathogens characterize postmenopausal women with recurrent urinary tract infections: a cross-sectional study.,"Recurrent urinary tract infections (rUTIs) in postmenopausal (PM) women pose a significant clinical challenge, complicated by rising antibiotic resistance among uropathogens. The vaginal microbiota in this population remains underexplored. We aim to characterize vaginal flora of PM women with and without a history of rUTIs, and to evaluate relationships to demographic variables, clinical characteristics, and rectal pathogen colonization. We conducted a cross-sectional study of 62 PM women (<i>n</i> = 31 rUTI, (<i>n</i> = 31 control). Vaginal swabs were analyzed using 16S rRNA and a next-generation sequencing tool designed to identify UTI pathogens and antibiotic resistance (AMR) markers. Rectal swabs were cultured to identify uropathogens and their phenotypic resistance. These were integrated with subject demographic and historical clinical data. Compared to controls, rUTI vaginal microbiota exhibited a marked depletion in <i>Lactobacillus crispatus</i> and <i>L. iners</i>, species commonly associated with vaginal health, alongside an enrichment of <i>L. gasseri</i> and <i>L. jensenii</i>. The rUTI cohort also had a greater burden of AMR markers (<i>p</i> = 0.0003). Notably, Gram-negative uropathogens in the rUTI group frequently carried multidrug resistance genes, at rates nearly three times higher than controls. The rUTI cohort was further characterized by enrichment of Gram-negative uropathogens in the vagina. These alterations were more pronounced with increasing years in menopause. The rectum emerged as a key reservoir, with notable concordance of organisms across rectal and urogenital sites. Our findings indicate that rUTIs in postmenopausal women are associated with a dysbiotic vaginal microbiome that is closely linked to a rectal reservoir of multidrug-resistant uropathogens.",Frontiers in microbiology
42172920,"Effect of menstrual cups on vaginal health, reproductive tract and urogenital infections: a systematic review and meta-analysis.","The menstrual cup is a device inserted into the vagina during menstruation to collect blood. Evidence of its effect on the vaginal microbiome and associations with laboratory-confirmed infections is limited. We compiled existing information to assess associations between menstrual cups and reproductive tract infections (RTIs), sexually transmitted infections (STIs), and the vaginal microbiome. We searched four databases (PubMed, CINAHL, Global Health, and Scopus, from inception to January 23, 2026) for trials or observational studies reporting on menstrual cup use and laboratory-confirmed RTIs, STIs and the vaginal microbiome. Study quality was assessed using the Cochrane Collaboration tool for trials and the Joanna Briggs Institute Critical Appraisal Checklist for Cohort Studies. Outcomes of interest between cup-users and users of alternative menstrual products (non-cup users) were compared using prevalence ratios (PR). Meta-analyses were conducted using fixed-effects models to generate pooled estimates. PROSPERO registration: CRD42024559595. Eleven studies involving 10,268 participants were included. Only three studies were considered of good quality. In two randomised controlled studies in Kenya, menstrual cups reduced the risk of STIs relative to non-cup users (adjusted PR [aPR] 0.74, 95% CI 0.60-0.91, p = 0.037, n = 695, I<sup>2</sup> = 0.0%). The association with bacterial vaginosis was 0.81 (aPR, 0.63-1.04, p = 0.0963, n = 695, I<sup>2</sup> = 0.0%). When combining observational and randomised studies, a protective effect on bacterial vaginosis persisted (PR 0.79, 95% CI 0.69-0.90, p = 0.0004, five studies, n = 2103, I<sup>2</sup> = 0.0%, 3 continents). One trial showed an association between menstrual cups and HSV-2 of 0.71 (aPR, 95% CI 0.50-1.01, p = 0.057, n = 1451). Optimal vaginal community state type-1 (CST-I) was more likely among cup users compared to non-cup users (PR 1.18, 1.10-1.27, p < 0.0001, n = 2639, 5 studies in Kenya and Europe). No increased infection risks were noted among menstrual cup users across the infections evaluated. Main limitations included the low number and quality of existing studies. Menstrual cups reduced the risk of STIs in Kenya. For bacterial vaginosis, the association was consistent with a protective effect and supportive for a healthy vaginal microbiome composition in studies from different geographies. These data strengthen evidence on the value of menstrual cups as a global multipurpose menstrual product solution. UK-Medical Research Council, Medical Research Foundation, USA-National Institutes of Health; National Institute of Child Health and Human Development, and the Gates Foundation.",EBioMedicine
42325723,Catheter contamination during embryo transfer: impact on outcomes of in vitro fertilization.,"To evaluate the impact of embryo transfer catheter contamination on in vitro fertilization outcomes. Prospective analytical observational study conducted over a period of 2 years and 9 months (from January 2021 to September 2023). Women aged ≤42 years with a sonographically normal uterus, undergoing fresh or frozen embryo transfer with good-quality embryos. Microbial contamination of the embryo transfer catheter was assessed by culture and real-time polymerase chain reaction. Vaginal and cervical samples were also analyzed by culture. Embryo transfer catheter contamination rate and its association with in vitro fertilization outcomes (pregnancy and live birth rates). A total of 210 patients were included, 50% of whom underwent fresh embryo transfer. The rates of pregnancy and live birth were 29% and 17.5%, respectively. Culture-based analysis showed that 33.8% of catheters were contaminated with cervicovaginal microorganisms other than lactobacilli; this contamination rate was 3 times higher in fresh transfers. Positive catheter cultures were associated with significantly lower pregnancy and live birth rates (8.5% vs. 39.6% and 4.2% vs. 24.4%, respectively). The main bacterial species isolated were <i>Streptococcus agalactiae</i> (n = 31), <i>Actinomyces</i> spp. (n = 9), and <i>Gardenerella vaginalis</i> (n = 8). Conversely, the presence and abundance of <i>Lactobacillus</i> species on the catheter tip were associated with improved in vitro fertilization outcomes. Polymerase chain reaction detected <i>Gardenerella vaginalis</i> and urogenital mycoplasmas in 31.9% and 13.8% of patients, respectively. Overall, when all methods were combined, catheter contamination was observed in 58.1% of cases; it was 6 times higher in women with bacterial vaginosis. In multivariate analysis, a positive catheter culture was the only independent factor associated with failure to achieve pregnancy and live birth. Catheter contamination, particularly by cultivable microorganisms other than <i>Lactobacillus</i> species, constitutes an independent factor associated with in vitro fertilization failure. Guidelines for infertility management should be updated to include both clinical and microbiological parameters to enhance assisted reproductive technologies' diagnostic and therapeutic strategies.",F&S reports
40874742,Impact of bacterial vaginosis on sexually transmitted viral infections: a bacterial point of view.,"Bacterial vaginosis (BV) is a complex polymicrobial vaginal infection that affects a large percentage of women during different stages of life including the reproductive age. In a healthy vaginal environment, the epithelium is colonized by protective Lactobacillus species that make up 90%-95% of the total vaginal microbiota. BV is characterized by a reduction of lactobacilli and a concurrent increase in diverse anaerobic bacteria, including Gardnerella vaginalis, Prevotella bivia, Hoylesella timonensis, and Fannyhessea vaginae. BV is associated with an increased risk of infertility, preterm birth, and a higher susceptibility to sexually transmitted infections (STIs), including Human Immunodeficiency Virus type-1 (HIV-1). This review examines the contribution of individual pathogenic bacteria to the development of BV and the resulting effects on susceptibility to STI. The impact of the different key bacterial virulence factors, such as secreted proteins, biofilm formation, and inflammatory potential on subsequent viral infection are discussed. While antibiotics are commonly prescribed to treat BV, recurrence rates are high, and antimicrobial resistance among BV-associated bacteria is increasingly reported. Understanding the mechanisms underlying BV and the impact of specific bacteria and their virulence factors on viral infections can improve preventive strategies and open up novel therapeutic applications.",FEMS microbiology reviews
42311653,Vaginal Microbiota and Cytokines Among Pregnant and Breastfeeding Women in Clinical Trials of the Dapivirine Vaginal Ring and Oral Tenofovir Disoproxil Fumarate/Emtricitabine.,"Vaginal dysbiosis is associated with HIV acquisition and preterm delivery. Our objective was to evaluate prevalent vaginal infections, and changes in microbiota and cytokines among pregnant and breastfeeding women from 4 African countries using dapivirine vaginal ring (DVR) or oral tenofovir disoproxil fumarate/emtricitabine (TDF/FTC) in 2 parallel nonoverlapping trials. MTN-042 (NCT03965923) was a randomized trial evaluating daily TDF/FTC or monthly DVR during pregnancy (n = 558), and MTN-043 (NCT04140266) was a randomized study evaluating TDF/FTC or DVR during breastfeeding (n = 197). Women were evaluated for vaginal infections at enrollment and follow-up using Nugent score and BD Max™ Vaginal Panel. Microbiota was evaluated by quantitative PCR for 12 bacterial targets; 5 cytokines and RANTES were evaluated by MAGPIX. Rates of change in vaginal microbiota and cytokines and prevalence of vaginal infections were evaluated using generalized linear mixed models and Benjamini-Hochberg (BH)-adjusted <i>P</i> values. Vaginal infections, microbiota and cytokines did not differ between the 2 study arms at baseline. <i>Lactobacillus crispatus</i> was less frequently detected postpartum and during breastfeeding compared with pregnancy. Bacterial vaginosis (BV) and <i>Candida</i> were common during pregnancy and breastfeeding, but there was no significant difference in the rate of change in these infections by study arm. BV-associated microbiota and cytokines changed over pregnancy and postpartum, but the rate of change by study arm did not differ. Vaginal infections, microbiota or cytokines/chemokines changes were similar in women using DVR or TDF/FTC. These data augment the robust safety profile for DVR to support its use during pregnancy and breastfeeding.",Open forum infectious diseases
41915825,The Vaginal Microbiota in Pig-Tailed Macaques and Colonization with Neisseria gonorrhoeae.,"Pig-tailed macaques (Macaca nemestrina) may serve as a useful animal model of Neisseria gonorrhoeae (GC) infection, but no such models are currently available. To aid in the development of a macaque model of gonorrhea, we characterized the macaque vaginal microbiota and evaluated the effect of streptomycin treatment on GC colonization. Six female pig-tailed macaques were observed for 96 days with cervicovaginal samples collected every 2-3 days. Samples were taken for one month prior to streptomycin treatment to characterize the vaginal microbiota using 16S rRNA gene sequencing over a menstrual cycle. The animals were treated intramuscularly with streptomycin for 22 days. They were challenged twice with a two-week interval with endocervical GC and once after cessation of antibiotics. GC colonization was assessed via 16S rRNA gene sequencing, nucleic acid amplification tests, and culture. The macaque vaginal microbiota was diverse and heterogeneous with several anaerobes typically noted in the human vagina including Fannyhessea vaginae, Amygdalobacter indicium and Parvimonas micra. Streptomycin treatment resulted in changes in the diversity and composition of the microbiota, but prolonged GC colonization was not achieved in any animal. Changes in the microbiota were noted during menses. Alternative approaches are needed to facilitate the establishment of GC infection in pig-tailed macaques.",Sexually transmitted diseases
42198722,Genomic Diversity of Vaginal <i>Lactobacillus crispatus</i> Prophages from South African Women.,"<i>Lactobacillus crispatus</i> is widely associated with optimal sexual and reproductive health outcomes. While <i>L. crispatus</i> genomes commonly harbor prophages, little is known about their genomic diversity and potential inducibility by clinically relevant compounds. We induced and characterized four bacteriophages from four <i>L. crispatus</i> strains isolated from vaginal secretions of South African adolescents. Sequenced viral DNA from induced phages was assembled, and their respective genomes were annotated and compared to bacteriophage reference genomes. All the phage genomes range in size from 42.9 to 48.3 kbp. Of the four phages, UC101 and UC164 shared <90% pairwise intergenomic similarity to reference phages, suggesting that they represent new species. To explore factors potentially associated with prophage activation, <i>L. crispatus</i> strains were exposed to physiological concentrations of copper ions and tenofovir, selected based on their common use by women in Africa and reported associations with altered vaginal bacterial community composition. The presence of phage-like particles following exposure to copper ions (2.0 × 10<sup>-6</sup> M-3.0 × 10<sup>-6</sup> M) and tenofovir (500 ng/mL) was observed by transmission electron microscopy, suggesting possible prophage activation under these conditions. This study provides new insights into the genomic diversity of inducible <i>L. crispatus</i> phages and presents hypothesis-generating evidence regarding their potential inducibility using copper ions and tenofovir.",Viruses
41458698,The Effects of Vaginal Virome on Women's Health: A Scoping Review.,"While research on the vaginal microbiome (VMB) has focused mainly on its bacteriome, the role of viral communities remains largely understudied. Given the vaginal virome's potential influence on disease susceptibility and progression, understanding its exact role in different health outcomes is crucial. The objective of this scoping review was to analyze studies on the vaginal virome's influence on women's health, the virome's interactions with other microbes, assess the limitations of these studies, and highlight gaps to guide future studies and treatments in the field of gynecological health. The review was conducted using previously gathered literature on the impact of the vaginal virome among reproductive-aged women in developed countries. Articles were sourced from Ovid MEDLINE, Embase, and World of Science using the following search string: vaginal virome AND reproductive health OR infections OR pregnancy outcomes. Articles were screened using the PCC framework as follows: influence of the vaginal virome on women's health (Concept) in women aged 18 and older (Population) in developed countries (Context). Of the 352 articles originally identified, 10 studies met the inclusion criteria and were utilized in this scoping review. The vaginal virome contains a diverse array of viruses and bacteriophages that impact human papillomavirus (HPV) infection persistence and subsequent progression to cervical cancer, pregnancy outcomes, and the inflammatory response. In bacterial vaginosis, reductions in <i>Lactobacillus</i>-targeting bacteriophages have the potential to contribute to dysbiosis. Hormonal fluctuations throughout the menstrual cycle influence both bacterial and viral populations, potentially affecting infection susceptibility and overall vaginal health. During pregnancy, higher viral diversity is associated with preterm birth risk, and immune modulation by the virome may impact susceptibility to infections like HPV. Analysis of the included studies indicates the need for continued investigation of the manner in which the vaginal virome interacts with other aspects of the microenvironment to influence women's health. This scoping review highlights the new and emerging role of the vaginal virome in women's health, highlighting its relationship with other microbes and clinical significance. These findings underscore the importance of the vaginal virome in reproductive health, suggesting that further research is needed to better understand its role and guide effective prevention and treatment strategies.",Cureus
41900329,Regulatory Effects of <i>Lactobacillus crispatus</i> and <i>Lactobacillus rhamnosus</i> on the Formation and Composition of <i>Gardnerella</i> Biofilms.,"Bacterial vaginosis (BV), the most common lower genital tract infection among women of childbearing age, is characterized by a decline in <i>Lactobacillus</i> populations and the excessive proliferation of anaerobic bacteria. Clinically, metronidazole remains the first-line therapeutic agent. However, the increasing recurrence rate has become an urgent clinical challenge. An important factor of BV recurrence is the persistent presence of <i>Gardnerella</i> biofilms, which enhances pathogenic resistance to antibiotics. In contrast, a healthy vaginal microbiome, predominated by <i>Lactobacillus</i>, exerts protective effects by producing antimicrobial compounds that inhibit BV pathogen colonization and restore microbial homeostasis. Given this, <i>Lactobacillus</i> preparations have gained widespread attention for their adjunctive therapeutic potential in BV management. Accordingly, in this study, we selected two extensively investigated <i>Lactobacillus</i> species, <i>Lactobacillus crispatus</i> and <i>Lactobacillus rhamnosus</i>, to evaluate their inhibitory capacity against <i>Gardnerella</i> biofilms. Our findings suggest that hydrogen peroxide and D-lactic acid are prominent bioactive components involved in the inhibition of <i>Gardnerella</i> biofilm formation by these <i>Lactobacillus</i> species, though the potential contribution of bacteriocins and other uncharacterized factors cannot be excluded. Notably, this inhibitory activity is not accompanied by alterations to the composition of pre-formed biofilms. This study clarifies the anti-biofilm mechanism of specific <i>Lactobacillus</i>, providing a valuable reference for future research on probiotic-based strategies for the treatment of BV.",Microorganisms
42494411,Engineered dual-responsive mucoadhesive hydrogel co-delivering fullerenol against radiation-induced vaginal injury and microbiota dysbiosis.,"Radiation-induced vaginal injury (RIVI) is a prevalent complication following pelvic radiotherapy for gynecological cancers, which is mainly caused by severe mucosal oxidative stress triggered by highly destructive reactive oxygen species (ROS), such as hydroxyl radicals (·OH). Conventional prophylactic agents struggle due to instability, inadequate radical targeting, and short residence time in the vaginal lumen. To overcome the existing challenges, we develop a biomaterial-based prophylactic strategy that enables effective neutralization of toxic radicals and smart mucosal adhesion. Taking advantage of carbon-based nano-antioxidant fullerenol (FOH) as a reliable ""radical sponge"" for ·OH clearance, we engineer pH- and temperature-responsive amino-terminated Pluronic F127 (AF127) <i>in situ</i> hydrogel as the carrier of FOH. The AF127@FOH system is suitable for facile vaginal administration and can achieve <i>in situ</i> gelation. More importantly, AF127 can be protonated in the acidic vaginal environment, thereby enhancing mucoadhesion with vaginal mucins through electrostatic interactions and prolonging local residence. This design enables a locally sustained release of FOH, which inhibits the initial burst of ROS, mitigating oxidative damage, early tissue damage, and subsequent vaginal microbial dysbiosis. Our work provides an advanced topical treatment approach for RIVI and expands the application of smart biomaterials in mucosal radiation protection.",Materials today. Bio
42505600,The Impact of Vaginal Bacteria and Antimicrobial Treatment on Pregnancy Outcomes in Healthy Breeding Bitches.,"<b>Background/Objectives:</b> Prophylactic antimicrobial use prior to mating in clinically healthy breeding bitches based on vaginal culture results is common despite lacking evidence for a beneficial effect on fertility. Thus, this practice is questionable due to the risk of the development of antimicrobial resistance and dysbiosis. The study aimed to investigate whether vaginal bacteria and antimicrobial treatment influence the pregnancy outcome. <b>Methods:</b> We retrospectively analyzed vaginal swab results from healthy breeding bitches prior to mating. Samples were examined using aerobic culture, and bacterial isolates were identified by MALDI-TOF. The medical records provided data on antimicrobial treatment and pregnancy outcome. <b>Results:</b> Of the 961 available samples, 467 cases had complete information about antimicrobial use and pregnancy outcome. Overall pregnancy rates did not differ significantly between antimicrobial-treated (81.7%) and untreated bitches (79.8%) (<i>p</i> = 0.6922), nor in cases with monocultures (<i>p</i> = 0.4823), high-grade bacterial growth (<i>p</i> = 0.4291), or high-grade growth of <i>Escherichia coli</i> (<i>p</i> > 0.9999) and <i>Streptococcus canis</i> (<i>p</i> = 0.711). <b>Conclusions:</b> In this study population, antimicrobial use did not improve pregnancy rates in healthy bitches, even in cases of opportunistic bacteria. No correlation between vaginal bacteria, antimicrobial use, and pregnancy outcome was identified. Based on these findings, antimicrobial treatment of clinically healthy animals as part of breeding management cannot be recommended and should be disregarded in the context of responsible antimicrobial use.","Antibiotics (Basel, Switzerland)"
42062939,Distribution of lactic acid bacteria in vaginal samples from Cameroonian women.,"Numerous bacteria coexist in the human body and constitute the 'normal microbiota'. Data on the normal vaginal microbiota are limited in Africa, particularly in Cameroon. This study aimed to determine the distribution of lactic acid bacteria (LAB) isolated from vaginal samples of Cameroonian women. This cross-sectional analytical study was conducted in Douala, Cameroon, from March 2024 to March 2025. It included non-menopausal women aged 18 to 50 years without gynaecological infections. Vaginal swabs were cultured on MRS and M17 media and identified by MALDI-TOF mass spectrometry at the Pasteur Centre for lactic acid bacteria, and by API mini-galleries for pathogenic organisms. Microbiota typing was performed using the Nugent scoring system. Descriptive and inferential statistics were conducted using SPSS v25.0, XLSTAT, and the VITEK MS Knowledge Base. Logistic regression and Poisson regression were applied where appropriate; significance was set at p < 0.05. A total of 783 participants were enrolled; the majority were aged 29-39 years (44.2%). Microbiota type IV (depleted) was the most prevalent (48.1%). Overall, 67.6% of samples harboured pathogenic bacteria, while 32.4% yielded LAB. Among 260 LAB isolates, Enterococcus spp. dominated (59.2%), mainly E. faecalis (33.5%) and E. faecium (22.3%). Bacteria belonging to the former Lactobacillus group accounted for only 18.8% of all LAB. Age (p = 0.019), region of origin (p = 0.012), and marital status (p = 0.011) were significantly associated with LAB prevalence. The distribution of vaginal lactic acid bacteria in Cameroonian women depends on age, marital status, and region of origin. The predominance of Enterococcus spp. over canonical lactobacilli represents a distinctive microbiological signature, potentially reflecting biogeographical and socio-cultural adaptations, which calls for region-specific approaches to vaginal health management.",BMC infectious diseases
42286247,Genome-scale metabolic modelling identifies vaginal microbiome members as potential probiotics.,"Probiotic supplements are marketed for diverse health benefits, yet species inclusion often lacks functional rationale. Our survey of 352 over-the-counter probiotic products available in the USA revealed 36 unique microbial species. However, there is no clear link between species inclusion and the intended health benefit. Here, to address this gap, we developed HaPaPro, a collection of 1,012 genome-scale metabolic models spanning pathogenic, probiotic and host-associated bacteria, constructed from publicly available genome sequences. Flux balance analysis revealed that probiotic species fail to capture the metabolic diversity of host-associated microbes. Focusing on vaginal health, we computationally identified vaginal microbes with metabolic profiles overlapping Gardnerella vaginalis. In vitro spent media assays using 11 vaginal isolates showed variable inhibition of G. vaginalis, primarily driven by D-lactic acid production, which was also produced by non-Lactobacillus species. These findings highlight the need for function-based probiotic design and demonstrate a scalable framework integrating metabolic modelling with experimental validation.",Nature microbiology
42018976,Perioperative Antibiotic Prophylaxis in Cesarean Section and the Maternal Gut Microbiome: Protocol for a Remote Observational Cohort Study.,"Cesarean section (CS) requires perioperative antibiotic prophylaxis (PAP) for the prevention of surgical site infections. However, systemic antibiotics during the peripartum period may induce compositional perturbations of the maternal gut microbiome, a system already characterized by reduced resilience. Data on maternal gut microbiome dynamics after CS with PAP are scarce, largely due to logistical and feasibility barriers that limit the participation of pregnant women and new mothers in conventional clinical studies. This protocol primarily aims to evaluate the feasibility of a fully decentralized, remote study design for longitudinal gut microbiome research in the peripartum period. Secondary exploratory objectives include the comparative analyses of microbiome composition between CS with PAP and vaginal delivery (VD) without antibiotic exposure to inform future adequately powered studies. The MAMA (Microbiome Changes Due to Antibiotic Prophylaxis in Mothers at Birth) study is a prospective, 2-arm observational cohort study conducted entirely off-site. Women in the third trimester of pregnancy were recruited at 2 German level-1 perinatal centers and affiliated outpatient facilities. Participants underwent either CS with PAP (single dose cefuroxime 1.5 g intravenously) or VD without antibiotics. Stool samples were self-collected at home and returned by mail at 3 predefined time points: late pregnancy (T0), 2 to 3 days post partum (T1), and 90±10 days post partum (T2). Primary outcomes are feasibility indicators, including recruitment rate, sample and questionnaire return rates at each time point, adherence to sampling windows, and participant retention across follow-up. Secondary outcomes are exploratory microbiome measures based on 16S rRNA gene sequencing (V3-V4), including alpha diversity indices, beta diversity metrics, and relative taxonomic abundances. Microbiome analyses are explicitly compositional and hypothesis-generating. Group comparisons and longitudinal within-individual changes will be assessed using nonparametric diversity metrics and multivariate distance-based methods. No confirmatory hypothesis testing is planned. Recruitment occurred between May 2022 and October 2023, with 37 women enrolled (25 CSs and 12 VDs). Follow-up was completed with receipt of the final stool sample in March 2024. DNA extraction and sequencing were completed in a single batch in October 2024. Bioinformatic processing and statistical analyses were initiated in June 2025 and are ongoing as of December 2025. Results from the exploratory microbiome analyses are expected to be published in 2026. This protocol demonstrates the feasibility of conducting fully decentralized, longitudinal microbiome research in a peripartum population without requiring on-site visits. By integrating study procedures into maternal realities, the remote design reduces participation barriers and addresses a clinically relevant research gap that has remained largely unexamined despite routine use of PAP. While microbiome-related outcomes are exploratory, the methodological framework established here provides a scalable model for future maternal and postpartum research, supporting ethically grounded, participant-centered study designs and evidence-informed care strategies.",JMIR research protocols
42059388,A cross-sectional analysis of the vaginal microenvironment in rheumatoid arthritis.,"The human microbiota is implicated in the development and progression of rheumatoid arthritis (RA). Given the increased RA burden in women and well-known correlations between the vaginal microbiota and local inflammation, we seek to understand the vaginal microenvironment in the context of RA pathology. Self-collected vaginal swabs and questionnaires on dietary, menstrual, and health information were obtained from 36 RA and 50 demographically-matched control women, 18-63 years of age. Medication regimen, along with disease activity and severity, was captured for the RA cohort. Vaginal swabs were subjected to long-read 16S rRNA gene sequencing, multiplex cytokine analyses, and quantification of rheumatoid factor, C-reactive protein, and anti-citrullinated protein antibodies (ACPAs). Vaginal microbial richness and <i>Peptoniphilus</i> and <i>Prevotella</i>, among other rare taxa, were elevated in RA versus control samples. Vaginal interleukin (IL)-18 and epidermeal growth factor (EGF) levels were increased in the RA group; IL-18 correlated with multiple microbial features, whereas EGF levels were not associated with bacterial composition or other host factors. When faceted by diet and menopausal status, several immune markers were increased in the RA vaginal environment. Vaginal ACPAs were higher in the RA group and positively correlated with <i>Streptococcus</i> and multiple vaginal inflammatory cytokines. We describe vaginal microbial and immunological differences in women with RA, particularly when accounting for diet and menopausal status, and disease activity and severity. This work opens a new avenue in the multidisciplinary approach to RA patient care.IMPORTANCERheumatoid arthritis (RA) is a debilitating autoimmune disease that disproportionately impacts women. Although it is widely recognized that microbial factors can trigger or aggravate RA symptoms and alter disease progression, it is unknown whether RA impacts the microbiota and immune responses within the vaginal tract. In this study, we compare the vaginal microbial communities and immune (cytokine) profiles in women with RA and healthy controls. Within RA patients, we also evaluate how these factors relate to clinical RA symptoms, RA biomarkers, and RA-related medications. Overall, we found that RA was associated with increased microbial diversity and multiple inflammatory markers, some of which were also associated with RA biomarkers and disease activity. These findings suggest that the vaginal tract may be an additional tissue impacted by RA disease, and further research is needed to understand mechanisms and potential for therapeutic intervention.",Microbiology spectrum
42375202,Vaginal microbiota and genitourinary syndrome of menopause in premenopausal breast cancer patients receiving endocrine therapy: a longitudinal cohort study protocol.,"Endocrine therapy with ovarian function suppression combined with aromatase inhibitors or tamoxifen is essential for hormone receptor-positive breast cancer in premenopausal women, but often induces genitourinary syndrome of menopause (GSM) via hypoestrogenism. Existing research focuses on natural menopause, with limited longitudinal data on vaginal microbiome changes in breast cancer survivors, especially amid rising cases among young Chinese women. To (1) assess temporal effects of endocrine therapy on vaginal microbiome <i>α</i>- and <i>β</i>-diversity and dominant taxa (e.g., Lactobacillus); (2) explore dose-response links between microbiome shifts and GSM severity; and (3) compare OFS + AI versus OFS + TAM impacts on vaginal microecology. This single-center prospective cohort at Women's Hospital, Zhejiang University School of Medicine, will enroll 110 premenopausal women (18-45 years) with hormone receptor-positive breast cancer, allocated to OFS + AI or OFS + TAM based on clinical regimens. Vaginal swabs collected at baseline and 1, 3, 6, 12 months undergo 16S rRNA sequencing (V3-V4 region) with DADA2-based ASV analysis via QIIME 2 for species-level resolution. Assessments include Vaginal Health Index (VHI), GSM symptoms (VAS for dryness, dyspareunia, burning), s, and urinary symptoms (ICIQ-SF). Primary outcomes: microbiome diversity (Simpson index) and Lactobacillus abundance. Secondary: VHI, VAS, urinary scores. Analyses use repeated measures ANOVA and generalized estimating equations; sample size accounts for medium effect (<i>d</i> = 0.8) and 10% attrition. Ethically approved and registered in Chinese Clinical Trial Registry. As a longitudinal study on vaginal microecology in this population, this protocol integrates molecular and clinical data to reveal GSM mechanisms, informing personalized interventions for better quality of life and adherence. http://www.chictr.org.cn/showproj.html?proj=296570, Identifier (No. ChiCTR2500115283).",Frontiers in medicine
40133961,Metronidazole response profiles of Gardnerella species are congruent with phylogenetic and comparative genomic analyses.,"Bacterial vaginosis (BV) affects 20-50% of reproductive-age female patients annually, arising when opportunistic pathogens outcompete healthy vaginal flora. Many patients fail to resolve symptoms with a course of metronidazole, the current first-line treatment for BV. Our study was designed to identify genomic variation associated with metronidazole resistance among strains of Gardnerella vaginalis spp. (GV), a genus of biogenic-amine-producing bacteria closely associated with BV pathogenesis, for the development of a companion molecular diagnostic. Whole-genome sequencing and comparative genomic metrics, including average nucleotide identity and GC content, were performed on a diverse set of 129 GV genomes to generate data for detailed taxonomic analyses. Pangenomic analyses were employed to construct a phylogenetic tree and cluster highly related strains within genospecies. G. vaginalis spp. clinical isolates within our collection were subjected to plate-based minimum inhibitory concentration (MIC) testing of metronidazole (n = 60) and clindamycin (n = 63). DECIPHER and MAFFT were used to identify genospecies-specific primers associated with antibiotic-resistance phenotypes. PCR-based analyses with these primers were used to confirm their specificity for the relevant genospecies. Eleven distinct genospecies based on standard ANI criteria were identified among the GV strains in our collection. Metronidazole MIC testing revealed six genospecies within a closely related phylogenetic clade contained only highly metronidazole-resistant strains (MIC ≥ 32 µg/mL) and suggested at least two mechanisms of metronidazole resistance within the eleven GV genospecies. All strains within the six highly metronidazole-resistant genospecies displayed susceptibility to clinically relevant clindamycin concentrations (MIC ≤ 2 µg/mL). A PCR-based molecular diagnostic assay was developed to distinguish between members of the metronidazole-resistant and mixed-response genospecies, which should be useful for determining the clade membership of various GV strains and could assist in the selection of appropriate antibiotic therapies for BV cases. This study provides comparative genomic and phylogenetic evidence for eleven distinct genospecies within the genus Gardnerella vaginalis spp., and identifies genospecies-specific responses to metronidazole, the first-line treatment for BV. A companion molecular diagnostic assay was developed that is capable of identifying essentially all highly metronidazole-resistant strains that phylogenetically cluster together within the GV genospecies, which is informative for antibiotic treatment options.",Genome medicine
39922090,The association between preoperative vaginal dysbiosis and endometrial polyp recurrence after hysteroscopic polypectomy: A retrospective-prospective cohort study.,"To explore whether preoperative vaginal dysbiosis influences the recurrence of endometrial polyps after hysteroscopic polypectomy. Retrospective-prospective observational cohort study. A total of 679 patients from our university-affiliated hospital were included in this study. All patients underwent hysteroscopic polypectomy and were subsequently monitored for endometrial polyp recurrence through transvaginal ultrasonography at six-month intervals. Comprehensive clinical data were collected, encompassing preoperative vaginal dysbiosis, parity, polyp size, polyp number, the presence of uterine fibroids, polycystic ovary syndrome, endometriosis, and body mass index. The cohort was categorized into recurrence and non-recurrence groups, with comparative analyses conducted to assess the impact of these factors. Preoperative vaginal dysbiosis and endometriosis were significantly associated with endometrial polyp recurrence (P < 0.05). The odds ratio (OR) for preoperative vaginal dysbiosis was 3.286 (95 % confidence interval [CI]: 2.675-3.786), and for endometriosis, it was 3.328 (95 % CI: 2.567-3.643). Further analysis revealed that bacterial density, bacterial diversity, and the Lactobacillus detection rate were significantly higher in the non-recurrence group compared to the recurrence group (P < 0.05). In contrast, increased leukocyte esterase activity, Gardnerella vaginalis presence, and Candida detection were significantly more prevalent in the recurrence group than in the non-recurrence group (P < 0.05). This study identifies preoperative vaginal dysbiosis as an independent risk factor for Endometrial Polyp recurrence after Hysteroscopic Polypectomy. Endometriosis is also associated with recurrence. Close monitoring of preoperative vaginal microecological parameters and targeted interventions could help manage dysbiosis and reduce recurrence. The First Affiliated Hospital of Guangxi Medical University Ethical Review Committee. Approval number: 2024-E817-01.","European journal of obstetrics, gynecology, and reproductive biology"
41105204,An update on novel taxa and revised taxonomic status of bacteria isolated from human clinical specimens described in 2024.,"Knowledge of novel and revised bacterial taxonomy facilitates routine operations in the medical microbiology laboratory and communication with important stakeholders. Notable new gram-positive taxa accepted in 2024 include the clinically significant <i>Staphylococcus brunensis</i> sp. nov., as well as <i>Streptococcus suis</i> subsp. <i>hashimotonensis</i> subsp. nov., which can be delineated from other <i>Streptococcus suis</i> subsp. by possession of the Lancefield group A antigen. Four novel <i>Enterobacterales</i> species are discussed, plus a novel eighth family <i>Gallaecimonadaceae</i>. One of these, <i>Providencia huashanensis</i> sp. nov. is clinically significant and harbors multiple genetic determinants that encode antimicrobial resistance mechanisms. <i>Stenotrophomonas forensis</i> sp. nov., derived from specimen transport medium, was determined to be a distinct component within the <i>Stenotrophomonas maltophilia</i> complex. <i>Bartonella tamiae</i> sp. nov. has become officially recognized as the agent of the first culture-confirmed bartonelloses in Thailand. Significant taxonomic revisions include the return of <i>Chlamydophila caviae</i> to the <i>Chlamydia</i> genus, creation of the novel <i>Metaclostridioides</i> genus for <i>Clostridioides mangenotii</i>, and reclassification of two <i>Kocuria</i> spp. into two subspecies of <i>Kocuria rosea</i>. Clinical updates are provided for 13 past <i>Journal of Clinical Microbiology</i> taxonomic compendium entries for which extensive clinical data were not previously available. These include potential clinical significance for non-<i>vaginalis</i> species of the <i>Gardnerella</i> genus and for <i>Pandoraea commovens</i> in a non-cystic fibrosis setting.",Journal of clinical microbiology
42327708,Predictive modeling for cervical cancer: existing AI approaches and the emerging role of vaginal microbiome.,"Cervical cancer remains a major global health burden, yet current screening tools lack precision in identifying which women with high-risk human papillomavirus (HPV) infection will progress to high-grade lesions or cancer. Within a network-physiology framework, cervical carcinogenesis is viewed as emerging from dynamic interactions between viral dynamics, host immunity, vaginal ecology, vaccination status and behaviour rather than from isolated risk factors. This perspective review examines artificial intelligence (AI) approaches for cervical cancer prediction and evaluates the emerging role of the vaginal microbiome as a complementary biomarker within these interconnected physiological networks. The review synthesises evidence linking non-Lactobacillus-dominated or <i>Lactobacillus</i> iners-rich vaginal communities with increased HPV persistence and cervical intraepithelial neoplasia, contrasted with protective <i>Lactobacillus</i> crispatus-dominant communities, and outlines how these ecological signatures could be combined with HPV genotype and clinical factors in multi-modal models. A structured narrative synthesis of published AI tools demonstrates that current prognostic, diagnostic and screening algorithms rely mainly on demographic, clinical or imaging variables, with no validated models yet integrating vaginal microbiome profiles into cervical cancer risk calculators. The manuscript proposes a technical framework for microbiome-enabled modelling, covering feature engineering from community state types, algorithm selection, handling of high-dimensional omics data, and staged validation in NHS-relevant populations. Finally, it outlines a translational pathway for embedding microbiome-informed risk models into cervical screening using self-collected tampon sampling, AI-driven triage and digital decision support, and identifies key unmet needs, including longitudinal multi-omic cohorts, international consortia and robust bias auditing.",Frontiers in network physiology
40815467,Increased vaginal <i>Gardnerella vaginalis</i> abundance and reduced D-galactose metabolism are associated with preterm birth in older mothers with columnar ectopy in South China.,"Advanced maternal age is associated with adverse pregnancy outcomes. However, the impact of changes in maternal physiology, biochemistry, vaginal microbiome, and its metabolites related to reproductive age on pregnancy outcomes is uncertain. Multi-omics were used to analyze vaginal samples collected from 195 pregnant women of different age groups to characterize the factors affecting the occurrence of adverse pregnancy outcomes in older mothers. Results showed that advanced maternal age is associated with a higher risk of premature birth. Furthermore, columnar ectopy may also contribute to premature birth. Moreover, older mothers with columnar ectopy exhibited vaginal microbiome dysbiosis, characterized by an increase in <i>Gardnerella vaginalis</i> and a reduction in <i>Lactobacillus crispatus</i>. Functional analysis of the microbiome revealed that disruptions in the vaginal microbiome might contribute to columnar ectopy by influencing carbohydrate metabolism in the host, such as galactose metabolism. Finally, galactose-degrading enzymes of <i>L. crispatus</i> were enriched in older mothers with non-columnar ectopies. In addition, <i>G. vaginalis</i> promoted the occurrence of columnar ectopy, whereas the dominance of galactosidase in <i>L. crispatus</i> was protective against columnar ectopy. Our findings demonstrate that <i>L. crispatus</i> is a target to prevent columnar ectopy or age-associated premature birth. <i>G. vaginalis</i> and galactose can be diagnostic markers for the occurrence of adverse pregnancy outcomes in older mothers.IMPORTANCEAdvanced maternal age poses a growing challenge to maternal health globally, yet the mechanisms linking age-related physiological changes to adverse pregnancy outcomes remain unclear. This study identifies vaginal microbiome dysbiosis, characterized by increased <i>Gardnerella vaginalis</i> and reduced <i>Lactobacillus crispatus</i>, as a critical mediator of age-associated preterm birth in mothers with columnar ectopy. By integrating multi-omics analyses, we reveal that disruptions in galactose metabolism driven by microbial shifts may contribute to columnar ectopy development. Notably, <i>L. crispatus</i> galactosidase activity emerges as a protective factor, while <i>G. vaginalis</i> and galactose accumulation serve as potential diagnostic markers. These findings provide actionable targets for microbiome-based interventions to mitigate age-related pregnancy complications, advancing personalized strategies for maternal care.",mSystems
42077008,Peritonitis due to Gardnerella vaginalis in a male patient undergoing peritoneal dialysis: A case report.,"We report the first documented case of Gardnerella vaginalis peritonitis in a 55-year-old man undergoing continuous ambulatory peritoneal dialysis (CAPD) for renal failure of unknown etiology. He was started on CAPD three months after catheter insertion and simultaneous umbilical hernia repair with mesh placement. His follow-up was notable for poor compliance and geographical isolation. He presented to the emergency department for abdominal pain associated with an abscess at the catheter exit site. Microbiological culture identified G. vaginalis, an organism typically found in the female vaginal flora. The outcome was favorable with metronidazole treatment, to which this organism is generally susceptible. This case highlights the potential role of atypical pathogens in peritoneal dialysis-related infections, and in particular the pathogenicity of G. vaginalis through biofilm formation in patients carrying implanted medical devices, including in men.",Nephrologie & therapeutique
41895366,Cervicovaginal detection of genital mycoplasmas is associated with preterm birth and low birth weight: a systematic review and multivariate meta-analysis of adverse pregnancy outcomes.,"Genital mycoplasmas (Mycoplasma genitalium, Mycoplasma hominis, and Ureaplasma species) are highly prevalent in women of reproductive age worldwide. The relevance of cervicovaginal detection in pregnancy remains controversial. This study aimed to assess their associations with adverse pregnancy outcomes. We conducted a systematic review and meta-analysis of observational studies published up to February 1, 2026, in MEDLINE, Embase, and the Cochrane Library. Eligible studies reported the presence of any genital mycoplasmas and at least one adverse pregnancy outcome. Four reviewers independently selected studies and extracted data. Pooled odds ratios and mean differences with 95% confidence intervals were calculated. Univariate and subgroup analyses were performed for primary and secondary outcomes and multivariate analysis for preterm birth. Sensitivity analyses restricted to cohort studies and cervicovaginal sampling were conducted. Of 11,957 records, 156 studies were included in meta-analysis. In sensitivity analyses excluding amniotic fluid and placental specimens, significant associations with spontaneous preterm birth and low birthweight remained for cervicovaginal samples. Cervicovaginal detection of Ureaplasma parvum was significantly associated with preterm birth (odds ratio, 1.63; confidence interval, 1.36-1.96). For Ureaplasma species, first-trimester detection showed stronger associations compared to second-trimester positivity (P=.044). Cervicovaginal Ureaplasma detection was also associated with low birthweight (odds ratio, 1.56; confidence interval, 1.33-1.83) and small for gestational age (odds ratio, 1.47; confidence interval, 1.19-1.80). Mycoplasma hominis showed significant associations with both preterm birth (adjusted odds ratio, 1.75; confidence interval, 1.21-2.53) and low birthweight (odds ratio, 1.81; confidence interval, 1.51-2.16) when detected in cervicovaginal samples. Associations between genital mycoplasmas and adverse pregnancy outcomes are not limited to intra-amniotic presence but are also observed with cervicovaginal detection. Given the observational nature of the available data and residual confounding, these associations should be interpreted cautiously and do not support routine screening or treatment. Cervicovaginal detection should be interpreted within the broader context of the vaginal microbial environment rather than as evidence of an isolated pathogenic effect.",American journal of obstetrics and gynecology
41265504,Vaginal microbiome structure in pregnancy and host factors predict preterm birth: Results from the ECHO Cohort.,"The vaginal microbiome is dynamic, typically shifting during pregnancy toward enrichment of Lactobacillus. However, proliferation of Lactobacillus may be absent among women with preterm births (PTBs). We sought to identify robust vaginal microbiota signatures along with host factors that predicted PTB across diverse U.S. cohorts. We meta-analyzed 16S rRNA gene amplicon sequence data from the Environmental influences on Child Health Outcomes Cohort. We classified community state types (CSTs) and employed penalized logistic regression models to assess the association between vaginal CST and PTB. We generated supervised random forest models and validated them using a train-and-test approach to identify the most predictive vaginal taxa and host factors. Of 683 births, 12 % were preterm. Overall, 26 % had a non- L. iners Lactobacillus-dominant CST (I, II, V), 43 % had a L. iners-dominant CST (III), and 30 % had a diverse, non-Lactobacillus-dominant (IV-B, IV-C) CST. Vaginal CST was strongly associated with PTB (adjusted odds ratio [aOR], 3.86, 95 % confidence interval [CI], 1.57-11.3 for diverse, non-Lactobacillus-dominant communities and aOR, 3.03, 95 % CI, 1.25-8.78 for L. iners-dominant compared to L. crispatus-dominant communities). The model with the highest area under the curve (AUC=.77) included Gardnerella vaginalis, age, Prevotella timonensis, and L. crispatus. Along with host factors, vaginal microbiota could be used for predictive risk scoring for PTB across different U.S. cohorts.",Annals of epidemiology
41390780,"Azithromycin alters the microbiome composition, function and resistome in women with Chlamydia trachomatis infections.","Antibiotics disrupt mucosal microbial communities, yet the effects on microbiomes infected with Chlamydia trachomatis (Ct) remain poorly understood. Some data exist on vaginal microbiomes, but none exist for the endocervix or rectum that are primary sites of infection. We applied metagenomic shotgun sequencing to vaginal, endocervical and rectal samples collected longitudinally from women who cleared their infection post-treatment (n = 10), had persistent infection (n = 11), or remained uninfected (n = 18) to evaluate azithromycin-induced changes in microbial composition, function, and the resistome over time. Our results show shifts in composition and function post-treatment that support persistent Ct, nonsynonymous Ct L22 amino acid substitutions that may be linked to azithromycin resistance, and significant endocervical increases in azithromycin resistance genes in Lactobacillus iners and Gardnerella vaginalis strains with moderate/high biofilm formation potential. These findings highlight the unintended ecological consequences of azithromycin treatment, including likely resistance gene propagation, emphasizing the need for novel treatment and microbiome-preserving strategies.",NPJ biofilms and microbiomes
41898614,Characterization of Monomeric and Dimeric Forms of the Lectin TFF1 in the Human Vagina: Possible Role for the Innate Immune Defence.,"TFF1 is a secretory polypeptide that is typical of mucous epithelia belonging to the trefoil factor family (TFF) of lectins. Originally, <i>TFF1</i> was discovered as an estrogen-responsive gene in breast cancer cell lines. However, its major physiological expression site is the stomach where it exists mainly in a monomeric form, with minor amounts of homodimeric as well as heterodimeric forms, such as a high-molecular-mass complex with IgG Fc binding protein (FCGBP). For the first time, we characterized different low-molecular-mass forms of TFF1 in human post-menopausal vaginal specimens, i.e., monomeric and dimeric forms. Attempts to identify high-molecular-mass forms of TFF1, such as TFF1-FCGBP, failed. Based on its known anti-inflammatory effects, TFF1 could play an important role in the homeostasis of vaginal microbiota, which is normally predominated by <i>Lactobacillus</i> spp. Due to its lectin activity, TFF1 might also be capable of binding to members of the vaginal microbiota or to vaginal fungal pathogens. This points to a potential role for TFF1 in the vagina's innate immune defence and could be of clinical relevance particularly after menopause, e.g., for the treatment of bacterial vaginosis or vulvovaginal candidiasis, as here vaginal dysbiosis is often observed as a consequence of estrogen deficiency.",International journal of molecular sciences
40899134,Bacterial Vaginosis-Associated Prevotella timonensis Enhances Dendritic Cell-T Cell Clustering and Subsequent T Cell Proliferation.,"Dysbiosis of the vaginal microbiome is associated with increased inflammation in the female genital tract. Microbiota associated with bacterial vaginosis (BV), such as Gardnerella vaginalis, Megasphaera elsdenii, and Prevotella timonensis, replace the health-associated bacterium Lactobacillus crispatus and cause inflammation affecting mucosal integrity and immunity. However, it remains unclear how these BV-associated bacteria modulate immune cells and enhance inflammation. Here, we investigated whether BV-associated bacteria directly affected dendritic cell (DC) function. Notably, P. timonensis but not M. elsdenii induced cell-cell clustering between monocytic cell lines and, importantly, between primary DCs and primary CD4 T cells. Our data indicate that this increased clustering is independent of LFA-1. Moreover, P. timonensis enhanced DC-mediated CD4 T cell proliferation. Altogether, these results suggest that P. timonensis-induced cell-cell clustering contributes to the elevated mucosal inflammation observed during bacterial vaginosis.",European journal of immunology
42375956,"Effect of intravaginal probiotics and enrofloxacin on vaginal microbiota, pH, vaginitis, and fertility in black Iraqi goats synchronized with progesterone impregnated sponges.","The prolonged retention of progesterone-infused intravaginal sponges in estrous synchronization protocols, results in alteration of vaginal microflora, disturbance of vaginal pH, and increased vaginitis in goats. These changes lead to the growth of opportunistic pathogenic bacteria, such as <i>Escherichia coli</i> and <i>Staphylococcus aureus</i>, which need antibiotics to treat this condition. Probiotics have recently been suggested as an alternative method for the maintenance of vaginal health and improving animal fertility. To investigate the effects of probiotics (<i>Lactobacillus plantarum</i> and <i>L. acidophilus</i>), in compared with enrofloxacin and a control group, on vaginal microflora, vaginal pH, vaginitis incidence, and fertility in Black Iraqi goats synchronized with the progesterone intravaginal sponges. Thirty adult black Iraqi goats, aged (2-4) years, were randomly divided into three separate groups, each group (<i>n</i> = 10). The first group received a progesterone sponge only (control). The second group received progesterone sponges combined with 50 mg of intravaginal enrofloxacin. The third group received progesterone sponges combined with probiotic suspension (2 × 10<sup>9</sup> CFU/sponge <i>L. plantarum</i> and <i>L. acidophilus</i>). Vaginal swabs were collected prior to sponge insertion (Day 0) and immediately after sponge removal (Day 14), for bacterial isolation, pH measurement, and cytological evaluation of vaginitis. Pregnancy was diagnosed by ultrasound 28 ± 3 after mating. Statistical analysis was performed using analysis of variance and chi-square tests. The incidence of vaginitis was significantly increased (<i>p</i> < 0.05) in all groups, observed 80%, 60%, and 50% in the control, enrofloxacin, and probiotic groups, respectively. The mean vaginal pH increased significantly in all groups (<i>p</i> < 0.001), and was highest in the control group (8.1 ± 0.16) and lowest in the probiotic group (6.9 ± 0.12) (F<sub>2</sub>, 27 = 9.73; <i>p</i> < 0.05) after sponge removal. <i>Escherichia coli</i> was most predominant in all groups; it increased 90% in the control group and declined to 30% (<i>p</i> < 0.05) and 40% (<i>p</i> < 0.05) in the enrofloxacin and probiotic groups, respectively. <i>Lactobacillus</i> spp. increased to 70% in the probiotic group, though not significantly (<i>p</i> > 0.05). The pregnancy rates were 50% in the control group and 80% in both treated groups, with a highly significant difference among groups (χ² = 57.6; <i>p</i> < 0.01). The application of the intravaginal probiotic modified vaginal microflora, maintained vaginal pH, decreased vaginitis, and improved animal fertility. The probiotic efficacy was comparable to enrofloxacin without destroying beneficial bacteria.",Open veterinary journal
42454452,Efficacy of live lactobacillus preparations in treating cervical inflammation and clearing viral infections in patients with HPV infection complicated by bacterial vaginosis.,"This study aimed to evaluate the efficacy and safety of Dingjunsheng, a live Lactobacillus preparation, as adjuvant therapy in patients with human papillomavirus (HPV) infection complicated by bacterial vaginosis (BV). A retrospective analysis was conducted on 152 eligible patients, randomly divided into two groups: the observation group (n=87) receiving standard BV antibacterial therapy plus Dingjunsheng, and the control group (n=65) who received standard BV antibacterial therapy alone. The patients were followed up for six months. Primary outcomes included HPV clearance rate and cervical cytological inflammation improvement, while secondary outcomes involved BV recurrence rate and adverse reaction incidence. The results showed that the observation group had a significantly higher HPV clearance rate (73.6% vs 53.9%) and inflammation improvement rate (90.8% vs 76.9%), as well as a lower BV recurrence rate (3.1% vs 13.9%) compared to the control group. Dingjunsheng was identified as an independent protective factor for HPV clearance (OR=2.5, 95%CI:1.3-5.1). The incidence of adverse reactions was similar between both groups. We conclude that Dingjunsheng adjuvant therapy demonstrated effectiveness in improving HPV clearance, alleviating inflammation, and reducing BV recurrence, with good safety, making it a valuable treatment strategy for these patients.",African journal of reproductive health
41798744,Vaginal and endometrial microbiota dysbiosis in patients with chronic endometritis: a systematic review and meta-analysis.,"Chronic endometritis (CE), a persistent inflammatory condition of the endometrial lining, is clinically linked with adverse reproductive outcomes. It is currently hypothesized to be associated with infection, and is often treated with broad-spectrum antibiotics. However, the specific microbial alterations remain poorly defined due to heterogeneous findings. PubMed, Web of Science, Medline, Embase, Cochrane Library, and Scopus were searched for studies published up to July 2025. Studies were included if they compared CE patients to non-CE controls and analyzed vaginal or endometrial microbiota. Standardized mean difference (SMD) for alpha-diversity, odds ratio (OR) for microbial detection rates, with 95% confidence intervals (CIs) were calculated. Qualitative syntheses of beta-diversity and microbial abundance profiles were also performed. Twenty-two studies (n = 1274 CE patients, n = 1109 controls) were included. Alpha-diversity indices showed no significant differences for both vaginal and endometrial microbiota. However, a subgroup analysis revealed a significant upregulation in endometrial Chao1 indices in 16S V4 sequencing studies (SMD = 0.38, 95% CI: 0.06 to 0.70, <i>I</i> <sup>2</sup> = 0). Beta-diversity findings were inconsistent, though three endometrial studies reported significant intergroup differences. Qualitative synthesis revealed a decrease in <i>Lactobacillus</i> and an increase in opportunistic pathogens, including <i>Gardnerella</i> and <i>Sphingomonas</i>. Pooled analysis of microbial detection rates showed significantly higher prevalence for <i>Enterococcus</i> (OR = 4.93, 95% CI: 2.13 to 11.39, <i>I</i> <sup>2</sup> = 48%) and <i>Ureaplasma</i> (OR = 6.30, 95% CI: 2.53 to 15.68, <i>I</i> <sup>2</sup> = 0%) in CE patients. CE is associated with dysbiosis of the vaginal and endometrial microbiota, characterized by a shift from beneficial commensals to pathogenic microbes. This dysbiosis may contribute to an altered the intrauterine immune microenvironment. PROSPERO https://www.crd.york.ac.uk/PROSPERO/view/CRD420251115587, identifier CRD420251115587.",Frontiers in cellular and infection microbiology
41714081,The human reproductive tract microbiome: A novel source of live biotherapeutics.,"Live biotherapeutics which are live microorganisms with clinically validated therapeutic benefits are rapidly emerging as innovative interventions for a broad spectrum of health disorders. The human reproductive tract, particularly the female vagina is home to specific microbial community that play a vital role in maintaining mucosal immunity, preventing pathogen colonization and supporting successful pregnancy outcomes. Disruption to this microbial balance have been strongly associated with conditions such as bacterial vaginosis (BV), sexually transmitted infections (STI), infertility and pregnancy complications such as pre-term birth. Given the adverse effects of conventional pharmaceutical treatments, microbiome based therapeutic strategies are gaining increasing popularity as safer and more sustainable alternatives. Recent advancements in synthetic biology, genetic engineering and microbiome science have enabled the development of next generation live biotherapeutics that go beyond traditional probiotics which are intended for only maintaining general health. This chapter explores the human reproductive tract microbiome as a novel and promising source of live biotherapeutics candidates. We examine the composition and functional potential of microbial communities within the reproductive tract, the mechanisms by which they interact with the host, and the emerging evidence supporting the therapeutic applications of vaginally isolated microorganisms. Additionally, we highlight recent advancements in research focused on reproductive tract microbiome, strategies of mining live biotherapeutic product (LBP) candidates, and enlist few potential vaginal origin-LBPs and their associated studies. In addition, this chapter briefly introduces emerging strategies aimed at addressing reproductive health challenges such as vaginal microbiome transplantation (VMT) as innovative tool for addressing persistent challenges in reproductive health.",Progress in molecular biology and translational science
42269302,The correlation between vaginal microbiome dysbiosis and recurrent spontaneous abortion.,"In recent years, the role of the vaginal microbiota in pregnancy maintenance has garnered increasing attention. Extensive research indicates that vaginal dysbiosis is closely associated with various adverse pregnancy outcomes, including ectopic pregnancy, miscarriage, preterm birth, and premature rupture of membranes. Recurrent spontaneous abortion (RSA) affects approximately 1-5% of women of childbearing age and has a complex etiology, with infection implicated in about 4% of cases. This systematic review examines the compositional characteristics of the vaginal microbiota, its dynamic changes during pregnancy, and the underlying mechanisms linking it to RSA. It focuses on the protective role of lactobacilli, ascending pathogen infection, and local immune regulation, aiming to provide a novel theoretical foundation for the prevention, risk prediction, and personalized treatment of RSA.",Journal of reproductive immunology
41842611,Microbiota-Derived Butyrate Preserves Epithelial Integrity Through SIRT1-Mediated Metabolic-Epigenetic Crosstalk in Vulvar Lichen Sclerosus.,"Vulvar lichen sclerosus (VLS) is increasingly understood as a disorder shaped by systemic immune-metabolic disturbances and microbiome dysregulation. This study investigated how temporal changes in the gut and reproductive tract microbiota influence gene expression, metabolic status, and therapeutic responses in VLS. Fecal and vaginal samples from 20 VLS patients and 20 healthy women were collected at baseline and four follow-up time points and analyzed using multi-omics profiling. VLS patients exhibited consistently reduced microbial diversity, with increased abundances of Prevotella and Gardnerella and decreased Bifidobacterium and Lactobacillus. These microbial shifts were accompanied by significant upregulation of inflammatory genes (IL-6 and TNF-α) and downregulation of metabolic regulators (FOXO3 and SIRT1), with dynamic changes closely paralleling clinical progression. Metabolomic analysis further revealed marked disruptions in lipid and carbohydrate metabolism, particularly reduced levels of short-chain fatty acids (SCFAs). Functional assays demonstrated that patient-derived microbiota impaired cellular homeostasis by suppressing proliferation, enhancing apoptosis, and amplifying inflammatory signaling in vulvar epithelial and fibroblast models. In vivo, SCFA supplementation most effectively restored SIRT1 expression, reduced inflammatory cytokines, and improved metabolic balance in a DMBA-induced VLS mouse model. Together, these findings highlight a mechanistic link between microbiome dysbiosis, inflammatory activation, and metabolic dysfunction in VLS. They also underscore the therapeutic potential of targeting microbial and metabolic pathways, providing a foundation for microbiome-informed and personalized interventions for VLS.",FASEB journal : official publication of the Federation of American Societies for Experimental Biology
41452092,Advances in treating bacterial vaginosis: recognizing sexual transmission and pipeline of therapies.,"Bacterial vaginosis (BV) is a common vaginal dysbiosis linked to increased risk of HIV, other sexually transmitted infections (STIs), and adverse obstetric outcomes. Standard antibiotic therapy often induces symptom remission, but recurrence rates exceed 50% within 6 months. The purpose of this review is to discuss recent clinical trials that demonstrate improved outcomes when compared to treatment according to current management guidelines and outline potential future therapies. Strong evidence supporting transmission of bacteria associated with the dysbiotic state of BV between sexual partners has accumulated over time. A recent clinical study (StepUp) demonstrated overwhelming evidence that treating male partners with combined oral and topical antibiotics significantly reduces BV recurrence in their female partners, highlighting the role of sexual transmission. Recent guideline updates reflect these advances: the American College of Obstetricians and Gynecologists now advises partner therapy for recurrent BV, signaling a shift toward partner-inclusive management strategies. In parallel, live biotherapeutic products (LBPs) and vaginal microbiota transplantation (VMT) show promise in restoring a stable, Lactobacillus crispatus-dominant microbiome. Novel approaches targeting metabolic vulnerabilities of BV-associated bacteria and L. iners, and nonantibiotic agents like metastable iron sulfides are in early development. Several advances in managing recurrent BV have shown promise in improving care of this condition. They represent a shift toward microbiome-informed, durable, and woman-controlled therapies. Strategies combining these along with continued development of promising novel approaches to treatment will be needed to optimize care of patients and reduce global BV burden.",Current opinion in infectious diseases
40565012,Human Papillomavirus and Other Relevant Issues in Cervical Cancer Pathogenesis.,"Cancer of the uterine cervix (cervical cancer) is a leading cancer among women worldwide, although its incidence has been reducing in many developing nations. In the majority of cervical cancer cases, the presence of high-risk human papillomavirus (HPV) is usually detected. However, a growing body of evidence currently considers that exclusive HPV infection may not be sufficient for cancer development. Apart from certain common risk factors for cervical cancer, like poor nutritional status and smoking, many studies documented an association with other viral infections, such as human immunodeficiency virus (HIV) and herpes simplex virus type 2 (HSV-2). Similarly, vaginal bacterial populations perhaps play a key role in cervical cancer. It may be worth mentioning that different bacterial species can immensely influence (either protecting or adversely) the biochemical characteristics of the cervicovaginal environment-for example, <i>Lactobacillus crispatus</i>, <i>Gardnerella vaginalis</i>, and <i>Chlamydia trachomatis</i>. As a result, chronic infections with unfavorable microorganisms (other than HPV) may affect the pathological processes of malignancy. On the other hand, the cervix is an estrogen-sensitive organ like the corpus uteri (i.e., the body of the uterus). Estrogen and different estrogen receptors are implicated in the development and promotion of various cancers, including endometrial cancer. A number of reports also suggest a close association between estrogen and HPV in the development of cervical cancer. Furthermore, estrogen is linked with the characteristics of the vaginal microenvironment including bacteria. Therefore, several of the abovementioned factors (some are preventable) could play an important role in the progression of cervical neoplastic lesions.",International journal of molecular sciences
42251226,"The human microbiome as a source of novel bioactive natural products: structures, bioactivities, and biosynthetic insights.","The human microbiome, comprising trillions of microorganisms in distinct anatomical locations such as the gut, oral cavity, skin, and vagina, has emerged as a source of bioactive natural products with diverse scaffolds. Through co-evolution with the host, the human microbiome produces small molecules tailored to physicochemical environments that contribute to immune regulation, epithelial barrier maintenance, pathogen defense, and neurochemical signaling. Recent advances in metagenomics, single-cell genomics, synthetic biology, and integrated omics approaches have enabled rapid discovery and structural elucidation of biosynthetic gene clusters (BGCs) and metabolites. Cultivation-driven and genome mining strategies combined with omics analyses have improved the efficiency of discovering microbiome-derived drug leads. These metabolites mediate competitive and cooperative interactions within microbial ecosystems and hold high promise for therapeutic applications such as immunomodulators, anti-infectives, and neuroactive agents. This review outlines the structural features, biosynthetic pathways, and bioactivities of key metabolites across major microbial niches, together with strategies for their discovery, highlighting their potential in advancing drug development and human health.",Journal of natural medicines
41444070,"Prevalence of hr-HPV types and their association with bacterial vaginosis, yeasts and trichomoniasis in Argentine women.","Human papillomavirus infection is the most common sexually-transmitted infection and its relationship with vaginal microbiota is not entirely clear. The aims of this study were: (1) to determine the prevalence of infection with high-risk (hr)-HPV types in different age groups; (2) to describe the hr-HPV types according to the grade of cervical squamous intraepithelial lesion (SIL); (3) to establish the prevalence of bacterial vaginosis (BV), yeasts and trichomoniasis in the different age groups studied according to the type of hr-HPV detected. A total of 741 patients underwent clinical examination and collection of vaginal fornix to study basic vaginal states (BVS) and culture. hr-HPV types were determined using multiple isothermal real-time amplification. Patients were divided into three age groups: Group 1, 18-24 years (n=138), Group 2, 25-50 years (n=456) and Group 3, over 50 years (n=147). All groups were further divided into HPV-negative, HPV-positive patients without lesion, low-grade squamous intraepithelial lesion (L-SIL), high-grade squamous intraepithelial lesion/squamous cervical carcinoma (H-SIL/SCC). HPV16 type was the most prevalent in H-SIL/SSC 50% (22/44) followed by hr-HPV non-16/18 13.6% (6/44) and in L-SIL 27% (17/63) followed by HPV31-33 14.3% (9/63). In Group 1, HPV16 was detected in 63.3% (7/11) of H-SIL/SCC lesions; in Group 2, HPV16 was detected in 45.5% of H-SIL/SCC lesions (14/32); and in Group 3, HPV16 was detected in one case of H-SIL/SCC. The most prevalent condition was BV in the three groups. In Group 1, 54.2% of HPV16 patients had associated BV. A high prevalence of hr-HPV infection was detected in the 18-24-year age group. HPV16 was the most prevalent type in both the 18-24 and 25-50-year age groups and both HSIL/SSC and L-SIL. BV was the condition most frequently detected, especially in the 18-24-year age group.",Revista Argentina de microbiologia
40467588,Identification and characterisation of vaginal bacteria-glycan interactions implicated in reproductive tract health and pregnancy outcomes.,"Lactobacillus displacement from the vaginal microbiome associates with adverse health outcomes and is linked to increased risk of preterm birth. Glycans mediate bacterial adhesion events involved in colonisation and infection. Using customised glycan microarrays, we establish glycan interaction profiles of vaginal bacteria implicated in reproductive health. Glycan binding signatures of the opportunistic pathogens Escherichia coli, Fusobacterium nucleatum and Streptococcus agalactiae to oligomannose N-glycans, galactose-terminating glycans and hyaluronic acid, respectively are highly distinct from Lactobacillus commensals. Binding to sulphated glycosaminoglycans by vaginal bacteria is pH dependent, as is binding to neutral and sialic acid-terminating glycans by F. nucleatum. Adhesion of Lactobacillus crispatus, Lactobacillus iners, Gardnerella vaginalis, S. agalactiae and F. nucleatum to vaginal epithelial cells is partially mediated by chondroitin sulphate. S. agalactiae binding to chondroitin sulphate C oligosaccharides is inhibited by L. crispatus. This study highlights glycans as mediators of vaginal bacterial binding events involved in reproductive health and disease.",Nature communications
42182130,"HPV co-infection burden, vaginal microbiota restructuring, and host context are associated with Cervical precancer risk in a racially restricted observational cohort.","High-risk human papillomavirus (HPV) infection is necessary for cervical carcinogenesis, but HPV detection alone does not distinguish transient infection from lesions at greatest risk of progression. We evaluated whether HPV burden, vaginal microbiota structure, and host-context variables jointly characterize cervical intraepithelial neoplasia grade 3 (CIN3) in a Black/African American and White analytic cohort from the Vaginal Microbiome Health Project (VaMHP), integrating L1-based HPV typing, 16S rRNA vaginal microbiota profiling, and linked clinical metadata. Among 1181 participants, 75 had CIN3. CIN3 was associated with HPV positivity (55/75, 73.3% vs 431/1106, 39.0%; odds ratio [OR] 4.31, 95% CI 2.55-7.29; Fisher exact p = 7.9 x 10^-9) and with multiple HPV infection among HPV-positive participants (35/55, 63.6% vs 176/431, 40.8%; OR 2.54, 95% CI 1.42-4.54; p = 0.0022). HPV communities in CIN3-positive samples showed higher Shannon diversity, greater observed strain richness, higher evenness, and significant beta-diversity separation. In vaginal microbiota analyses, alpha diversity did not differ by CIN3 status, but community composition did, and Lactobacillus crispatus was the only taxon depleted in CIN3 after multiple-testing correction. Race, age, and metronidazole exposure were central nodes in the host-factor network. In predictive modeling, a full integrated model combining metadata, HPV, and vaginal microbiota features (auROC = 0.745) outperformed both HPV + vaginal microbiota (auROC = 0.670) and HPV-only (auROC = 0.440) models. CIN3 in this cohort was associated with coordinated shifts in virologic burden, vaginal community structure, and host social-clinical context. The results support a structure-function interpretation in which loss of Lactobacillus crispatus-dominant states and enrichment of dysbiosis-associated communities define a host-microbiome context that is more permissive to HPV persistence and precancer. These findings move beyond descriptive omics by showing that microbiome and host-context features add nonredundant discriminatory signal beyond HPV-only models.",bioRxiv : the preprint server for biology
40391646,Repurposing antimalarials: pyrimethamine exhibits superior in vitro activity to metronidazole against Gardnerella while sparing Lactobacillus.,"Bacterial vaginosis (BV) is associated with significant reproductive health risks and high recurrence rates after standard antibiotic treatment. Sulfadoxine/pyrimethamine, an antimalarial drug, demonstrated unexpected clearance of BV in clinical trials, suggesting potential antimicrobial effects. Drug repurposing, which leverages existing drugs for new therapeutic applications, offers a promising approach to address the challenges of antimicrobial resistance and high recurrence rates in BV. To determine the in vitro activity of sulfadoxine/pyrimethamine and its components, sulfadoxine and pyrimethamine, on key species associated with BV. Minimum inhibitory concentration (MIC) and minimum bactericidal concentration were determined for sulfadoxine/pyrimethamine (20:1 ratio), sulfadoxine, pyrimethamine, and standard-of-care antibiotics, metronidazole and clindamycin, against BV-associated species (Gardnerella spp., Fannyhessea vaginae, Prevotella bivia) and Lactobacillus crispatus (vaginal health marker). Gardnerella biofilms were also exposed to sulfadoxine/pyrimethamine, pyrimethamine, or metronidazole, and biofilm biomass and biofilm cells culturability were assessed. Sulfadoxine had no effect, while pyrimethamine inhibited all Gardnerella strains with MIC values ranging from 0.125 to 4 mg/L, lower than MICs observed for metronidazole (2-128 mg/L). Pyrimethamine also outperformed metronidazole in inhibiting biofilm mass accumulation and reducing biofilm culturable cells in 3/4 Gardnerella strains. Sulfadoxine/pyrimethamine presented lower MICs than metronidazole for 5/8 Gardnerella strains. Sulfadoxine, pyrimethamine, and sulfadoxine/pyrimethamine showed no activity against other BV-associated species or L. crispatus. These findings suggest that pyrimethamine (and sulfadoxine/pyrimethamine) could be promising alternative or adjuvant therapies for BV, warranting further clinical trials.",The Journal of antimicrobial chemotherapy
41880538,Characterization of the vaginal microbiome and its metabolic potential in Colombian patients with recurrent vulvovaginal candidiasis.,"Recurrent vulvovaginal candidiasis (RVVC) is a multifactorial condition in which vaginal microbiota dysbiosis plays a key role. This study aimed to characterize the vaginal microbiome of patients with RVVC using metagenomic sequencing. Vaginal scraping samples were collected from 34 women aged 20-47 years and classified into three groups: (1) 14 women with RVVC who had experienced 3-7 episodes of VVC in the previous year; (2) 9 women with severe RVVC, defined as ≥8 episodes in the last year; and (3) 11 healthy women as controls. The results revealed an increased relative abundance of bacteria associated with bacterial vaginosis-including Gardnerella vaginalis, G. swidsinskii, and Prevotella bivia-as well as higher levels of Lactobacillus iners in both RVVC groups. In contrast, healthy women showed a greater abundance of L. crispatus and L. gasseri. Diversity analyses indicated lower α-diversity in the healthy group compared to RVVC patients. Metabolic potential profiling showed a differential increase in sequences related to the phosphotransferase system, fructose/mannose metabolism, pentose phosphate pathway, and cysteine/methionine and purine metabolism in RVVC groups relative to controls; no significant differences were observed between RVVC groups, indicating that microbial profiles alone do not correlate with the degree of disease severity. These findings provide relevant insights into the taxonomic and functional characteristics of the vaginal microbiome in women with RVVC and may support the development of targeted therapeutic strategies.",Medical mycology
41752979,A Dive into the Invisible: The Vaginal and Endometrial Microbiota in Gynecologic and Obstetric Disorders: A Narrative Review.,"The human microbiota is increasingly recognized as a key component of women's reproductive health. This narrative review examines the vaginal, endometrial, and gut microbiota and their roles in the pathogenesis of gynecologic and obstetric disorders, aiming to integrate current evidence into a clinically relevant framework. We review intrinsic (genetic, hormonal, and immunological) and extrinsic (environmental, lifestyle, and pharmacological) factors shaping microbial composition, with particular focus on dysbiosis and the role of the gut estrobolome within the microbiome in estrogen metabolism. The review synthesizes data on microbiota alterations associated with endometriosis, adenomyosis, uterine fibroids, endometrial polyps and hyperplasia, gynecologic malignancies, pelvic inflammatory disease, bacterial vaginosis, infertility, and adverse obstetric outcomes, including preterm birth and fetal growth restriction. Methodological approaches used to characterize the reproductive tract microbiota, such as vaginal swabs, endometrial sampling, and fecal analysis, are critically discussed, together with limitations related to low-biomass environments and contamination risk. Evidence regarding therapeutic modulation of the microbiota, including antibiotics, probiotics, hormonal therapies, and emerging microbiota-based interventions, is summarized, alongside the impact of gynecologic surgery on microbial translocation and long-term microbial balance. Overall, the available literature supports an association between microbiota alterations and multiple reproductive conditions, although causality remains incompletely established. Further standardized and longitudinal studies are needed to clarify mechanisms and guide microbiota-informed diagnostic and therapeutic strategies.","Life (Basel, Switzerland)"
41651126,Mapping cervical microbiome diversity and inflammatory milieu and its perturbation in asymptomatic bacterial vaginosis and Candida infections: Insights from a community clinic in Mumbai.,"The interplay between the local microbiome and inflammatory environment is crucial in modulating the immune response. This research addresses the paucity of studies in the Indian context by mapping the cervical microbiome and associated inflammatory milieu in 43 apparently healthy women and evaluating its perturbations with various asymptomatic vaginal infections. Cervical microbiome was mapped for forty three participants, aged 18-45, who were enrolled from a community clinic as a part of longitudinal contraceptive study from October 2021 to September 2023. Sociodemographic data, clinical history, and cervical and cervicovaginal lavage specimens were collected. Microbiome analysis involved nanopore sequencing of the entire 16S rRNA region amplicon, while cytokine assessment in cervicovaginal lavage specimens utilized multiplex immunoassays. Firmicutes, Bacteroidetes, Actinobacteria, Proteobacteria, and Fusobacteria appeared as dominant phyla with 32.55% having asymptomatic bacterial vaginosis (BV),16.27% asymptomatic Candida, and 13.95% coinfections. The cervical microbiome was dominated by Lactobacillus iners (45.69%), followed by Lactobacillus helveticus (6.53%) and Lactobacillus reuteri (5.86%). Women with BV exhibited an increased abundance of Prevotella and Streptococcus, while Candida infections were associated with elevated Atopobium and Collinsella species. Pro-inflammatory cytokines (IL-1β, IL-6, TNF-α, IL-8) showed variable levels, with Lactobacillus positively correlating with the regulatory cytokine TNF-α in in Candida infections. In BV Lactobacillus species such as L. agilus, L.iners and L. salivarius showed positive correlation with TNF-α. Additionally, Lactobacillus manihotivoranswas negatively associated with IL-1β, while Lactobacillus brevis and Lactobacilluszeae showed negative correlations with IL-8. This study maps the cervical microbiome and cytokine profile of healthy Indian women and demonstrates that asymptomatic bacterial vaginosis and Candida infections induces variations, highlighting the complex host-microbe interactions that govern vaginal health.",Indian journal of medical microbiology
41602108,Sub-optimal menstrual materials and vaginal microbiome disruption in women relying on sex for livelihood.,"Sub-optimal menstrual materials (MM), such as using cloths, cotton balls, or tissues, can adversely affect the vaginal microbiome (VMB). Women who rely on sex for economic livelihood often use sub-optimal materials to conceal menstruation and avoid loss of income. We hypothesized that among women who rely on sex for economic livelihood, those using sub-optimal MM would be more likely to have non-optimal VMB than those with adequate MM. This cross-sectional analysis used baseline data from women participating in a trial assessing the impact of reusable menstrual discs on the VMB, Bacterial vaginosis (BV), and sexually transmitted infections (STIs). Data on sociodemographics, menstrual materials, and sexual practices were collected via interviewer-administered survey. Clinician-collected vaginal samples were tested for BV, STI, and VMB. VMB was assessed via 16S rRNA gene amplicon sequencing. A suite of statistical approaches identified factors associated with sub-optimal MM (use of cotton balls, tissue, or cloth) and VMB composition. 407 women were enrolled February through October 2023, with median age 27 years, 24.7% were HIV-positive, 42.2% had BV, and 21.9% had STI (composite of chlamydia, gonorrhea, trichomoniasis). Vaginal community state type (CST) was primarily diverse (CST-IV; 63.5%), or <i>Lactobacillus iners</i> dominated (CST-III; 28.1%), while CST-I (<i>L. crispatus</i> dominated) was uncommon (7.9%). Sub-optimal MM was reported by 42.0% of participants and in multivariable modeling, was more common among women with indicators of economic strain. In multivariable analyses, alpha diversity was higher with sub-optimal MM and indicators of economic strain. Sub-optimal MM was associated with CST-IV in crude analyses but was attenuated and non-significant when adjusted for age, educational attainment, amount paid at last sexual encounter, number of sex partners, and HSV-2. Non-targeted machine learning algorithms identified non-optimal VMB taxa with greater relative abundance among women with sub-optimal MM. Sub-optimal menstrual materials were used commonly and associated with non-optimal VMB composition. Reusable menstrual discs that may be worn during sex may address the economic factors driving sub-optimal MM that are associated with non-optimal VMB.",Frontiers in cellular and infection microbiology
42141389,Regression-based model for predicting preterm birth using vaginal lactobacilli and routine clinical data.,"Preterm birth (PTB) is a leading cause of neonatal morbidity and mortality. Although increasing evidence links vaginal microbiota to preterm birth, clinically practical models integrating microbial and clinical indicators are lacking. We aimed to develop a model that combines vaginal microbiota with routine clinical data for prenatal PTB risk assessment. We conducted a retrospective, single-centre cohort study including 4,558 pregnant women who delivered between 2019 and 2023 at the Women's and Children's Hospital of Chongqing Medical University. Clinical variables included blood counts, biochemical tests, and vaginal microbiota. After excluding incomplete and non-hospital cases, we excluded clinical variables with missing rates greater than 50% to improve data quality and the accuracy of model predictions. For variables with less than 50% missingness, we applied the MissForest algorithm for non-parametric imputation, 1,228 participants were included in the final analysis for model development. Logistic, LASSO, and Poisson regression models were internally validated, with no external validation performed. Reduced vaginal Lactobacillus, vaginal fluid leakage, abnormal blood glucose, and elevated Cystatin C were significantly associated with an increased risk of preterm birth (Lactobacillus reduction OR = 1.723; PROM OR = 3.297; abnormal glucose OR = 1.401; Cystatin C OR = 4.298; all P < 0.05). When the logistic prediction model combining indicators reflecting vaginal microecological imbalance (such as reduced Lactobacillus, vaginal cleanliness, microbial density, fungi, hydrogen peroxide, and N-acetyl-β-D-glucosaminidase) with clinical variables including cervical cerclage (performed for CL ≤ 25 mm), vaginal fluid leakage, blood glucose, uric acid, and Cystatin C, the model demonstrated moderate predictive performance for preterm birth (AUC = 0.753), suggesting that integrating vaginal microbiota with routine clinical parameters may improve the accuracy of prenatal risk assessment for preterm birth. This study constructed a prediction model for preterm birth integrating routine prenatal examination indicators and vaginal microbiota information. The model provides a preliminary, feasible, and low-cost framework approach for prenatal risk stratification in pregnancy. However, at this stage, it should be regarded as an exploratory research prototype that requires further multicenter validation across diverse clinical settings and populations before potential clinical application.",BMC pregnancy and childbirth
41897897,"Hoof, Vaginal and Milk Microbiota Alterations in Dairy Cows with Foot Rot.","Foot rot is a major infectious cause of lameness in dairy cows and can severely compromise production performance and animal welfare. However, it remains unclear whether foot rot is accompanied by microbiota alterations beyond the hoof, particularly in the vagina and milk. We conducted a case-control study of 24 Holstein cows (12 with clinical foot rot and 12 healthy controls). Hoof swabs, milk, and vaginal swabs were collected and analyzed using 16S rRNA gene amplicon sequencing, alongside quantitative PCR. Microbial community composition differed between cows with foot rot and healthy controls across hoof (R<sup>2</sup> = 0.26), vaginal (R<sup>2</sup> = 0.072), and milk (R<sup>2</sup> = 0.16) samples (Bray-Curtis, PERMANOVA, <i>p</i> < 0.001). Simpson diversity was lower in the hoof and vaginal microbiota (<i>p</i> < 0.05) but not in milk (<i>p</i> = 0.13). Differential abundance analysis identified enrichment of <i>Fusobacterium</i> in hoof and vaginal samples (<i>p</i> < 0.001), and absolute qPCR confirmed a higher vaginal load of <i>Fusobacterium necrophorum</i> in cows with foot rot (<i>p</i> < 0.05). Milk samples from foot rot cows showed enrichment of <i>Clostridium</i> and <i>Porphyromonas</i>. Co-occurrence network analysis revealed reduced microbial connectivity in foot rot-affected cows (average degree: 4.98 vs. 6.70) and increased network fragmentation (14 vs. 9 modules), suggesting lower ecosystem stability. Overall, foot rot was associated with microbiota shifts across the hoof, vagina, and milk, highlighting the potential value of integrated management strategies that consider extra-hoof microbial alterations.",Animals : an open access journal from MDPI
42190999,Electrospun nanofibers for antibiotic and probiotic co-delivery to target bacterial vaginosis.,"Despite initial success, antibiotic therapy for bacterial vaginosis (BV) often fails within a year to prevent recurrence. Probiotic therapy has shown promise, but inconvenient and frequent administration may affect user adherence. Recently, probiotic (lactobacilli) therapy alone was shown insufficient to dislodge fastidious anaerobic bacteria such as Gardnerella. Nanofiber devices offer a means for controlled delivery of active agents for vaginal application. This study developed a novel nanofiber vehicle for antibiotic and probiotic co-delivery with the goal of targeting anaerobes while simultaneously promoting lactobacilli. Nanofibers were designed with 3:1 v/v PEO:PLGA ratio in a meshed architecture. Fibers were loaded with 7.5 mg metronidazole and 8.33x10<sup>7</sup> CFU L. crispatus per mg of material and characterized via SEM imaging and thermal analysis. Metronidazole burst release into simulated vaginal fluid and sustained L. crispatus recovery over 6 days in MRS broth were measured. Nanofiber inhibition of Gardnerella in coculture was assessed via serial dilutions. Metronidazole was released up to 93.95% of the theoretical load within 20 min. Cumulative recovery of metabolically active L. crispatus of 1.33x10<sup>9</sup> CFU/mL corresponded with lactic acid reaching 7.50 mg/mg of fiber for 6 days. Gardnerella exposed to fibers in coculture were cleared by 24 hr while L. crispatus recovery reached 8.71x10<sup>8</sup> CFU/mL. VK2/E6E7 cells exposed to fibers in coculture showed minimal LDH release comparable to untreated. Overall, the results support the feasibility of antibiotic and probiotic co-delivery via electrospun nanofibers designed for staged release, with the longer term goal to target BV while promoting user adherence.",International journal of pharmaceutics
42399573,Neonatal predictors of neurodevelopment: the interplay between APGAR score and neonatal microbiome.,"Neonatology has made significant advances in identifying factors that influence long-term neurodevelopmental outcomes in newborns. Among these, APGAR scores and the neonatal microbiome have emerged as important determinants of neurological development. To review the current evidence regarding the relationship between APGAR scores, neonatal microbiome composition, and neurodevelopmental outcomes and to explore their combined influence on neurodevelopmental pathways. The APGAR score remains an important clinical tool for assessing neonatal health immediately after birth, with low scores often indicating potential central nervous system compromise. However, its ability to predict long-term neurodevelopmental outcomes remains variable. Emerging evidence highlights the critical role of the gut-brain axis and neonatal microbiome in shaping neurodevelopment. Alterations in microbial colonization may contribute to inflammatory processes and increase the risk of neurodevelopmental disorders, including cerebral palsy and autism spectrum disorder. Current findings suggest that APGAR scores and microbiome composition may act synergistically in influencing neurodevelopmental trajectories. Understanding the interplay between APGAR scoring, neonatal microbiome composition, and central nervous system development may enhance early risk assessment and facilitate the development of personalized microbiome-targeted interventions. Further research is warranted to clarify these relationships and improve strategies for preventing long-term neurological complications.",Irish journal of medical science
42355563,"Beyond HPV in Eastern Europe: Genotype Distribution, Molecular Biomarkers, Vaginal Microbiome, and Implications for Cervical Cancer Prevention.","Human papillomavirus (HPV) infection remains the principal etiological factor in cervical cancer development worldwide, with Eastern Europe continuing to demonstrate disproportionately high cervical cancer incidence and mortality rates. Regional disparities in screening implementation, vaccination coverage, and HPV genotype distribution contribute substantially to the persistent burden of HPV-related disease. In recent years, increasing attention has focused on molecular biomarkers and the vaginal microbiome as complementary approaches for improving cervical cancer prevention strategies. This systematic review aimed to evaluate recent evidence regarding HPV genotype distribution, molecular biomarkers, vaginal microbiome composition, and their implications for cervical cancer prevention in Eastern Europe. A systematic literature search was conducted in PubMed/MEDLINE, Scopus, Web of Science, Embase, and the Cochrane Library for studies published between January 2020 and May 2026. This systematic review was conducted in accordance with the PRISMA 2020 guidelines and prospectively registered in PROSPERO (CRD420261391136). Studies from Eastern European populations reporting data on HPV genotype distribution, screening strategies, vaccination, molecular biomarkers, or vaginal microbiome composition were included. HPV prevalence in screening populations ranged from approximately 12% to over 20%, with HPV16 consistently identified as the predominant genotype across all included studies. However, non-16/18 high-risk genotypes, particularly HPV31, HPV51, HPV52, HPV66, and HPV68, represented a substantial proportion of infections in several Eastern European cohorts. Studies evaluating CINtec PLUS cytology and HPV E6/E7 mRNA testing demonstrated improved specificity for identifying clinically significant cervical lesions compared with HPV DNA testing alone. Emerging evidence also suggested associations between vaginal dysbiosis, increased microbial diversity, persistent high-risk HPV infection, and progression to cervical intraepithelial neoplasia. Although the 9-valent HPV vaccine provides coverage for most circulating high-risk genotypes identified in the region, vaccination uptake remains inconsistent throughout Eastern Europe. The findings of this systematic review support the growing importance of extended HPV genotyping, molecular biomarkers, and microbiome-related approaches in cervical cancer prevention strategies in Eastern Europe. Strengthening organized screening programs, expanding vaccination coverage, and improving access to molecular diagnostic technologies remain essential priorities for reducing the regional burden of HPV-related disease.","Life (Basel, Switzerland)"
42192310,Comparative genomics of Sneathia species: insights into pathogenicity and adaptation to the human niche.,"Sneathia are urogenital anaerobes linked to bacterial vaginosis, preterm birth, chorioamnionitis, urethritis, and HPV-mediated cervical carcinogenesis. Two species have been identified: Sneathia vaginalis and Sneathia sanguinegens. Yet, due to their fastidious nature, our knowledge of their pathogenicity is limited. Comparative genomic analysis of 12 Sneathia genomes, including two newly sequenced via whole-genome sequencing, was used to evaluate the pathogenic potential of S. vaginalis and S. sanguinegens. Sneathia species have small genomes (1.25-1.35 Mbp) with low (26.7-29.0%) GC content. The genomes of both species harbor a similar number of subsystems, mostly related to protein processing, metabolism, and energy. Both species encode subsystems for glycogen utilization and lactic and mixed acid fermentation. The genomes of S. vaginalis exhibit a higher potential for carbohydrate and carbohydrate derivative metabolism (gluconate and ascorbic acid catabolism, the Entner-Doudoroff pathway) providing a competitive advantage in nutrient-limited environments. S. sanguinegens genomes show a higher potential for amino sugar (hyaluronic acid and N-acetylneuraminic acid catabolism) and sulfur-containing amino acid metabolism. Sneathia species also encode unique subsystems related to stress response, including oxidative stress, heat shock, and antibiotic resistance. Finally, Sneathia genomes encode both core (shared by all strains) and accessory (specific for species or strains) virulence factors, including exotoxin, additional hemolysins, O-sialoglycoprotein endopeptidase, and adhesins. Both S. vaginalis and S. sanguinegens are highly adapted to the urogenital niche and exhibit high pathogenic capacities. Genomic information revealed potential mechanisms by which these pathogens enhance their competitiveness within the urogenital tract and likely facilitate microbe-microbe cooperation in polymicrobial communities.",BMC microbiology
42058946,Population‑Specific Diversity of Dominant Vaginal <i>Lactobacillus</i> Species in Healthy Iranian Women and Those with Vaginitis: A Molecular Case‑Control Study.,"<i>Lactobacillus</i> species play a key role in maintaining vaginal microbial homeostasis and protecting against genital infections. Disruption of this microbial balance can increase susceptibility to vaginitis. Population-specific variations in the composition of vaginal <i>Lactobacillus</i> communities may influence disease risk and therapeutic responses. This study aimed to evaluate the distribution of major vaginal <i>Lactobacillus</i> species in healthy Iranian women and those with vaginitis using species-specific molecular assays. In this case-control study, 100 women with clinically confirmed vaginitis and 100 healthy controls were enrolled. Vaginal swabs were examined by Gram staining, followed by DNA extraction and PCR amplification using universal and species-specific 16S rRNA primers targeting <i>L. iners, L. crispatus, L. acidophilus, L. gasseri</i>, and <i>L. jensenii</i>. Associations between bacterial species and clinical status were evaluated using Odds Ratio (OR), Relative Risk (RR), Phi coefficient (Φ), and Chi-square tests. <i>Lactobacillus</i> spp. were detected in 97% of healthy women compared with 53% of symptomatic participants. <i>L. jensenii</i> and <i>L. acidophilus</i> were significantly more prevalent in healthy individuals, demonstrating strong protective associations with vaginal health. In contrast, <i>L. iners</i> was more frequently detected in women with vaginitis, consistent with its proposed role as a transitional species associated with microbiome instability. Although <i>L. crispatus</i> is often reported as protective in other populations, it did not show a statistically significant protective association in this study population. Our findings highlight the protective association of dominant <i>Lactobacillus</i> species, particularly <i>L. jensenii</i> and <i>L. acidophilus</i>, in maintaining vaginal microbial balance. The higher prevalence of <i>L. iners</i> among symptomatic women further supports its association with disturbed vaginal microbiota. These results suggest the presence of population-specific microbial patterns and underscore the importance of considering regional microbiome characteristics when developing diagnostic approaches and probiotic-based interventions.",International journal of women's health
40626727,Practical media formulations for rapid growth of <i>Lactobacillus iners</i> and other vaginal bacteria.,"The composition of the vaginal microbiome is closely tied to host health. Bacterial vaginosis (BV), caused by the overgrowth of specific anaerobes (e.g., <i>Gardnerella vaginalis</i>), is associated with negative health outcomes. A vaginal microbiome dominated by <i>Lactobacillus</i> species is thought to protect against BV. However, the role of <i>Lactobacillus iners</i> is controversial, with evidence suggesting that some strains may not protect against BV while others do. To better characterize <i>L. iners</i> strains, their interactions with vaginal bacteria and human cells need to be investigated <i>in vitro</i>, but this has been impeded by the lack of liquid media that supports rapid <i>L. iners</i> growth. We have developed three liquid media formulations for <i>L. iners</i> growth: Serrador's <i>Lactobacillus</i>-adapted Iscove's medium (SLIM), which supports robust <i>L. iners</i> growth; a vaginally adapted version of SLIM (SLIM-V); and a chemically defined version (SLIM-CD). SLIM and SLIM-V improve <i>L. iners</i> growth compared to previously published formulations and also support the growth of other vaginal bacteria, including <i>Lactobacillus crispatus</i>, <i>Lactobacillus jensenii</i>, <i>Lactobacillus gasseri</i>, and <i>Gardnerella vaginalis</i>. SLIM-CD leads to slower growth but may be useful for characterizing <i>L. iners</i> nutrient requirements or metabolite production. Importantly, SLIM and SLIM-V also support the growth of human vaginal epithelial cells, providing a foundation for future co-culture studies. Here, we present the formulations of SLIM, SLIM-V, and SLIM-CD and compare the growth of bacterial strains and human cells in these media.IMPORTANCE<i>Lactobacillus iners</i> is one of the most prevalent members of the vaginal microbiome, but whether it promotes health or leads to bacterial vaginosis is not well understood. We have developed media formulations that lead to improved <i>L. iners</i> growth and support growth of other vaginal bacteria and human vaginal cells. This will allow for investigation of how <i>L. iners</i> interacts with vaginal bacteria and the host, improving our understanding of its role in the vaginal microbiome.",Applied and environmental microbiology
41789806,Friend and Foe: Microbes in Orchestrating Immunity and Shaping Infection Dynamics.,"Microbial communities, or microbiota, are fundamental regulators of host immunity and infection outcomes across diverse body sites, including the gut, skin, respiratory tract, and vagina. Despite advances, infectious diseases remain a global challenge, exacerbated by antimicrobial resistance and emerging pathogens. This review explores the dynamic interplay between microbiota, host immune responses, and pathogens, highlighting how microbial interactions shape immune homeostasis and colonisation resistance. The review discusses therapeutic approaches leveraging probiotics, prebiotics, defined microbial consortia, and fecal microbiota transplantation to enhance resistance against bacterial, viral, fungal, and parasitic infections. These microbiome-based strategies represent promising, sustainable alternatives to conventional antibiotics, offering scalable and mechanism-driven interventions. This review further underscores the potential of microbiota-informed therapies to contribute to effective infectious disease prevention and management while addressing global health challenges.",ACS infectious diseases
40850628,Metabolism of Lactobacillus and Gardnerella vaginalis in vaginal defined media.,"This study evaluates how well a vaginal defined medium (VDM) replicates the in vivo metabolic behaviour of key vaginal microbiota members - Lactobacillus crispatus, L. jensenii, and diverse Gardnerella vaginalis isolates - compared to brain heart infusion (BHI) medium. We used <sup>1</sup>H NMR spectroscopy to characterise metabolic profiles during in vitro growth of Lactobacillus and Gardnerella species in VDM and BHI. Differences in metabolite production, growth, acidification, and carbohydrate utilisation were assessed. Both L.crispatus and L. jensenii grow well in VDM, produce substantially more lactate than in BHI, and acidify the culture more strongly - better reflecting the low pH environment of Lactobacillus-dominant vaginal microbiota. In contrast, G. vaginalis grows less robustly in VDM than in BHI, though key metabolic traits such as the Bifidobacterium shunt and mixed acid fermentation (evidenced by formate production) are preserved. Notably, neither genus consume available glucose, yet still ferment carbohydrates, suggesting a metabolic preference for glycogen over glucose. Evidence of glucose release further indicates glycogen breakdown in culture. VDM more accurately models the metabolic activity and environmental effects of vaginal Lactobacillus species than BHI, particularly in terms of acidification and lactate production. Although G. vaginalis growth is limited in VDM, its characteristic metabolic pathways remain evident. These findings underscore the value of VDM in modelling key metabolic features of the vaginal microbiota, especially under conditions where Lactobacillus dominate or Gardnerella is prevalent.",Anaerobe
41338522,Downregulation of an NfsA-like nitroreductase causes metronidazole resistance in Gardnerella vaginalis.,"The facultatively anaerobic or microaerophilic bacteria of the genus Gardnerella are the most common species associated with bacterial vaginosis (BV). The treatment of BV is greatly complicated by the high rates of resistance to metronidazole and clindamycin among Gardnerella strains. We wanted to identify factors contributing to metronidazole resistance in G. vaginalis and performed high-throughput mass spectrometry on a selection of susceptible and resistant strains. We wanted to identify factors contributing to metronidazole resistance in G. vaginalis and performed high-throughput mass spectrometry on a selection of susceptible and resistant strains. We identified the downregulation of a novel nitroreductase, GvNR1, as the only relevant change in protein expression in a metronidazole-resistant derivative of the susceptible type of strain ATCC 14018 (emended Gardnerella genospecies 1; i.e. G. vaginalis sensu stricto). When tested in in vitro enzyme assays, GvNR1 displayed very marked nitroreductase activity with several nitro drugs, including metronidazole and other 5-nitroimidazoles. GvNR1 also rendered Escherichia coli BL21-AI much more susceptible to metronidazole when expressed in this strain. In metronidazole-resistant G. vaginalis clinical isolates (>8 µg/mL according to Clinical and Laboratory Standards Institute), GvNR1 was found to be downregulated as well. In resistant clinical strains 33 other proteins were found to be differentially expressed. Of note, these include thioredoxin reductase and vaginolysin. The lowered expression levels of GvNR1 in resistant strains were not caused by mutations in the GvNR1 gene or in sequences directly flanking the gene but by downregulation of mRNA expression. This might explain why G. vaginalis becomes resistant to metronidazole so rapidly. We propose GvNR1 as a novel metronidazole resistance determinant in G. vaginalis.",International journal of antimicrobial agents
41705833,"Bacterial microbiome analysis of vaginal, cervical, and endometrial samples in patients with adenomyosis during the window of implantation.","Adenomyosis is a chronic gynecological condition affecting a substantial portion of women of reproductive age. With symptoms including abnormal uterine bleeding, chronic pelvic pain (CPP), dysmenorrhea, and infertility, poor response to symptomatic treatment and unfavorable outcomes of assisted reproductive technologies, it remains a significant diagnostic and therapeutic challenge. Here, we analyzed microbial compositions of the reproductive tract of women with adenomyosis (<i>n</i> = 33) in comparison with healthy controls (<i>n</i> = 31). Vaginal, cervical, and endometrial samples were collected using minimally invasive transcervical sampling techniques on the 22nd day of the menstrual cycle, during the so-called window of implantation. 16S rRNA was amplified and recorded using the next generation sequencing. Bioinformatic and statistical analysis focused on quantitative taxonomical characterization of the specimens' microbiomes. Vaginal bacterial microbiome composition was consistent across the three anatomical sites. Compared with the control group, adenomyosis was associated with <i>Lactobacillus iners,</i> whereas <i>Lactobacillus gasseri</i> and <i>Gardnerella vaginalis</i> were negatively associated with adenomyosis and its clinical symptoms. <i>G. vaginalis</i>, typically considered a pathogen, was highlighted as an important dominant microbiome replacement for lactobacilli, more so in healthy women than in women with adenomyosis. <i>Anaerococcus prevotii</i>, <i>Peptoniphilus grossensis,</i> and <i>Peptrostreptococcus anaerobius</i> also showed weak correlation to adenomyosis. Differences in taxa abundance were detected in association with adenomyosis clinical symptoms. <i>L. iners</i> was associated with dysmenorrhea, heavy menstrual bleeding (HMB), as well as CPP. <i>Prevotella disiens, Prevotella timonesis,</i> and <i>Dialister micraerophilus</i> were associated with dysmenorrhea and <i>Peptoniphilus grossensis</i> with HMB, respectively. <i>L. gasseri</i> and <i>L. jensenii</i> appeared to anticorrelate with these symptoms. Adenomyosis poorly responds to treatment and assisted reproductive technologies. Here, we report a comprehensive 16S rRNA-based analysis of vaginal, cervical, and endometrial samples, obtained minimally invasively (transcervically) in a cohort of Caucasian women during the receptive phase of endometrium. Results revealed the least invasive option, vaginal microbiome sampling, reliably predicts the microbiome compositions of cervix and endometrium. We showed substantial variation in microbial composition of adenomyosis patients. <i>L. iners</i>, a species with specific functional traits, was consistently associated with adenomyosis presence and related symptoms. This finding suggests microbiome remodeling as a viable novel therapeutic option for adenomyosis. Furthermore, our findings indicate that the pathogenic role of <i>G. vaginalis</i> may be context-dependent. Ongoing genomic and ecological profiling is essential to clarify <i>Gardnerella's</i> dual commensal-pathogenic nature. Previous adenomyosis studies have mostly focused on the vaginal microbiome, whereas the endometrial microbiome has rarely been studied and never in the time of window of implantation.",Microbiology spectrum
41471856,"Oral Administration of the Probiotic <i>Lacticaseibacillus rhamnosus</i> CA15 in a Large Cohort of Women with Bacterial Vaginosis and Mixed Vaginitis: Clinical Evidence from a Randomized, Double-Blind, Placebo-Controlled Study.","Probiotics represent a valuable approach to boost vaginal health. A randomized double-blind placebo-controlled study was conducted to confirm the health benefits of the orally administered probiotic <i>Lacticaseibacillus rhamnosus</i> CA15 strain in a large cohort of women with bacterial vaginosis and mixed vaginitis, mainly related to mild aerobic vaginitis and vulvovaginal candidiasis. Recruited women were randomly assigned in a 1:1 ratio to receive, for 10 days, oral capsules containing 1 × 10<sup>10</sup> colony-forming units of the <i>L. rhamnosus</i> CA15 strain (Active group) or a placebo (Placebo group). Two-hundred women completed this study. Clinical and microbiological parameters were assessed at baseline (T0), 10 days (T1), and 30 days post-treatment (T2). In addition, quality of life was evaluated at T0 and T2. The study protocol was registered on clinicaltrials.gov (ID: NCT05796921). The oral administration of the <i>L. rhamnosus</i> CA15 strain resulted in significant improvements in clinical characteristics of vaginal dysbiosis as well as changes in the vaginal microbiota composition. Furthermore, participants allocated to the Active group reported enhancements in physical and psychological health, social relations, environment, and overall quality of life. No significant changes were observed in the Placebo group. The present study highlights the ability of the <i>L. rhamnosus</i> CA15 to manage vaginal dysbiosis, offering new perspectives for the treatment and prevention of common gynecological disorders.",Microorganisms
41541500,Common cervicovaginal sequencing methods result in discordant molecular diagnoses of bacterial vaginosis and reveal strain level effects of <i>Gardnerella vaginalis</i>.,"Bacterial vaginosis (BV) is associated with HIV transmission and pre-term birth, yet the etiology of BV remains unknown. Our analysis addressed that knowledge gap by comparing diagnostic techniques and using Bayesian inference to find species-specific associations with clinical indicators. We also assessed the effect of sequencing methodology on the results of molecular BV profiling. We observed significant differences in microbial diversity within BV-associated CSTs based on clinical diagnosis. CST assignments were substantially influenced by sequencing methodology, with concordance between methods as low as 59% for metatranscriptomic and metataxonomic-based CST assignment. We also found that <i>Gardnerella</i> has a strain-dependent association with individual Amsel's criteria, and that <i>Dialister micraerophilus</i> and <i>Parvimonas micra</i> are positively associated with Amsel's criteria while <i>Lactobacillus</i> is negatively associated. These results highlight the challenge of characterizing a condition without a single etiological agent, reinforcing the need for more granular diagnoses and treatments that are sensitive to BV variability.",npj women's health
41840251,Prevalence and Co-occurrence of Candida albicans and Sexually Transmitted Infections in Lactobacillus-Deficient HIV-Negative Adolescent Girls and Young women.,"Lactobacillus species are essential for vaginal eubiosis; their depletion often leads to dysbiosis, increasing susceptibility to sexually transmitted infections (STIs). This study investigated the prevalence of Candida albicans colonization and its associated factors among HIV-negative adolescent girls and young women (AGYW) in South Africa. Furthermore, STIs associated with C. albicans colonization and Lactobacillus deficiency were investigated. Secondary data analysis was performed on 138 HIV-negative AGYW of Eastern Cape province, South Africa. Secondary data included cervico-vaginal detected C. albicans, Lactobacillus species (L. crispatus, L. gasseri or L. jensenii), bacterial vaginosis, human papillomavirus (HPV), Chlamydia trachomatis, Neisseria gonorrhoeae, Trichomonas vaginalis, herpes simplex virus type 1/2 (HSV-1/2), and Mycoplasma genitalium, and behavioural questionnaires. Univariate and multivariate logistic regression were performed using GraphPad Prism Version 8.0.1.244. A proportion of 27.58% were positive for C. albicans, and 84.06% tested positive for at least one investigated STI (73.91% for HPV, 31.16% for C. trachomatis, 12.32% for N. gonorrhoeae, 10.87% for T. vaginalis, 7.25% for HSV-1/2, and 5.80% for M. genitalium). Frequent sexual intercourse (more than two times within the past 30 days) was associated with higher odds of C. albicans (OR: 1.84, 95% CI 1.85-3.80, p = 0.036), alcohol consumption (OR: 3.60, 95% CI 1.12-13.23, p = 0.038) and recent vaginal discharge syndrome (OR: 2.67, 95% CI 1.06-6.63, p = 0.005). Deficiency of Lactobacilli among C. albicans-positive AGYW was associated with increased odds of C. trachomatis positivity (OR: 4.37, 95% CI 1.05-17.05, p = 0.047). HIV-negative AGYW demonstrated a high burden of STIs, with C. albicans positivity associated with alcohol consumption, frequent sexual intercourse, and vaginal discharge syndrome. The absence of Lactobacilli was associated with increased odds of C. trachomatis positivity. Further research is recommended using longitudinal designs, larger sample sizes, and diverse populations to better understand these observations.",Mycopathologia
40073044,Combatting antibiotic resistance in Gardnerella vaginalis: A comparative in silico investigation for drug target identification.,"Gardnerella vaginalis is the most frequently identified bacterium in approximately 95% of bacterial vaginosis (BV) cases. This species often exhibits resistance to multiple antibiotics, posing challenges for treatment. Therefore, there is an urgent need to develop and explore alternative therapeutic strategies for managing bacterial vaginosis. The objective of this study was to identify virulence factors and potential drug targets against Gardnerella vaginalis by utilizing in silico methods, including subtractive and comparative genomics. These methods enabled the systematic comparison of genetic sequences to pinpoint specific features unique to G. vaginalis and crucial for its pathogenicity, which could then inform the development of targeted therapeutic strategies. The analysis of the pathogen's proteomic data aimed to identify proteins that fulfilled specific criteria. These included being non-homologous to human proteins, essential for bacterial survival, amenable to drug targeting, involved in virulence, and contributing to antibiotic resistance. Following these analyses and an extensive literature review, the phospho-2-dehydro-3-deoxyheptonate aldolase enzyme emerged as a promising drug target. To deepen our understanding of the biological function of the identified protein, comprehensive protein structural modeling, validation studies, and network topology analyses were conducted. The subsequent structural analysis, encompassing modeling, validation, and network topology assessment, is aimed at further characterizing the protein. Using a library of around 9,000 FDA-approved compounds from the DrugBank database, a virtual screening was conducted to identify potential compounds that could effectively target the proposed drug target. This approach facilitated the evaluation of existing drugs for their ability to inhibit the target, potentially offering an efficient pathway for developing new treatments against the pathogen. Leveraging the established efficacy, safety, pharmacokinetics, and pharmacodynamics of these compounds, the study suggests repurposing them for Gardnerella vaginalis infections. Among the screened compounds, five specific agents-DB03332, DB07452, DB01262, DB02076, and DB00727-were identified as cost-effective therapeutic options for treating infections related to Gardnerella vaginalis. These compounds were selected based on their efficacy in targeting the pathogen while maintaining economic feasibility. While the results indicate potential efficacy in treating infections caused by the pathogen, further experimental studies are essential to validate these findings.",PloS one
41028245,Characterization of vaginal prokaryotes and eukaryotes microbiota and its link to sexually transmitted infections.,"The vaginal microbiota plays a critical role in maintaining reproductive health. Although Lactobacillus species often dominate the vaginal environment in healthy individuals, recent studies have shown that healthy microbiota compositions can also include Lactobacillus-depleted states, as described by the Community State Types (CSTs) framework. However, disruptions in the microbiota composition, such as those caused by sexually transmitted infections (STIs), can lead to increased diversity and instability, compromising host protection. This study investigates the association between vaginal microbiota composition and the prevalence of STIs in a cohort of incarcerated women in Chile. Using metataxonomic approaches targeting 16S and 18S rRNA genes, we characterized prokaryotic and eukaryotic components of the vaginal microbiota across healthy, dysbiotic, and pathogen-dominated subjects. Alpha diversity analysis using the Shannon index indicated that Lactobacillus-dominant communities were associated with lower microbial diversity correlates with reduced variability. Whereas communities dominated by pathogens including Trichomonas vaginalis, Gardnerella vaginalis, Treponema pallidum, and HIV, tended to exhibit higher diversity. The pathogen-dominated group displayed an increased prevalence of opportunistic microorganisms and reduced Lactobacillus abundance, which may reflect an imbalance in the microbial ecosystem, often interpreted as reduced stability. This study provides novel insights into the intricate dynamics between normal and altered vaginal microbiomes and their association with STIs. Understanding these community-level patterns and associations is crucial for designing targeted interventions aimed at restoring microbial balance and preventing infections.",Scientific reports
42441094,Metagenomic analysis of the vaginal microbiota in cows with ovarian cysts.,"This study compared the vaginal microbiota composition of dairy cows with follicular and luteal ovarian cysts using metagenomic analysis. Ovarian cysts, which impair reproductive performance through endocrine disruption, were diagnosed by ultrasonography and serum hormone evaluation in Holstein cows 30-60 d postpartum. Forty-five cows were initially included and divided into follicular cyst, luteal cyst and control groups. Vaginal lavage samples were analysed using third-generation sequencing, and taxonomic classification was performed through 16S rRNA gene analysis. A total of 258 operational taxonomic units (OTUs) were identified, with the highest diversity observed in the control group (mean of 56.8 OTUs) and the lowest in the luteal cyst group (mean of 49.0 OTUs). Proteobacteria was the dominant phylum across all groups (93.4%), followed by Tenericutes (5.9%). Firmicutes, Bacteroidetes and Fusobacteria accounted for less than 1%. At the family level, Burkholderiaceae (62.7%) and Pasteurellaceae (24.0%) were predominant, while of the genera, <i>Ralstonia</i> was the most abundant (62.2%). The luteal group had the highest relative abundance of Burkholderiaceae, whereas Pasteurellaceae was most abundant in the control group. These results indicate that cystic cows exhibit reduced microbial diversity and altered bacterial composition in comparison with healthy animals. The predominance of Proteobacteria and <i>Ralstonia</i> suggests a potential link between endocrine imbalance and changes in the vaginal microenvironment. Hormonal analyses supported the classification of cyst types, with follicular cyst cows showing low progesterone (0.31 ± 0.05 ng/mL) and high oestradiol-17β concentrations (55.57 ± 7.91 pg/mL), whereas luteal cyst cows exhibited higher progesterone (2.89 ± 0.74 ng/mL) and lower oestradiol-17β concentrations (6.19 ± 0.56 pg/mL) (P < 0.001). These results may support future studies evaluating vaginal microbial profiles as complementary indicators of ovarian status in dairy cows.",Journal of veterinary research
42041249,<i>Akkermansia muciniphila</i> impacts group B <i>Streptococcus</i> vaginal colonization.,"<i>Streptococcus agalactiae,</i> or group B <i>Streptococcus</i> (GBS), is an opportunistic pathogen that asymptomatically colonizes the vaginal tract of up to 30% of healthy individuals. However, during pregnancy, it is associated with adverse pregnancy outcomes, and GBS can be transmitted to the fetus <i>in utero</i> or the newborn during vaginal birth, resulting in invasive neonatal disease. Previously, we identified that <i>Akkermansia muciniphila</i> increases GBS vaginal persistence in a cohort of human vaginal microbiome samples collected throughout pregnancy and promotes GBS vaginal colonization in a murine model. However, the mechanisms responsible for these observations are unknown. Here, we analyze additional vaginal shotgun metagenomic data sets and show that across independent studies with diverse populations, <i>A. muciniphila</i>-positive samples had higher GBS abundance. We determined that <i>A. muciniphila</i> aggregates with human vaginal isolates of GBS across all serotypes and promotes GBS attachment to human vaginal epithelial cells (hVECs). RNA-sequencing analysis reveals that <i>A. muciniphila</i> changed the expression of 281 unique GBS genes during hVEC co-colonization, many of which are involved in cell wall/membrane/envelope biogenesis. We demonstrate the importance of the GBS capsule and pili for direct interaction with <i>A. muciniphila</i> and increased attachment to hVECs, respectively. Lastly, we found that <i>A. muciniphila</i> promoted GBS aggregation in the murine vaginal lumen and that continual treatment with <i>A. muciniphila</i> reduced GBS vaginal persistence. Our results provide mechanistic insights and further evidence of the impact of <i>A. muciniphila</i> on GBS vaginal colonization and also demonstrate a beneficial potential of <i>A. muciniphila</i> treatment in the vaginal environment.IMPORTANCEGroup B <i>Streptococcus</i> (GBS) is a frequent colonizer of the vaginal tract of healthy people; however, during pregnancy, maternal colonization is associated with adverse pregnancy outcomes. GBS is a leading cause of neonatal sepsis and meningitis, with transmission to neonates occurring either during vaginal delivery or through ascension into the uterus during pregnancy. The influence of the vaginal microbiota on GBS pathogenesis remains greatly underappreciated. We have found that GBS is associated with the mucin-degrading intestinal commensal <i>Akkermansia muciniphila</i>, a newly identified colonizer of the vaginal tract. Our research identifies the mechanistic impact of this commensal organism on GBS aggregation, cell adherence, and gene expression, as well as its therapeutic potential during GBS vaginal colonization. Unraveling relationships between GBS and the vaginal microbiota will improve maternal-fetal health and may facilitate the development of alternative methods to reduce GBS <i>in utero</i> complications and neonatal disease.",mBio
42233644,Expanding vaginal microbiome pangenomes via a custom MIDAS database reveals <i>Lactobacillus crispatus</i> accessory genes associated with cervical dysplasia.,"The vaginal microbiome plays a central role in reproductive health. Vaginal microbiome dysbiosis is associated with many adverse reproductive health outcomes, but most studies have focused on associations at the species level. The potential contribution of intraspecies microbial variation, especially gene content differences across bacterial strains, remains underexplored in reproductive health contexts. The Metagenomic Intra-Species Diversity Analysis (MIDAS) framework enables such analyses, but depends on comprehensive reference databases. We constructed a MIDAS-compatible pangenome database from over 18,000 genomes in the Vaginal Microbiome Genome Collection (VMGC). Compared to the Genome Taxonomy Database (GTDB)-derived reference, the VMGC-derived database expanded the pangenomes of prevalent vaginal species, better capturing vaginal-specific intraspecies diversity. Applying this database to vaginal samples from a cervical dysplasia cohort, we identified 13 <i>Lactobacillus crispatus</i> accessory genes significantly associated with cervical dysplasia, including a HicAB toxin-antitoxin system, three transcriptional regulators, and three phage-derived genes. These findings highlight the utility of body site-specific reference resources and shotgun metagenomic sequencing for uncovering intraspecies microbial variation relevant to reproductive health.IMPORTANCEThe vaginal microbiome plays a critical role in reproductive health, and different bacteria from the same species can carry different genes that influence how the strains interact with the host and other microbes. These strain-level differences are often overlooked when microbiomes are analyzed only at the species level. Existing genomic reference databases are heavily biased toward gut and environmental bacteria, leaving the genetic diversity of vaginal microbes understudied. We built a specialized reference database from over 18,000 vaginal bacterial genomes that better reflects this diversity. We then applied this resource to quantify gene-level variation in vaginal samples from a cervical dysplasia cohort. Focusing on <i>Lactobacillus crispatus</i>, a prevalent and often beneficial vaginal species, we identified 13 genes that were more common in women with cervical dysplasia than in controls. This work demonstrates that body site-specific genomic resources are essential for uncovering strain-level bacterial differences relevant to reproductive health.",mSystems
42353813,The Microbiome-Mitochondria-Extracellular Vesicle Axis in HPV Persistence and Cervical Carcinogenesis.,"Persistence of human papillomavirus (HPV) infection leading to cervical carcinogenesis can be attributed to the action of high-risk HPVs, but there are still some unclear factors involved in the mechanisms of either viral clearance or persistence. Although many infections may be self-limiting and cleared successfully by the immune response of the infected individuals, other infections result in persistent HPV infection. Recent studies indicate that microbiota in the gut and cervicovaginal tract modulate host immune status, mucosal inflammation, and epithelial barrier integrity. All these factors determine susceptibility to persistent infection. Inflammation, overproduction of reactive oxygen species (ROS), genomic instability, and impaired antiviral transcription pathways are associated with dysbiosis. In parallel, redox imbalance contributes to mitochondrial dysfunction, impairing mitochondrial antiviral signaling (MAVS)-dependent interferon responses and attenuating induction of interferon-stimulated genes. Additionally, extracellular vesicles (EVs) further promote immune evasion, metabolic programming, and epigenetic regulation by facilitating the intercellular exchange of viral constituents, microRNAs, and signaling molecules. Through this interconnected network of mechanisms, microbial dysbiosis, mitochondrial disruption, and EV signaling collectively shape a niche conducive to persistence. Unlike previous reviews that primarily examine microbiome alterations, oxidative stress (OS), mitochondrial dysfunction, extracellular vesicles, or immune responses as separate processes, this review integrates clinical and omics findings into a systems-based conceptual framework of HPV persistence. By emphasizing the potential interactions among these interconnected biological systems, we aim to identify points of biological convergence, generate mechanistic hypotheses, and highlight opportunities for future biomarker development and therapeutic intervention.",Genes
41959050,Characterisation of vaginal <i>Lactobacillus</i> isolates from South African women towards the development of a biotherapeutic to optimise the vaginal microbiome.,"HIV remains among the world's most serious healthcare challenges, with adolescent girls and young women in sub-Saharan Africa at particularly high risk of infection. Bacterial vaginosis (BV) is a key risk factor for HIV acquisition, however current treatment strategies are limited. Optimal vaginal <i>Lactobacillus</i> spp. protect against BV and HIV, largely through immunoregulatory and antimicrobial activities mediated in part by lactic acid. Towards the development of a <i>Lactobacillus</i> -containing live biotherapeutic for African women, we sampled 181 vaginal <i>Lactobacillus</i> isolates from 25 BV-negative South African women. Fifty isolates were selected for evaluation of inflammatory responses using vaginal epithelial cells, D- and L-lactate and lactic acid production and culture acidification. Aside from a single <i>Lactobacillus salivarius</i> strain, <i>L. crispatus</i> isolates acidified the culture media the most and produced the most D- and L-lactic acid. Inflammatory cytokine responses to <i>Lactobacillus</i> strains were variable, with <i>L. crispatus</i> eliciting the lowest levels of cytokine production. When all properties were evaluated collectively, <i>L. crispatus</i> strains exhibited the most desirable biotherapeutic characteristics. Whole genome sequence analysis of ten <i>L. crispatus</i> isolates showed that the majority were more closely related to one another than to isolates from other geographical regions. This supports the need for live biotherapeutics to be tailored for the population of intended use. No antimicrobial resistance elements were detected, while putative bacteriocins and intact prophage sequences were identified in all isolates. <i>L. crispatus</i> isolates displayed characteristics essential for optimal live biotherapeutic performance, however additional analysis is required to determine the functionality of identified putative prophages. HIV is a leading cause of morbidity and mortality in sub-Saharan Africa, where adolescent girls and young women are three times more likely to acquire HIV than their male counterparts. A key risk factor for HIV is bacterial vaginosis (BV), a condition characterised by the loss of beneficial <i>Lactobacillus</i> species and increased abundance of non-optimal, inflammatory bacteria. Although BV affects approximately 25% of women in sub-Saharan Africa, effective therapeutics are lacking. Live biotherapeutics containing optimal <i>Lactobacillus</i> spp. represent a promising strategy to improve BV treatment outcomes and reduce HIV infection risk. We isolated 181 vaginal <i>Lactobacillus</i> spp. from 25 BV-negative South African women and characterized 50 selected isolates. This led to the identification of live biotherapeutic candidates for African women with distinct genomes compared to isolates from other geographical regions. This study contributes to current knowledge of the characteristics that should be considered when screening novel isolates for this purpose.",bioRxiv : the preprint server for biology
42355708,Preoperative Vaginal Microbiota and Risk of Complications After Transobturator Tape Surgery: A Pilot Study.,"<b>Background:</b> The vaginal microbiota plays a crucial role in maintaining urogenital health, and its disruption may contribute to adverse surgical outcomes. Transobturator tape (TOT) procedures are widely used in the treatment of stress urinary incontinence (SUI), yet factors influencing postoperative complications remain incompletely understood. This study aimed to evaluate the association between preoperative vaginal microbiota and postoperative complications following TOT surgery. <b>Methods:</b> This pilot observational study included 24 women diagnosed with SUI who underwent TOT surgery between February and December 2023. Prior to surgery, all patients received standardized preoperative preparation, including local estrogen therapy and antimicrobial treatment. Vaginal swabs were collected and analyzed using quantitative culture methods to assess microbial composition. Clinical, microbiological, and surgical data were analyzed. Associations between microbiota profiles and postoperative complications were evaluated using univariate and multivariable statistical analyses. <b>Results:</b> Postoperative complications occurred in 5 patients (20.8%). Patients with complications had significantly higher body mass index (BMI) (33.8 ± 5.0 vs. 27.9 ± 5.1 kg/m<sup>2</sup>; <i>p</i> = 0.028) and a higher prevalence of previous surgeries (80% vs. 42%; <i>p</i> = 0.048). Microbiological analysis revealed that <i>Lactobacillus</i> spp. deficiency was more frequent in patients with complications (60% vs. 21%; <i>p</i> = 0.048), as was the presence of mixed microbial flora indicative of dysbiosis (100% vs. 47%; <i>p</i> = 0.041). Multivariable logistic regression identified BMI (OR = 1.16; <i>p</i> = 0.031), previous surgeries (OR = 3.9; <i>p</i> = 0.049), <i>Lactobacillus</i> spp. deficiency (OR = 4.8; <i>p</i> = 0.038), and mixed flora (OR = 6.2; <i>p</i> = 0.027) as independent factors associated with postoperative complications. <b>Conclusions:</b> Preoperative vaginal microbiota may significantly influence outcomes following TOT surgery. Vaginal dysbiosis, particularly <i>Lactobacillus</i> spp. deficiency and mixed microbial flora, appears to be associated with an increased risk of postoperative complications. These findings suggest that microbiota assessment could be considered in preoperative evaluation. Further large-scale studies using advanced microbiome analysis are warranted to confirm these results.",Journal of clinical medicine
42353472,Maternal Microbial Reservoirs Are Associated with Early Bacterial and Archaeal Community Assembly in Neonatal Hu Lambs.,"Early-life microbial community assembly is important for gastrointestinal development, immune maturation, and feed utilization in young ruminants, but the maternal reservoirs associated with neonatal lamb gut microbial profiles remain insufficiently defined. This exploratory study characterized bacterial and archaeal communities in maternal vaginal secretions, amniotic fluid, and colostrum, together with rectal feces from Hu lambs at birth and at 5 days of age, using 16S rRNA gene amplicon sequencing in six matched ewe-lamb pairs. Alpha-diversity differences were evaluated using the Kruskal-Wallis test followed by pairwise Wilcoxon rank-sum tests where appropriate, beta-diversity was assessed by principal coordinate analysis based on Bray-Curtis distance, and discriminatory taxa were identified using LEfSe; statistical significance was defined as <i>p</i> < 0.05. Microbial community structure differed among sample types. Feces collected at birth showed low bacterial richness and a distinct community profile, whereas feces from 5-day-old lambs displayed higher bacterial richness and a more complex taxonomic composition. Shared-ASV and LEfSe analyses suggested that vaginal-associated taxa were more closely associated with the initial fecal microbiota at birth, while colostrum-associated taxa were more evident in day-5 feces. Archaeal communities showed weaker separation than bacterial communities, but methanogenic lineages became more distinguishable by day 5. These findings suggest that early gut microbial assembly in Hu lambs is associated with multiple maternal reservoirs and rapid postnatal ecological selection. However, due to the limited sample size, short observation period, lack of formal source-tracking analysis, and absence of low-biomass negative controls, the results should be interpreted cautiously as preliminary associations rather than definitive evidence of vertical transmission.",Animals : an open access journal from MDPI
41898386,"The Women's Microbiome: Molecular Insights, Clinical Gaps, and Future Frontiers in Precision Health with Implications for Gulf Cooperation Council Populations.","The human microbiome has emerged as a central regulator of health and disease; however, women-specific microbiome research has only recently gained focused scientific attention. Accumulating evidence demonstrates that microbial ecosystems across the gut, vagina, skin, breast tissue, and reproductive tract are dynamically shaped by female hormones, life-stage transitions, and environmental exposures. These interactions influence immune regulation, metabolic homeostasis, reproductive outcomes, mental health, and cancer risk, in part through microbiome-mediated endocrine pathways such as the estrobolome. Advances in high-resolution molecular technologies-including metagenomics, metabolomics, spatial and single-cell profiling, and artificial intelligence-driven modeling-have shifted microbiome research from descriptive taxonomy toward functional, mechanistic, and predictive science. These approaches highlight microbial function and metabolite production as stronger determinants of health outcomes than taxonomic composition alone. Nonetheless, major gaps persist, including limited causal evidence, methodological heterogeneity, underrepresentation of non-Western populations, and barriers to clinical translation. Microbiome-targeted interventions, including probiotics, prebiotics, postbiotics, and emerging microbiota-based therapies, have garnered increasing interest in women's health. Select <i>Lactobacillus</i> and <i>Bifidobacterium</i> strains show potential in modulating vaginal and gastrointestinal health, pregnancy outcomes, and immune function; however, clinical effects remain highly strain-specific and context-dependent. Discrepancies between experimental findings, commercial claims, and validated clinical use underscore the need for rigorous, women-centered trials and standardized outcome measures. This narrative review synthesizes current molecular insights into the women's microbiome across endocrine interactions, pregnancy, reproductive and metabolic health, lifestyle influences, and microbiome-based therapeutic strategies. We integrate clinical perspectives to identify diagnostic and translational challenges and propose future directions emphasizing precision microbiome medicine, validated biomarkers, careful evaluation of microbiome-targeted interventions, and inclusive research frameworks, including populations from the Gulf Cooperation Council (GCC). Collectively, this review positions the microbiome as a critical yet underutilized axis in women's health and outlines a roadmap toward personalized, evidence-based care across the female lifespan.",International journal of molecular sciences
42441416,"Randomized, Double-Blind, Placebo-Controlled Trial of the Probiotic Lactiplantibacillus plantarum Probio87 for Gut-Vaginal Microbiota Modulation in Healthy Women.","The gut-vaginal axis represents a key frontier in women's health, where probiotics can influence both ecosystems through microbial and metabolic crosstalk. This randomized, double-blind, placebo-controlled clinical trial evaluated the effects of Lactiplantibacillus plantarum Probio87 (9 log CFU/sachet) administered orally for 12 weeks on gut and vaginal microbiota modulation. Healthy women aged 18-80 years without urogenital infections, pregnancy, recent vaginal/hormonal therapies, chronic illness medication, and recent pelvic or gynecological surgery were enrolled. 112 participants were randomized to probiotic (n = 58) or placebo (n = 54). Vaginal and fecal samples collected at baseline and week 12 underwent 16S rRNA sequencing for taxonomic and diversity analyses. No adverse effects were reported throughout the study. Compared with placebo, the probiotic group showed a significantly greater reduction in Nugent score (p = 0.008), indicating improved vaginal health. Microbiota analyses revealed that Probio87 maintained vaginal microbiota by suppressing BV-associated taxa while preserving beneficial Lactobacillales. In the gut, Probio87 enhanced microbial richness and evenness, with notable increases in butyrate-producing genera, indicating a predicted rise in short-chain fatty acid-producing potential and greater ecological resilience. These findings demonstrate that oral supplementation with Probio87 safely promotes balanced gut and vaginal microbiota, supporting eubiosis and integrative female health.",Molecular nutrition & food research
42338158,Facing Antimicrobial Resistance and Virulence in Streptococcus agalactiae During Late Pregnancy: Evaluation of Lactobacilli as a Supportive Approach.,"Streptococcus agalactiae (Group B streptococcus, GBS) remains a major cause of neonatal sepsis and meningitis, despite the success of intrapartum antibiotic prophylaxis. However, the rising trend of antimicrobial resistance and the emergence of hypervirulent lineages highlight the need for complementary, innovative prophylactic strategies. This study aimed to characterize the resistance and virulence repertoire of colonizing GBS isolates and to assess the antagonistic potential of selected Lactobacillus strains under conditions mimicking the vaginal niche. We performed integrated phenotypic, genotypic, and functional analysis of 31 clinical GBS isolates collected during routine pre-partum screening, focusing on antimicrobial susceptibility, hemolytic and aggregation phenotypes, capsular serotypes, pilus island profiles, and virulence genes. The collection included MDR isolates, strains exhibiting inducible clindamycin resistance and high-level gentamicin resistance, as well as hypervirulent ST-17 related lineages, with marked heterogeneity in β-hemolytic activity and aggregation phenotypes linked to specific combinations of capsule, pilus, and virulence genes. In co-culture experiments with HeLa cells, individual Lactobacillus strains exerted strong, strain-dependent inhibition of GBS, preserving epithelial cell viability, and impairing pathogen adhesion by up to 98%. Importantly, the multi-strain Lactobacillus combination provided broader and more consistent antagonistic activity, including against MDR, inducible clindamycin-resistant, hypervirulent ST-17-associated, and strongly hemolytic GBS isolates. Although these findings are preliminary, being derived from a limited number of isolates and an in vitro model, they support the promising potential of rationally selected multi-strain Lactobacillus formulations as a strategy to reduce colonization by high-risk GBS lineages and warrant further investigation.",MicrobiologyOpen
42414431,Longitudinal vaginal microbiomes and quality-of-life patterns during tamoxifen therapy in breast cancer: a pilot study.,"Tamoxifen is widely used in breast cancer treatment, but its effects on vaginal microbiome remain poorly understood. This prospective longitudinal pilot study explored vaginal microbiota profiles and quality-of-life parameters in women receiving tamoxifen for breast cancer in Seoul, South Korea (2023-2024). Eleven women initiating tamoxifen therapy were enrolled. Vaginal swabs were collected at baseline (V0) and 6 months (V6). Microbiota was profiled using 16 S rRNA gene sequencing. Quality of life was assessed using the 11-item Menopause Rating Scale. Participants were stratified by baseline colonization patterns. Overall community composition did not show a significant shift between baseline and 6 months. In the full-cohort taxa-level paired analysis, Gardnerella vaginalis (G. vaginalis) showed a nominal, non-FDR-significant increase from baseline to 6 months, and no taxon remained significant after multiple-comparison correction. A negative correlation was observed between G. vaginalis and Lactobacillus iners (L. iners) (ρ = -0.6, raw P < 0.01, FDR q < 0.05). Among participants with baseline G. vaginalis detection, 4 of 5 showed increased relative abundance at 6 months, although the confidence interval was wide. G. vaginalis abundance was associated with worse sexual-function-related quality-of-life scores in exploratory analyses, but item-level MRS comparisons did not remain significant after correction for multiple testing. In this small hypothesis-generating pilot cohort, women receiving tamoxifen showed largely stable overall vaginal community composition over 6 months, with an exploratory signal of G. vaginalis expansion among participants colonized at baseline. These findings should be interpreted cautiously given the small sample size, absence of a control group, treatment heterogeneity, and post hoc subgroup analysis, and require validation in larger controlled cohorts.",Scientific reports
42245806,Differential Host Gene Expression Associated with Non-<i>Lactobacillus</i>-dominant Vaginal Microbiomes During Pregnancy.,"The vaginal microbiome significantly influences gynecological and obstetric health, yet the interrelationship between host vaginal gene expression and the microbiota during pregnancy is understudied-particularly in racioethnically diverse cohorts. Here, we leveraged metatranscriptomic data from 123 participants from the Multi-Omic Microbiome Study-Pregnancy Initiative (MOMS-PI) cohort to perform a novel integrated analysis of human host gene expression and vaginal microbiota composition during pregnancy. We hypothesized that host gene expression at the vaginal-mucosal interface would exhibit distinct transcriptional profiles when colonized by bacteria commonly present in bacterial vaginosis (BV), termed BV-associated vagitypes, compared to <i>Lactobacillus</i>-dominated microbiomes. Such distinct host response would provide evidence linking vaginal inflammation to microbiome composition during pregnancy in a majority Black cohort. By profiling host expression with different BV-associated vagitypes, these host-microbiome signatures could inform clinically actionable biomarkers for microbiome-focused interventions during pregnancy in historically underrepresented populations. Host transcriptomic profiles differed significantly between BV-associated and <i>Lactobacillus</i>-dominated vagitypes, with this association remaining significant when analyses were restricted to Black participants. We identified 13 consistently differentially expressed genes in women with BV-associated vagitypes-vaginal microbiomes comprised of high relative abundance of either <i>Gardnerella</i> spp., <i>Candidatus</i> Lachnocurva vaginae, or a mixture of multiple anaerobic taxa-compared to women with <i>Lactobacillus crispatus</i> vagitypes. These differentially expressed genes are involved in host immune response (<i>DKK1, H2BC21, ILRUN, S100A9</i>), oxidative stress response and inflammasome activation (<i>CSTB</i>), transcription modulation (<i>CLK1, PAX9</i>), vesicle trafficking (<i>EXPH5</i>), ubiquitination (<i>FBXO32</i>), membrane integrity (<i>PIEZO1</i>), and ion transport (<i>S100A16, SCNN1A, SLCO4A1</i>). BV-associated vagitypes are correlated with distinct host immunomodulatory gene expression profiles during pregnancy, independent of self-reported racioethnicity. We demonstrated novel molecular insights into microbiome-host interaction during pregnancy within the context of adverse cervicovaginal health.",Research square
41823362,"Precision Microbial Therapeutics for Infertility: Next-Generation Probiotics, Engineered Biologics and Translational Pathways.","Infertility affects ~1 in 6 people of reproductive age and remains difficult to treat because causes are heterogeneous and diagnostics are incomplete. Recent evidence reframes the female reproductive tract as a low-biomass but biologically active microbial ecosystem. Dysbiosis, typically loss of protective Lactobacillus species (notably L. crispatus) with overgrowth of anaerobic pathobionts, is associated with implantation failure and recurrent pregnancy loss. Framing conditions such as chronic endometritis and reproducible low-Lactobacillus endometrial profiles as dysbiosis-related disorders clarifies opportunities for prevention, companion diagnostics and microbiome-directed therapies. This narrative review contrasts receptive (Lactobacillus-dominant) versus dysbiotic states and summarises mechanisms linking microbiota to fertility: microbial metabolites (lactic acid, short-chain fatty acids) support epithelial barrier function and immune tolerance, whereas dysbiosis provokes inflammation that impairs implantation. Although observational data consistently associate Lactobacillus dominance with better outcomes, evidence quality is low-to-moderate due to retrospective designs, methodological heterogeneity, and a lack of adequately powered, diagnostic-stratified randomised trials. The review highlights precision microbial therapeutics under development, single-strain next-generation probiotics, synthetic consortia, engineered live biotherapeutics, postbiotics, targeted phage/endolysins and vaginal microbiota transplantation, and proposes a diagnostic-driven roadmap that matches microbiome endotypes and clinical contexts (e.g., preconception vs. immediate embryo transfer) to specific interventions. Regulatory and safety issues for reproductive biologics are also considered. The reproductive microbiome is a promising translational frontier but currently offers a consistent signal rather than definitive proof of benefit. To translate promise into practice requires standardised low-biomass sampling/reporting, mechanistic validation in human-relevant models and diagnostic-stratified randomised trials with staged endpoints, alongside strategies to address engraftment, formulation and regulatory pathways.",Microbial biotechnology
41748013,An unexpected pathogen: Gardnerella vaginalis ventilator-associated pneumonia in severe burn patients.,"Gardnerella vaginalis is a commensal component of the vaginal microbiota, only rarely implicated in ventilator-associated pneumonia (VAP). We describe two cases of G. vaginalis pneumonia in severely burned patients admitted to a burn intensive care unit. Both developed symptomatic VAP, and G. vaginalis was isolated from bronchoalveolar lavage specimens at significant quantitative thresholds, suggesting a pathogenic role. Antimicrobial therapy led to clinical improvement and microbiological clearance in both cases. A literature review identified eight previously reported cases of G. vaginalis pneumonia, but none involving burn patients. The combination of immune dysfunction, mucosal barrier disruption, and prior broad-spectrum antibiotic exposure may have facilitated pulmonary colonization or infection. These observations highlight the potential of G. vaginalis to act as an opportunistic respiratory pathogen in critically ill patients and emphasize the importance of accurate microbial identification and targeted antibiotic selection when atypical organisms are encountered in respiratory specimens.",International journal of infectious diseases : IJID : official publication of the International Society for Infectious Diseases
42371250,Anti-Candida albicans and anti-virulence activities of vaginal Lactobacillus strains from asymptomatic women: phenotypic characterization and prediction of antimicrobial peptide gene clusters.,"Vulvovaginal candidiasis (VVC) is a prevalent mucosal infection primarily caused by Candida albicans, affecting up to 75% of women of reproductive age. VVC therapeutic management is increasingly challenged by antifungal resistance, host toxicity, and high recurrence rates. Lactobacillus species, the dominant members of healthy vaginal microbiota, are known to antagonize pathogens and maintain mucosal homeostasis by producing antimicrobial metabolites and modulating epithelial responses. However, few studies have explored the antagonistic and anti-virulence properties of Lactobacillus strains isolated from asymptomatic women, particularly their activity against clinical C. albicans isolates. This study aimed to characterize vaginal Lactobacillus strains and their cell-free supernatants (CFS) isolated from asymptomatic women and evaluate their antifungal and anti-virulence activities against clinical isolates of C. albicans. Forty-two clinical Lactobacillus isolates were identified, of which eight inhibited the growth of the tested pathogens. However, among the clinical isolates, only L. fermentum JAC 231 and Lactiplantibacillus plantarum MDBL 269 inhibited all the fungal isolates tested. Based on these results, L. fermentum ATCC 23271 (positive control) and the clinical strains L. fermentum JAC 231 and L. plantarum MDBL 269 were selected for detailed analyses of their ability to interfere with key virulence factors of C. albicans, including hyphal morphogenesis, biofilm formation and disruption, adhesion, and the secretion of extracellular enzymes. The selected strains and their CFS displayed antagonistic activity: they reduced pathogen adhesion, co-aggregated with yeast cells, impaired biofilm formation, and destabilized preformed biofilms. In addition, whole-genome sequencing combined with antimicrobial peptide gene-cluster prediction using BAGEL4 and antiSMASH revealed two biosynthetic gene clusters in L. fermentum JAC 231 and seven in L. plantarum MDBL 269, providing a plausible genetic basis for the antimicrobial effects observed.",Folia microbiologica
41753634,Association Between <i>Gardnerella vaginalis</i> Vaginolysin Level and Clinical Symptoms of Bacterial Vaginosis.,"This study examined the role of vaginolysin (VLY), a virulence factor of the bacterium <i>Gardnerella vaginalis</i> (GV), in bacterial vaginosis (BV). In a group of 112 women with BV (diagnosis on the Nugent scale ≥7 points) and 122 control cases with normal microbiota, VLY levels, the state of the vaginal microecology (colposcopy, laboratory markers, pH), GV genotypes (clades 1-4), and clinical symptoms were assessed. It was found that GV also occurs in healthy women, but VLY levels are significantly higher in BV and correlate with inflammatory markers (e.g., leukocyte esterase) and symptom severity. However, the relationship is nonlinear: low and moderate VLY levels have little effect on symptoms, while high levels cause a sharp increase in symptoms. Thus, VLY is potentially important for the pathophysiology and clinical assessment of BV.",Microorganisms
41943601,Diet-microbiota interactions influence pregnancy success in females undergoing artificial insemination: insights from the vaginal microbiota and Mediterranean diet.,"The vaginal microbiota plays a key role in female fertility, yet its interaction with diet and lifestyle remains unclear. In this study, we aimed to assess the influence of the Mediterranean diet (MD) adherence and the vaginal microbial profile on pregnancy outcomes in females undergoing artificial insemination (AI). Vaginal swabs from 104 participants were analysed using amplicon-based sequencing to assess microbial diversity and composition in relation to pregnancy status and MD adherence. The overall pregnancy rate following artificial insemination was 23.07% (8.65% resulted in pregnancy loss before reaching full term). Dominant species clustered by CSTs, with CST II-V showing typical <i>Lactobacillus</i> dominance, whereas CST IV-B was enriched in <i>G. vaginalis and A. vaginae</i>. Importantly, all CST IV-B women failed to achieve pregnancy, and only a minority of CST V women conceived. Random forest modelling using CST, AI number, MD adherence, AI type, BMI, and age achieved moderate predictive performance for pregnancy, with high sensitivity but low specificity. CSTs, pregnancy status, number of IAs and adherence to the MD explained the greatest proportion of variation in the vaginal microbiota structure by RDA. Pregnant women with high MD adherence harbored higher abundance of <i>Prevotella lymphophilum</i>, <i>Anaerotignum massiliense</i>, and <i>Micrococcus radiotolerans</i>, whereas <i>G. vaginalis</i> characterized non-pregnant women with low MD adherence. Pregnant women showed lower diversity than non-pregnant women. Among women that got pregnant, those who subsequently miscarried exhibited distinct microbial profiles and reduced diversity. Specific taxa such as <i>Aerococcus mediterraneensis</i>, <i>Streptococcus mitis</i>, <i>Peptoniphilus lacrimalis</i>, <i>Staphylococcus hominis</i> were enriched in miscarriage cases, whereas <i>Winkia neui</i>, <i>Bacillus mojavensis</i>, and a member of Pseudomonota phyla (previously Proteobacteria) were associated with full-term successful pregnancies. These findings highlight the interaction between diet and vaginal microbiota in determining reproductive outcomes, indicating that the MD would affect fertility by modulating microbial communities.",Food & function
42111446,Characterizing the bacterial surface profiles of menstrual cups and their association with user characteristics and vaginal microbiomes in an adolescent cohort from western Kenya.,"Menstrual cups are increasingly promoted in low-resource settings as long-lasting and cost-effective menstrual hygiene solutions. However, no studies have been done among cup users to characterize the bacterial communities found on cups with long-term use when stored. This study sought to comprehensively characterize the bacterial surface profile of the menstrual cup, identify factors associated with putative pathogens, and quantify the vaginal microbiome as potential source for menstrual cup bacterial communities. Over 30 months of follow-up, 369 menstrual cup samples were collected from 172 secondary schoolgirls participating in a randomized controlled trial in western Kenya. Samples were obtained from cups brought to school by girls during study visits. Menstrual cup and vaginal microbiomes were assessed using 16S rRNA gene amplicon sequencing. Mixed effects models were applied to identify factors associated with putative pathogens ( <i>Escherichia coli</i>, <i>Staphylococcus aureus</i>, coliform bacteria), and factors associated with vaginal microbiome as potential source environment to bacterial surface profile of the menstrual cup, estimated via fast expectation-maximization for microbial source tracking (FEAST). Menstrual cup bacterial surface profile composition was primarily comprised of soil and water bacteria. However, taxa specific to the vaginal microbiome (e.g., <i>Lactobacillus crispatus</i>, <i>L. iners</i>, and <i>Gardnerella vaginalis</i>) were also recovered from cups. The mean relative abundance (presence) of <i>E. coli</i> and <i>S. aureus</i> was 0.09% (36%) and 0.36% (24%), respectively, with higher relative abundance among participants with HSV-2 or non-optimal vaginal community state type 4. Damaged cups were also associated with higher relative abundance of putative pathogens, while antibiotic use was inversely associated with <i>E. coli.</i> On average, 25.1% of cup microbiota originated from the vagina, with lower contributions among older participants and those with damaged cups. No serious adverse events related to the menstrual cup were observed in the cohort. Interventions focused on improved cleaning and storage tools and methods, and access to clean water and sanitation infrastructure are required to maximize safety of menstrual cup use in low-resource settings.",Gates open research
41825736,Influence of Singular First Foods on the Infant Gut Microbiome: A Randomized Controlled Trial.,"The gastrointestinal microbiome, integral to immune function, inflammation, and metabolism, becomes less malleable with age, making early dietary exposures, particularly first complementary foods (CFs), important in its development. This study aimed to evaluate the effect of different first CFs on the infant gut microbiome in a pilot, randomized, controlled trial. Vaginally delivered, exclusively human milk (HM) fed infants (n = 43) with no prior CF exposure were randomized to 1 of 4 groups (oatmeal cereal, beef, carrot, or prune) (NCT05492253). Infants were fed the randomized food (with HM) for 1 wk (phase 1), followed by oatmeal cereal for another week (phase 2). Daily stool samples were collected and sequenced (full-length V1-V9 16S rRNA gene amplicons). In phase 1, oatmeal cereal increased observed amplicon sequence variants compared with beef (P = 0.024). Prune increased Bacteroides ovatus (P = 0.001) and Klebsiella pneumoniae (P = 0.011), whereas oatmeal cereal increased Enterococcus spp. (P = 0.030) relative to beef. In phase 2, oatmeal cereal following beef resulted in increased Shannon diversity (P = 0.0497) and following prune increased Faith's phylogenetic diversity (P = 0.015). Unweighted UniFrac distances differed when oatmeal cereal followed prune compared with continuing oatmeal cereal (P = 0.042). Veillonella infantium increased with continued oatmeal cereal consumption compared with beef (P = 0.002) or carrot (P = 0.002), followed by oatmeal cereal. After prune, oatmeal cereal increased Lactobacillus rhamnosus and Enterococcus faecalis, and decreased K. pneumoniae and Clostridium neonatale (all P < 0.05). Beef as a CF is nutritionally desirable as it contains important minerals lacking in HM, yet resulted in a less diverse microbial profile. Because fruit and vegetables yielded comparable diversity to cereals, future research should investigate whether introducing meat alongside fruits and vegetables offers a balanced alternative to early reliance on cereals and further evaluate how first foods influence taxa abundance at the genus and species level and the resulting immune-related and metabolic pathways. This trial was registered in clincaltrials.gov as NCT05492253.",The Journal of nutrition
42277400,Gardnerella enrichment in the vaginal microbiome of women with gestational diabetes mellitus is associated with lower fetal birthweight percentiles.,"We aimed to characterise alterations in the late-pregnancy vaginal microbiota in women with gestational diabetes mellitus (GDM), and to examine their associations with maternal glycaemic status and fetal growth. In this observational case-control study, women with newly diagnosed, diet-managed GDM (n=60) and healthy pregnant control participants (n=119) were recruited at a single tertiary centre. Vaginal swabs were collected in the third trimester and analysed by full-length 16S rRNA gene sequencing. Associations between vaginal microbiota composition, maternal glycaemic measures, and fetal birthweight percentile (FBW%ile) were evaluated. The overall vaginal microbial composition differed between groups despite similar alpha diversity. Beta diversity analyses showed significant separation between the women with GDM and the control group (R=0.068, p=0.011 by ANOSIM). Lactobacillus-dominated communities were less frequent in women with GDM than in control participants (73.3% vs 86.6%, p=0.029), with reduced Lactobacillus abundance (79.8% vs 87.4%, nominal p=0.020) and increased Gardnerella abundance (9.7% vs 1.4%, nominal p=0.011). Within the GDM group, Gardnerella abundance correlated positively with fasting glucose levels (r=0.3617, nominal p=0.007) and inversely with FBW%ile (r=-0.2774, nominal p=0.032). Stratification by FBW%ile (<50% vs ≥50%) showed a higher proportion of non-Lactobacillus-dominated communities (44.4% vs 12.1%, p=0.001) and higher Gardnerella abundance (15.0% vs 3.2%, nominal p=0.020) in the low FBW%ile subgroup. Associations with Gardnerella were attenuated in sensitivity analyses that excluded samples with extreme Gardnerella abundance. Late-pregnancy GDM was associated with modest shifts in vaginal microbial structure, characterised by reduced Lactobacillus dominance and relative enrichment of Gardnerella. Exploratory analyses of associations of Gardnerella with maternal fasting glucose levels and fetal growth suggest that variation in the vaginal microbial environment may contribute to metabolic and fetal growth heterogeneity in women with GDM.",Diabetologia
42164169,Correction: The interventional value and research progress of vaginal microbiota transplantation in improving female sexual quality of life associated with dysbiosis of the reproductive microecosystem.,[This corrects the article DOI: 10.3389/fmed.2026.1812754.].,Frontiers in medicine
41867416,Genome wide association study of vaginal microbiota genetic diversity in French women.,"The composition of the vaginal microbiota is known to be highly structured into five main community state types (CSTs) that are found in all human populations. Several associations between perceived ethnicity and the type of community have been reported but analyses of human genetic data, especially genome wide association studies (GWAS), remain limited and mostly rely on phenotypic traits rather than microbial DNA data. Analysing genotyping data from in 168 women from the PAPCLEAR cohort study in France, we perform a GWAS looking for human genetic polymorphisms associated with vaginal microbiota community composition. For the latter, we use Simpson diversity and community state type (CST) as summary statistics to summarise 16S RNA metabarcoding data. We show that inverse Simpson diversity is the trait related to the vaginal microbiota that is best explained by the human genome. Furthermore, we identify several genomic regions associated with variations in this trait and show that the covariates associated with vaginal microbiota composition do not correlate with these genetic variants. This is one of the first GWAS to use microbial genetic data instead of symptoms to characterise the vaginal microbiota. However, it remains limited because of the size of our cohort and our results call for more powered studies in terms of participants and genome coverage.",Open research Europe
42025642,Do prenatal affective symptoms have an impact on the infant oral microbial exposure? Results from the Kuopio Birth Cohort Study.,"Up to one-fifth of pregnant women are affected by depression, which has been associated with disruptions in the maternal microbiome during pregnancy. Stress-related disruptions in the maternal vaginal microbiome can be carried over to the offspring, and lead to adverse developmental outcomes. We investigated whether maternal depressive and anxiety symptoms during pregnancy associated with compositional alterations of the oral microbial exposure of infants during vaginal birth. We conducted a secondary analysis of 324 mother-newborn pairs participating in the Kuopio Birth Cohort Study in Eastern Finland. Depressive symptoms were measured in the first and the third trimesters of pregnancy using the Edinburgh Postnatal Depressive Scale (EPDS). Bacterial exposure was assessed with 16S rRNA gene amplicon sequencing of oral swab samples collected at birth. The studied microbial features included alpha and beta diversity metrics, as well as the relative abundances of individual taxa characterized at the genus and phylum levels. Linear regression models adjusted for covariates (body mass index, gestational diabetes and use of antibiotics at birth) were constructed with depressive symptoms as the exposure variables and microbial exposure measures as the outcome variables. No statistically significant associations were observed between maternal depressive or anxiety symptoms during pregnancy and alpha or beta diversity metrics of newborn oral microbial exposure at birth. Despite existing animal studies and one human study suggesting otherwise, we did not detect any statistically significant associations between maternal depressive symptoms during pregnancy and the composition of newborn oral microbial exposure at birth.",Journal of affective disorders
42234392,Lactobacillus Vaginal Tablets in Preventing Recurrence of Bacterial Vaginosis: A Systematic Review and Meta-Analysis.,"Bacterial vaginosis (BV) is a common polymicrobial infectious condition that occurs exclusively in females. Several studies have suggested that probiotics, specifically Lactobacillus vaginal tablets, may be both feasible and beneficial in managing BV. This meta-analysis aims to systematically evaluate the role of Lactobacillus vaginal tablets in preventing the recurrence of BV. A systematic literature search was conducted in PubMed/MEDLINE, EMBASE, and the Cochrane Library. The search was limited to studies published in English up to August 2024. Studies were included if they involved women diagnosed with BV and evaluated the effectiveness of Lactobacillus vaginal tablets in preventing the recurrence of BV. Two independent reviewers were involved in the selection process. Recurrence of BV and adverse events associated with the interventions were the primary and secondary outcomes analyzed. Meta-analysis was performed in Review Manager 5.4.1 software using random-effects model using the DerSimonian and Laird method to systematically evaluate the role of Lactobacillus vaginal tablets in preventing the recurrence of BV. The quality of the included studies was assessed using the Cochrane Risk of Bias tool and the evidence was GRADED. Eight randomized controlled trials involving a total of 562 women with BV were included in this review. The evidence suggests that Lactobacillus vaginal tablets have no effect on recurrence of BV (RR 0.86, 95% CI 0.54 to 1.35; uncertainty evidence). Overall, the evidence for the effectiveness of Lactobacillus vaginal tablets to prevent the BV recurrence is uncertain. Further research is needed to clarify the which Lactobacillus is effective.PROSPERO: CRD42024531832.",Probiotics and antimicrobial proteins
42088275,Characterization of vaginal microbiota diversity by 16S rRNA high-throughput sequencing.,"This study employed high-throughput sequencing to analyze the diversity of vaginal microbiota in healthy women of reproductive age, thereby establishing a foundational dataset that may inform future forensic applications such as individual identification. A cohort of 100 healthy reproductive-age women meeting the inclusion criteria was enrolled. Vaginal secretion samples were collected, after which microbial DNA was extracted and assessed for quality using agarose gel electrophoresis. The V3-V4 region of the 16S rRNA gene was subsequently amplified with universal primers and subjected to Illumina high-throughput sequencing for comprehensive microbial analysis. Sequencing analysis revealed that the five most predominant genera in the female vaginal microbiota were <i>Lactobacillus</i>, <i>Gardnerella</i>, <i>Prevotella</i>, <i>Serratia</i>, and <i>Atopobium</i>. Cluster analysis of the 100 samples classified them into five major clusters, further delineated into eight subtypes, ranging from absolute dominance of <i>Lactobacillus</i> to dominance of non-<i>Lactobacillus</i> bacteria. Analysis of influence factors showed that microbial diversity was positively associated with age, higher in urban compared to suburban participants, and lower in pregnant versus non-pregnant women. The 16S rRNA high-throughput sequencing of vaginal microbiota exhibited distinct inter-group clustering, with <i>Lactobacillus</i> identified as a core candidate marker for vaginal secretions. The compositional profile of the vaginal microbiota exhibited variations associated with individual characteristics such as age range and geographic region. This study provides a foundational description of vaginal microbiota composition in this cohort. Such foundational data are a necessary first step toward exploring potential future applications in forensic science, though direct inference of individual characteristics is not supported by the current dataset.",Frontiers in microbiology
42281376,Charge-Competition AIEgens Induce Mitochondrial Dysfunction for Selective Eradication of <i>Candida albicans</i> while Restoring Vaginal Microbiota.,"The principal therapeutic challenge in vulvovaginal candidiasis (VVC) is that the non-selective nature of conventional antifungal drugs, which frequently perturb vaginal microecological homeostasis and disrupt <i>Lactobacillus</i> barrier, lead to the emergence of recurrent infection and drug resistance. This study aims to develop novel antifungal agents capable of efficiently and selectively eradicating pathogenic fungi while protecting and promoting the growth of <i>Lactobacilli</i>, with real-time monitoring capabilities and significant potential for clinical application. Harnessing the principle of charge-competition, we engineered a cationic amphiphilic aggregation-induced emission luminogens (AIEgens, named as TPE-ET), where hydrophobic chain length served as a key determinant governing membrane affinity, aggregation propensity, and antimicrobial selectivity. This design empowered potent eradication of <i>Candida albicans</i> (<i>C. albicans</i>) while concomitantly favoring the proliferation of beneficial <i>Lactobacilli</i>. Moreover, TPE-ET disrupted <i>C. albicans</i> biofilms and suppressed virulence genes related to adhesion, invasion, and drug resistance. In a murine VVC model, TPE-ET reduced fungal burden by over 90%, facilitating the repair of damaged vaginal epithelium and the reconstitution of a <i>Lactobacillus</i>-dominat vaginal microbiome. Remarkably, TPE-ET outperformed clotrimazole in restoring healthy microecological balance, as manifested by diminished <i>Proteobacteria</i> abundance alongside increased <i>Firmicutes</i> (notably <i>Lactobacillus</i>) and <i>Bacteroidetes</i>. Mechanistic studies revealed that TPE-ET exerted its remarkable antifungal activity by targeting the mitochondrial inner membrane, disrupting the metabolism-inflammation axis and eliciting mitochondrial dysfunction. Collectively, this dual merits of membrane charge-selective targeting and AIEgens-mediated visualization established an innovative therapeutic strategy for VVC, featuring superior efficacy, exquisite selectivity, and real-time monitoring capability with significant clinical potential.",Journal of microbiology and biotechnology
41996413,"Comparing Asymptomatic Versus Symptomatic Bacterial Vaginosis: Clinical Characteristics, Vaginal Microbiota, and Lactic Acid Profiles.","Irrespective of symptoms, bacterial vaginosis (BV) has been linked to increased risk of sexually transmitted infections and HIV, yet clinical guidelines recommend treatment only for symptomatic BV (sBV). We compared demographic, clinical, and vaginal microbiota factors between asymptomatic BV (aBV) and sBV. Data from a previously conducted vaginitis cohort study were analyzed. Participants with Amsel-BV were classified as sBV if they reported vaginal symptoms and aBV if asymptomatic. Nugent scores were assigned. Cervicovaginal lavage fluid underwent 16S rRNA gene amplicon sequencing, broad-range quantitative polymerase chain reaction, and lactic acid isomer quantitative assays. Wilcoxon rank-sum, Fisher exact, and Chi-squared tests compared factors between aBV and sBV. Taxonomic differences were evaluated using elastic net modeling and differential abundance testing. Among 70 participants with sBV and 270 with aBV, clinician-assessed abnormal discharge was more common in sBV (86%) than aBV (71%). In adjusted analyses, recent use of metronidazole or clindamycin, more sex partners, and education beyond high school were associated with increased odds for sBV, and injectable contraception with aBV. No consistent differences were observed between sBV versus aBV for other Amsel criteria, Nugent scores, or vaginal microbiota composition. d - and l -lactic acid levels were slightly higher in sBV than aBV. Although some demographic, clinical, and behavioral factors differed between sBV and aBV, no consistent differences were found in vaginal microbiota composition; lactic acid isomer levels were low in both groups. Further research is needed to understand why some experience symptoms, to identify whether other biological factors differentiate aBV from sBV, and to evaluate their respective associations with adverse reproductive outcomes.",Sexually transmitted diseases
40876768,A prodrug strategy for sustained release of lactic acid from silicone elastomer vaginal rings.,"Lactic acid is the most abundant organic weak acid in the healthy human vagina and plays a pivotal role in maintaining an acidic vaginal environment protective against exogenous bacteria and viruses. However, in dysbiotic or non-optimal vaginal environments, significantly decreased concentrations of lactobacilli result in reduced lactic acid production, increased vaginal pH, and enhanced risk of sexually transmitted infections (including human immunodeficiency virus), and bacterial vaginosis. Various gel-based products are marketed to administer lactic acid vaginally for the treatment of bacterial vaginosis and non-hormonal contraception, and there is interest in developing vaginal ring products for sustained/controlled release of lactic acid. However, lactic acid is not compatible with the most common addition-cure type of silicone elastomer used to manufacture vaginal rings; the carboxylic acid group inhibits the hydrosilylation reaction used to cure the elastomer system. Here, we report that DL-lactide-a racemic mixture of (R,R)-D-lactide and (S,S)-L-lactide, in which the dilactide molecules are cyclic lactones derived from esterification of two molecules of lactic acid-can be successfully incorporated into and released from addition-cure medical grade silicone elastomer vaginal rings. Following release of lactide from the rings into an aqueous medium, the lactide molecule rapidly hydrolyses to produce only lactic acid. We demonstrate that lactic acid (i) is formed f release of lactide from the rings; (ii) inhibits sperm motility, (iii) inhibits replication of HIV-1 and HSV-2, and (iv) is active against Gardnerella vaginalis (one of the causative organisms responsible for bacterial vaginosis) but not lactobacillus (associated with optimal human vaginal health). The results support the inclusion of lactide as a lactic acid prodrug in next-generation multipurpose contraceptive silicone elastomer vaginal rings.",International journal of pharmaceutics
40450084,Applying machine learning with MobileNetV2 model for rapid screening of vaginal discharge samples in vaginitis diagnosis.,"Vaginitis is a prevalent gynecological condition that impacts women's quality of life, with most women likely to experience it at least once. Traditional diagnosis involves manually observing vaginal discharge samples under a microscope. This process relies heavily on the technician's expertise and is vulnerable to subjective biases. The study aimed to improve diagnostic accuracy by applying machine learning, specifically the MobileNetV2 model, to automate the classification of vaginal discharge samples. This model supports doctors in identifying causative agents of vaginitis, including Gardnerella vaginalis, fungi, and other pathogens like bacteria or Trichomonas vaginalis. A dataset of 3,164 images from 1,582 vaginal discharge samples of women aged 18 and over was analyzed. Images were taken under a 40x optical microscope with a resolution of 800 × 800 pixels and classified into three groups: Group B (mixed bacteria or Trichomonas vaginalis), Group C (Gardnerella vaginalis, identified by clue cells), and Group F (fungi, e.g., Candida albicans, which appear as hyphae or yeast cells in samples). The model was trained using 80% of data for training, 10% for validation, and 10% for testing. Performance was evaluated using two statistical metrics: the F1 score (a measure of accuracy balancing precision and recall) and the AUC-PR (Area Under the Curve of the Precision-Recall curve, a measure of model reliability for imbalanced datasets). The MobileNetV2 model performed well across all datasets, achieving an F1 score > 0.75 and an AUC-PR > 0.80. It demonstrated the best performance in identifying Gardnerella vaginalis (Group C), with both metrics exceeding 0.90. In conclusion, this study highlights MobileNetV2's potential as a rapid screening tool for vaginitis, particularly in identifying Gardnerella vaginalis (F1 score and AUC-PR > 0.90). While challenges have remained in classifying co-infections (e.g., Groups B vs. F), the model's stability across datasets underscores its practical utility. Integrating AI into vaginitis diagnosis could enhance efficiency, reduce human error, and improve early detection, ultimately advancing patient care.",Scientific reports
42327783,Vaginal dysbiosis and inflammatory signatures in preterm labor: an integrated model for predicting preterm birth.,"Preterm birth (PTB) is a major cause of neonatal morbidity and mortality, with vaginal microbiome dysbiosis and local immune responses implicated in its pathogenesis. However, the role of vaginal immune and extracellular matrix (ECM) remodeling factors in the progression from preterm labor (PTL) to PTB remains unclear. This study examines the associations between microbiome composition and immune and ECM-related protein composition in PTL patients to identify key factors and predictive models associated with the risk of PTB. This prospective study included 136 pregnant women classified into three groups: Control (Term Birth, TB), PTL-TB (Preterm Labor with Term Birth), and PTL-PTB (Preterm Labor with Preterm Birth). Vaginal microbiome composition was analyzed using 16S rRNA sequencing and categorized by dysbiosis status and community state types (CST). Cytokines (IL-1β, IFN-γ, IL-2, IL-4, IL-6, IL-8, IL-10, IL-12p70) and ECM remodeling enzymes (MMP-1, MMP-2, MMP-3, MMP-7, MMP-8, MMP-9, MMP-12, MMP-13, IGFBP-1) were quantified in vaginal secretions using the Luminex<sup>®</sup> Assay multiplex kit. A multivariable logistic regression model was constructed to predict preterm birth, using significant microbiome, cytokine, and MMP variables, with performance evaluated by ROC analysis. Dysbiosis and CST IV were more prevalent in the PTL-PTB group. IL-1β was highest in CST III, while MMP-9 and other MMPs were elevated in CST IV. CVF MMP-9 was consistently increased across PTL-PTB cases, dysbiosis, and CST IV. However, IGFBP-1, MMP-8, and MMP-13 were significantly different by clinical outcome but not correlated with microbiome composition. A logistic regression model incorporating non-Lactobacillus fraction, IGFBP-1, MMP-9, MMP-13, and TNF-α demonstrated excellent predictive performance (AUC = 0.910) for PTB. Distinct microbial and immune profiles are associated with the progression from PTL to PTB. MMP-9 may serve as a key effector linking dysbiosis to extracellular matrix remodeling and PTB. Integrative biomarker models may support early risk stratification in women with PTL.",Frontiers in immunology
42106592,A retrospective analysis of the correlation between vaginal microecology and high-risk HPV infection among 5727 women.,"To explore the association between vaginal microecological status and high-risk human papillomavirus (HR-HPV) infection, providing large-sample evidence for HR-HPV prevention/control and vaginal microecological imbalance intervention. Clinical data of 5,727 women who underwent both HR-HPV and vaginal microecology testing in the Clinical Laboratory of the South Campus of Shanghai East Hospital (January 2023-November 2025) were retrospectively analyzed. Participants were divided into HR-HPV-positive (n = 503, 8.78%) and negative (n = 5,224, 91.22%) groups. Core microecological indicators (Lactobacillus abundance, pathogenic microorganisms, epithelial cells, etc.) were compared by chi-square test. Univariate and multivariate regression analyses were performed with HR-HPV positivity, HPV16 positivity, and HPV18/45 positivity as outcomes, incorporating 10 independent variables. Compared with the HR-HPV-negative group, the positive group had significantly higher proportions of vaginal cleanliness grades Ⅲ (22.47%) and Ⅳ (20.87%) (χ²=22.25, P < 0.001), intermediate bacterial vaginosis (BV, 42.94%) and BV (10.74%) (χ²=32.87, P < 0.001), as well as mild aerobic vaginitis (AV, 28.63%) and severe AV (0.99%) (χ²=8.314, P < 0.05). Significant differences were also observed in miscellaneous bacteria positive rate (89.07%), clue cell positive rate (8.15%), and epithelial cell (2 + and 4+) proportion (28.23%) (χ²=45.82, 11.09, 11.34; all P < 0.05). Univariate analysis identified 7 significant variables for HR-HPV infection, and multivariate analysis confirmed 5 independent factors (age, Lactobacilli, epithelial cells, miscellaneous bacteria, white blood cells). Age and miscellaneous bacteria were associated with HPV16 infection, while Lactobacillus levels were significantly associated with HPV18/45 infection. Large-sample analysis confirms that HR-HPV infection is closely associated with vaginal microecological imbalance, mainly manifested by abnormal bacterial and fungal proliferation. Vaginal microecological disorder may be a risk factor for HR-HPV infection, and its regulation can assist in HR-HPV prevention and treatment. Not applicable.",BMC infectious diseases
42039807,"Vaginal microbiota in assisted reproduction: determinants, dynamics, and impact on clinical outcomes.","The vaginal microbiota (VMB), predominantly composed of <i>Lactobacillus</i> genus, plays a crucial role in maintaining female reproductive health through acid production, immune modulation, and protection against pathogens. However, substantial inter-individual variability exists in its composition and stability. In assisted reproduction, the vaginal microenvironment is increasingly recognized as an important factor influencing embryo implantation and pregnancy outcomes. Emerging evidence suggests that the composition and dynamics of the vaginal microbiome are not only predictive biomarkers but also potential regulatory targets influencing assisted reproduction outcomes. This review outlines vaginal microbial community types, key behavioral and host-related determinants, and their links to ART outcomes. We also discuss current limitations, including methodological heterogeneity, unclear causal mechanisms, and the lack of standardized intervention strategies. Finally, we highlight the need for longitudinal and multi-omics studies to support the clinical translation of vaginal microbiome research in reproductive medicine.",Frontiers in microbiology
42339597,The infant gut microbiota: a narrative review about development and external determinants.,"This narrative review examines the development of the infant gut microbiota during the early months of life, highlighting the impact of delivery mode and feeding practices on microbial colonization and overall infant health. The search was conducted using the Virtual Health Library and PubMed databases, with the descriptors ""gut microbiota"" combined with ""breastfeeding"" (BF) and ""infant formula."" After screening, 18 articles were selected for final analysis. Findings indicate that cesarean section reduces initial gut microbial diversity by 30%-50% and decreases <i>Bifidobacterium</i> colonization, while increasing the abundance of <i>Enterobacteriaceae</i> and <i>Clostridium</i>. In contrast, exclusive BF supports a more favorable microbial profile, enriched in bifidobacteria, and contributes to immune system maturation. The literature also highlights the importance of other genera, including <i>Lactobacillus</i>, <i>Veillonella</i>, and <i>Firmicutes</i>, in regulating inflammation, producing short-chain fatty acids, and protecting against pathogens. Supporting vaginal birth and exclusive BF emerges as a key strategy to promote a more resilient and health-promoting gut microbiota during infancy.",Journal of developmental origins of health and disease
39987380,Characterization of a second class Ie ribonucleotide reductase.,"Class I ribonucleotide reductases (RNRs) convert ribonucleotides into deoxyribonucleotides under oxic conditions. The R2 subunit provides a radical required for catalysis conducted by the R1 subunit. In most R2s the radical is generated on a tyrosine via oxidation by an adjacent metal site. The discovery of a metal-free R2 defined the new RNR subclass Ie. In R2e, three of the otherwise strictly conserved metal-binding glutamates in the active site are substituted. Two variants have been found, VPK and QSK. To date, the VPK version has been the focus of biochemical characterization. Here we characterize a QSK variant of R2e. We analyse the organismal distribution of the two R2e versions and find dozens of organisms relying solely on the QSK RNR for deoxyribonucleotide production. We demonstrate that the R2e<sub>QSK</sub> of the human pathogen Gardnerella vaginalis (Bifidobacterium vaginale) modifies the active site-adjacent tyrosine to DOPA. The amount of modified protein is shown to be dependent on coexpression with the other proteins encoded in the RNR operon. The DOPA containing R2e<sub>QSK</sub> can support ribonucleotide reduction in vitro while the unmodified protein cannot. Finally, we determined the first structures of R2e<sub>QSK</sub> in the unmodified and DOPA states.",Communications biology
41852391,"Understanding the role of oral and vaginal microbiomes in HPV-related cervical, head, and neck cancers: knowledge gaps and feasibility in Sub-Saharan Africa.","Microbiome dysbiosis, characterized by an imbalance in the composition of microbial communities, has emerged as a potential risk factor for the development of cervical, head, and neck cancers. While previous studies have predominantly focused on high-income countries, there is a significant gap in understanding the relationship between microbiome alterations and cancer development in sub-Saharan Africa. Considering the unique socio-economic and environmental factors in this region, investigating the role of vaginal and oral microbiota in the progression of these cancers is crucial. This review explores the involvement of microbial dysbiosis in cervical, head, and neck cancers, particularly how it influences Human Papillomavirus-driven immune evasion, and highlights the importance of microbiota profiling in sub-Saharan Africa. The implications of these insights for cancer prevention and treatment strategies in this population are also discussed.",Frontiers in microbiomes
41471874,Comparative Characterization of Vaginal and Gut Microbiota in Late-Pregnancy Women with or Without Group B Streptococcus Colonization.,"Group B Streptococcus (GBS) colonization during pregnancy is a major cause of neonatal infection, yet its microbial determinants remain unclear. This pilot study compared the vaginal and gut microbiota of late-pregnancy women with and without GBS colonization to explore potential microbial cues for peripartum risk stratification. Forty-three Japanese pregnant women (GBS-Negative = 34; GBS-Positive = 9) were enrolled at 35-37 weeks of gestation. Vaginal secretions and stool were analyzed by 16S rRNA (V3-V4) sequencing using QIIME 2 with SILVA annotation and community state type (CST) classification. Vaginal communities were mainly Lactobacillus-dominant. GBS-Positive women showed a non-significant tendency toward more <i>L. iners</i>-dominant CST III and fewer <i>L. crispatus</i>-dominant CST I compared with GBS-Negative women. Prevotella, Atopobium, and Gardnerella were significantly enriched in the GBS-Positive group (false discovery rate < 0.05), whereas gut microbial diversity and composition showed no significant differences between groups. Cross-site gut-vagina genus-level correlations were generally weak and non-significant. These findings suggest that, in late pregnancy, GBS colonization is linked to subtle shifts within Lactobacillus-dominant vaginal communities, with more <i>L. iners</i> and bacterial vaginosis-associated genera, rather than global microbiota disruption. The apparent shift from <i>L. crispatus</i>- to <i>L. iners</i>-dominant communities is hypothesis-generating and should be confirmed in larger cohorts.",Microorganisms
41679750,The Influence of the Vaginal Microbiome on the Prediction and Prevention of Preterm Birth.,"Spontaneous preterm labour that leads to preterm birth is known to be associated with vaginal dysbiosis, particularly bacterial vaginosis, and this may explain why progress has been slow in the last few decades. Bacterial vaginosis was considered enigmatic with unknown aetiology, difficulty in diagnosis, different response to treatment, be that persistence or recurrence, and different phenotypic outcomes. A narrative review. New information from the Human Microbiome Project using molecular-based, culture-independent technology has added important new knowledge to our understanding of vaginal eubiosis and dysbiosis. While this metagenomics are currently mainly research tools, we hope further studies will better elucidate the full profile of dysbiosis. This will hopefully aid the choice of antibiotic to suit each dysbiotic profile identified rather than for a single organism. By measuring abundance and diversity of the vaginal microbiome, we can develop molecular means of differentiating eubiosis and dysbiosis to predict preterm birth. We can also choose which antibiotic is appropriate for different dysbiotic subtypes, the local subtype of milieu created by that microbiota, the host response, and the phenotypical outcomes of which preterm birth is paramount. In addition, we can develop suitable probiotic species of lactic acid producing bacteria to aid in the prevention of preterm birth.",BJOG : an international journal of obstetrics and gynaecology
40678824,Therapeutic Potential of Lactobacillus plantarum ATG-K2 in Bacterial Vaginosis: In Vitro and In Vivo Evidence.,"Bacterial vaginosis (BV) is characterized by reduced vaginal lactobacilli and pathogenic bacteria proliferation, leading to symptoms such as vaginal epithelial cell detachment and unpleasant odor, along with various complications. Most Lactobacillus species play a crucial role in not only inhibiting BV, but also maintaining vaginal health. We aimed to determine whether Lactobacillus plantarum ATG-K2 has therapeutic and preventive effects against Gardnerella vaginalis (GV), a representative pathogen of BV. In vitro cell assays confirmed that ATG-K2 clusters within cells without cytotoxic effects and inhibits both the cytotoxicity and GV adhesion. Furthermore, biofilm formation assays using crystal violet revealed that ATG-K2 disrupts GV-formed biofilms. In GV-induced BV mouse models, ATG-K2 reduced clue cell formation and sialidase activity, thereby addressing the key aspects of BV. Additionally, when ATG-K2 was administered, the measurement of GV DNA within the vaginal tissue revealed a reduction in GV. In conclusion, ATG-K2 holds promise as a therapeutic agent for BV by inhibiting GV colonization and the associated pathology, potentially offering an alternative to antibiotics.",Microbiology and immunology
42377631,Exploring the antibacterial potential of a designed peptide against Gardnerella vaginalis.,"Bacterial vaginosis (BV) is a common vaginal dysbiosis caused by Gardnerella vaginalis, a facultative anaerobic bacillus. The failure of conventional antibiotics and recurrence of bacterial vaginosis call for alternative novel therapeutic strategies. Antimicrobial peptides (AMPs) provide a targeted, resistance-sparing alternative with their broad-spectrum activity and distinct mode of action. Two AMPs, i.e., TCCP-1 (cyclic) and ZMLP-2 (linear), were designed in silico from proteome sequences of Thymbra capitata and Zataria multiflora already available in NCBI. The designed peptides were chemically synthesized, evaluated for their antibacterial activity, cytotoxicity, hemolytic effects and mechanism of action against G.vaginalis. TCCP-1, a cyclic peptide with an MIC of 1.95 µg/mL against G. vaginalis showed minimal cytotoxicity even at 100 µg/mL, which is much higher than its MIC value (1.95 µg/mL). TCCP-1 maintained high cell viability at lower concentrations, while a concentration-dependent reduction in viability was observed at higher concentrations. In contrast, ZMLP-2, a linear AMP, showed weak antimicrobial activity with an MIC of 100 µg/mL, exhibited a moderate reduction in cell viability (~ 70-75%) when tested at 100 µg/mL or a concentration below its MIC. Both peptides showed the disruption of bacterial membranes and, therefore, support the re-establishment of healthy vaginal flora. More significantly, TCCP-1 demonstrated efficient antimicrobial activity against G.vaginalis along with decreased cytotoxicity, making it an excellent candidate for future in vivo studies and possible clinical uses. Thus, plant-derived AMPs could prove to be useful, targeted, and sustainable alternatives to BV prevention while treating both resistance and recurrence.",Molecular biology reports
42047468,Probiotic supplementation during pregnancy for vaginal microbiota improvement and pathogen clearance: A systematic review and meta-analysis.,"Pregnancy is associated with susceptibility to vaginal dysbiosis, including Group B Streptococcus (GBS), bacterial vaginosis (BV), and vulvovaginal candidiasis (VVC). Probiotic supplementation has emerged as a potential strategy to restore vaginal microecology, yet its effectiveness during pregnancy remains uncertain. To evaluate whether probiotic supplementation during pregnancy increases the likelihood of clearance of GBS colonization, BV, and VVC. We systematically searched PubMed, Embase, Cochrane CENTRAL, and Web of Science from inception to 16 April 2025. Eligible studies were randomized or non-randomized studies comparing probiotic supplementation with placebo or no treatment in pregnant women, reporting outcomes related to vaginal microbiota, pathogen decolonization, or infection resolution. Two reviewers independently screened studies and extracted data. Randomized controlled trials (RCT) were evaluated using the Cochrane ROB-1 tool, and the single non-RCT was assessed using ROBINS-I. Meta-analyses were performed for co-primary outcomes, with subgroup analyses by timing, comparator type (placebo-controlled vs. no-treatment control), and duration of intervention. Eighteen studies (n = 3705) were included. For the co-primary outcomes, a statistically significant increase in the odds of GBS decolonization was observed (OR 1.38, 95% CI 1.08-1.76; I<sup>2</sup> = 2%). This association was no longer statistically significant in analyses restricted to RCTs (OR = 1.28, 95% CI 0.93-1.76; I<sup>2</sup> = 9%) and remained non-significant when further restricted to placebo-controlled RCTs (OR = 1.32, 95% CI 0.94-1.85; I<sup>2</sup> = 31%). No significant effects were found for BV (OR 0.91) or VVC (OR 0.65). An exploratory pooled analysis across infection types showed no significant overall improvement in infection clearance (OR 1.13, 95% CI 0.94-1.36; I<sup>2</sup> = 16%). Subgroup analysis indicated greater efficacy in interventions initiated during the third trimester or lasting ≤4 weeks, though interaction tests were not significant. Probiotic supplementation during pregnancy may increase the likelihood of GBS decolonization. However, this association was not statistically significant in sensitivity analyses restricted to randomized and placebo-controlled trials. No consistent benefit was observed for BV or VVC. Standardized probiotic regimens and harmonized diagnostic frameworks are needed.",Acta obstetricia et gynecologica Scandinavica
41902239,Risk of HSV-2 Acquisition Among Women with Bacterial Vaginosis: Systematic Review and Meta-Analysis.,"Bacterial vaginosis is a dysbiosis of the vaginal microbiome, typically characterized by a loss of <i>Lactobacillus</i>. <i>Lactobacillus</i> plays a crucial role in vaginal immunity and protection against sexually transmitted infections. Herpes simplex virus 2, the primary cause of genital herpes, impacts 13% of people worldwide. We undertook this systematic review and meta-analysis to examine the risk of herpes simplex virus 2 acquisition in women with bacterial vaginosis. Secondarily, we examined the impact of bacterial vaginosis on herpes simplex virus 2 shedding, reactivation, and symptoms. We searched PubMed, EMBASE, Cochrane, Web of Science, Google Scholar, and ClinicalTrials.gov for articles published before 1 July 2023 for microbiome and herpes simplex virus type 2. Studies were limited to human subjects and the English language. An updated search was performed in January 2026. This study was registered on PROSPERO (CRD42023439139). Studies on non-pregnant, reproductive-aged cisgender women that diagnosed bacterial vaginosis by Amsel Criteria, Nugent Scoring or used molecular techniques, and those that detected herpes simplex virus 2 by serological assay or PCR testing were included. Our search identified 863 results with four publications eligible for inclusion. For our secondary outcomes, 40 results were identified regarding herpes simplex virus 2 shedding, with two publications eligible for inclusion, which did not meet our threshold for meta-analysis. There were 21 results identified for herpes simplex virus 2 reaction and 115 results for herpes simplex virus 2 symptoms, with no articles being eligible for inclusion. Quality assessment was performed following data extraction using the quality assessment scales from the Joanna Briggs Institute. Results were extracted, and the pooled hazard ratio was calculated with 95% confidence interval. A total of 1906 women were included in this analysis, and 255 acquired herpes simplex virus 2. The pooled unadjusted hazard ratios produced an effect size of 1.91, (95% confidence interval 1.4649-2.4980), and a <i>p</i>-value of <0.0001, while the pooled adjusted hazard ratios produces an effect size of 1.85, (95% confidence interval of 1.3556-2.5162), and a <i>p</i>-value of 0.0001 indicating that bacterial vaginosis is associated with a increased risk of herpes simplex virus 2 acquisition. This systematic review with meta-analysis indicates that bacterial vaginosis is associated with a significantly increased risk (91% unadjusted, 85% adjusted) of herpes simplex virus 2 acquisition, indicating that bacterial vaginosis treatment may reduce herpes simplex virus 2 acquisition. A notable limitation of these findings is the relatively small number of studies eligible for inclusion in this systematic review and meta-analysis.",Viruses
42357793,Intravaginal Probiotics in Transition Dairy Cows: A Randomized Multi-Farm Field Trial on Health and Milk Production.,"Uterine infections (metritis and endometritis) are a leading cause of culling and reproductive failure in transition dairy cows, and antibiotic-resistant Gram-negative pathogens limit conventional therapy. This randomized, controlled, multi-farm field trial evaluated whether four intravaginal infusions of a host-adapted lactic acid bacteria (LAB) cocktail (<i>Lactobacillus sakei</i> FUA3089, <i>Pediococcus acidilactici</i> FUA3138, <i>P. acidilactici</i> FUA3140; 10<sup>8</sup>-10<sup>9</sup> cfu/dose) at -3, -2, +3, and +4 weeks relative to calving reduce periparturient disease and improve milk production. A total of 526 pregnant cows (426 Holstein, 100 Jersey) from four commercial Alberta farms (automatic-milking, parlor, and certified-organic systems) were block-randomized within farm and parity to TRT1 (saline; <i>n</i> = 175), TRT2 (saline + skim milk; <i>n</i> = 176), or TRT3 (LAB cocktail in saline + skim milk; <i>n</i> = 175). Uterine infection incidence was assessed by Metricheck™ mucus scoring and transrectal ultrasonography at +3 and +4 weeks postpartum. Across the principal peripartum infectious outcomes, TRT3 showed a consistent protective effect: uterine infection incidence was lowest in TRT3 (18.8% vs. 25.1% in pooled controls; OR = 0.69; 95% CI, 0.44-1.09; an approximately 25% relative reduction; exact <i>p</i> = 0.12), and this metritis signal was additionally supported by a repeated-measures mixed model accounting for farm, parity, and week (<i>p</i> = 0.0175), although the Bonferroni-adjusted pairwise contrasts were tendencies (adjusted <i>p</i> ≈ 0.12), and the effect did not differ by parity (treatment × lactation interaction, <i>p</i> = 0.97). Subclinical mastitis was numerically lower in TRT3 than in pooled controls (5.3% vs. 8.9%; OR = 0.57; 95% CI, 0.27-1.24; exact <i>p</i> = 0.16), whereas retained placenta, milk fever, displaced abomasum, and lameness showed no clear cow-level treatment effect in the cow-level exact analyses. Milk yield increased significantly in multiparous cows, which produced 4.6 L/day more milk than TRT1 and 3.22 L/day more than TRT2 over the first 50 days in milk (<i>p</i> < 0.01 for both contrasts; treatment × parity interaction, <i>p</i> = 0.01). No effect was seen on milk composition, uterine involution, or reproductive performance. The trial supports intravaginal LAB as a candidate antibiotic-free prophylactic whose response depends on farm- and cow-level contexts and whose mechanisms require confirmation through microbiological and metabolic measurements.",Veterinary sciences
41291883,Cervicovaginal microbiome alters transcriptomic and chromatin accessibility signatures across cervicovaginal epithelial barriers.,"The cervicovaginal microbiome plays a critical role in women's health with microbial communities dominated by Lactobacillus species considered optimal. In contrast, the depletion of lactobacilli and the presence of a diverse array of strict and facultative anaerobes, such as Gardnerella vaginalis, have been linked with adverse reproductive outcomes. Despite these associations, the molecular mechanisms by which host-microbial interactions modulate cervical and vaginal epithelial function remains poorly understood. In this study, we used RNA sequencing to characterize the transcriptional response of cervicovaginal epithelial cells exposed to the culture supernatants of common vaginal bacteria. Our findings revealed that G. vaginalis culture supernatants upregulate genes associated with an activated innate immune response and increased cell death. Conversely, Lactobacillus crispatus culture supernatants induced transcriptional changes indicative of epigenomic modeling in ectocervical epithelial cells. Epigenomic modification by L. crispatus was confirmed by ATAC-sequencing, which demonstrated reduced chromatin accessibility. These results provide new insights into host-microbe interactions within the lower reproductive tract and suggest that modulating the cervicovaginal microbiome could offer innovative therapeutic strategies to improve reproductive health. Video Abstract.",Microbiome
40705233,Alleviative Effect of Vaginal Lactobacilli with Probiotic Potential from Healthy Chinese Women on Bacterial Vaginosis Caused by Gardnerella vaginalis in Mice.,"The main treatment strategy for bacterial vaginosis (BV) is antibiotic therapy, but they are not effective in restoring the vaginal microecology, which can lead to recurrence. This study aimed to isolate the dominant lactobacilli strains from the vagina of healthy Chinese women, evaluate their potential probiotic properties and explore their alleviative effect on BV infected mice. Our study isolated 43 strains of vaginal-dominant Lactobacillus. Four strains of Lactobacillus. crispatus, four strains of Lactobacillus. gasseri, and two strains of Lactobacillus. jensenii showed strong inhibitory effects on Gardnerella vaginalis and were safe in vitro. Subsequently, through principal component analysis on seven functional indicators of these 10 strains, Lact. crispatus G-7, Lact. gasseri B-5, and Lact. jensenii M-1 ranked the top beneficial strains and were finally selected as the candidate therapeutic strain for in vivo experiments. Animal experiments showed that Lact. crispatus G-7 was superior to other Lactobacillus species and the positive control metronidazole in restoring vaginal health (pH and H<sub>2</sub>O<sub>2</sub>). Additionally, it also significantly reduced the expression of pro-inflammatory cytokines IL-1β, IL-6, and TNF-α while increasing the expression of anti-inflammatory cytokine IL-10. H&E staining and 16S rRNA gene sequencing showed that Lact. crispatus G-7 can alleviate the inflammatory damage caused by G. vaginalis and restored vaginal microecology. Among the isolated dominant Lactobacillus strains from the vagina, Lact. crispatus G-7 has been identified as the most effective in the treatment of G. vaginalis imparted BV. This strain is therefore a candidate for developing promising treatments for BV.",Probiotics and antimicrobial proteins
41747025,Disease-Suppressive Phyllosphere Microbiomes: A Perspective on Microbiome Transplantation for Sustainable Agriculture.,"The plant-associated microbiome is a key contributor to plant health, influencing nutrition, stress tolerance, and disease outcomes. Manipulating these microbiomes is a potentially powerful tool for plant disease management. However, the implementation of direct plant microbiome manipulation is rare, in contrast to medical fields, in which microbiome transplantation has been a growing focus of research for several decades, particularly for treatment of conditions such as <i>Clostridioides difficile</i>-induced diarrhea and bacterial vaginosis. This concept has more recently gained attention in agriculture, as rhizosphere microbiome transplants are being tested for their ability to promote crop health and productivity. A few research groups have also explored the potential of transplanting phyllosphere microbiomes to combat foliar phytopathogens. Microbiome transplantation could occur either as a direct transplant or following iterative passaging, in which beneficial traits are gradually enhanced through multiple transfers in set environments. In this Perspective, we discuss the concept and potential applications of phyllosphere microbiome transplantation to develop disease-suppressive microbiomes, including recent advances, and offer insights into its prospects for enhancing the sustainability of plant disease management. Before realizing the full potential of disease-suppressive phyllosphere microbiomes, however, several challenges need to be addressed, including establishment of standardized protocols, elimination of pathogens from the microbiome, and regulatory considerations.",Phytopathology
41803680,Correlation analysis between vaginal microbiota and quality of life across different female life stages.,"BACKGROUND: This study investigated variations in vaginal microbiota across female life stages and their correlation with quality of life. METHODS: This is a cross-sectional study based on the data and sample of 133 women from the outpatient department and health examination center of the hospital between January 2022 and July 2024. They were age-matched within a two-year range and classified into three groups: reproductive (n = 32), perimenopausal (n = 41), and postmenopausal (n = 60). Vaginal swabs were collected for 16 S rRNA gene sequencing on the Illumina platform to characterize microbial community structure. General information questionnaires, the Kupperman index, and the Menopause-Specific Quality of Life (MENQOL) questionnaire were administered to evaluate quality of life. Statistical analyses included α/β diversity indices and correlation analysis. RESULTS: Significant differences in community diversity and structure were observed among the three groups (P < 0.05). From the reproductive to the postmenopausal stage, vaginal microbial diversity gradually increased, consistent with reduced Lactobacillus dominance, while the abundance of dominant bacteria decreased and the relative abundance of non-Lactobacillus taxa commonly associated with vaginal dysbiosis increased. Perimenopausal symptoms exhibited a worsening trend, accompanied by a notable decline in quality of life, particularly in sexual health. CONCLUSION: Vaginal microbiota differed across reproductive, perimenopausal, and postmenopausal women. Lower Lactobacillus abundance (and higher non-Lactobacillus taxa) was associated with higher Kupperman and MENQOL scores, and Lactobacillus showed a positive association with estradiol.",BMC microbiology
42220947,Distinct early gut microbiota patterns by delivery mode within 100 hours of birth.,"Disruptions in the early-life gut microbiome have been reported to be associated with various health conditions. However, few studies have investigated the establishment of the gut microbiota in the immediate postnatal period. To characterize the gut microbiota of neonates within the first 100 hours after birth. A total of 512 healthy neonates born at a tertiary hospital were enrolled in this study. Stool samples were collected between March 2024 and December 2024 and categorized by delivery mode and stool collection time. Microbiota diversity and composition were assessed using full-length 16S rDNA sequencing. Stool samples from 140 neonates with predominant breastfeeding were analyzed. Of the 140 neonates, 70 (50%) were female, 66 (47.1%) were delivered by vaginal delivery (VD), 74 (52.9%) were delivered by cesarean section (CS), and 87 (62.1%) were firstborn. The time of stool collection ranged from 13.2 minutes to 109.82 hours. A significant difference in the time of stool collection was observed between CS and VD neonates (43.0 hours; 95%CI: 35.8-50.1 <i>vs</i> 32.4 hours; 95%CI: 27.8-36.9; <i>P</i> = 0.016). Gut microbiota analysis revealed that CS was associated with higher alpha diversity (Chao1 and Shannon indices; <i>P</i> < 0.001) and beta diversity (<i>P</i> < 0.001). A reduction in the gut microbiota diversity was observed 48 hours after birth <i>(P</i> < 0.001). <i>Escherichia coli</i> predominated in the VD samples. <i>Bifidobacterium</i> species, including <i>Bifidobacterium longum</i>, <i>Bifidobacterium pseudocatenulatum</i>, and <i>Bifidobacterium bifidum</i>, emerged significantly 48 hours after birth. CS neonates exhibited a higher relative abundance of skin- and environmental-associated taxa, including <i>Staphylococcus</i>, <i>Streptococcus</i>, and <i>Pseudomonas</i>, and markedly reduced colonization by <i>Bifidobacterium</i> species despite predominant breastfeeding. Despite predominant breastfeeding, CS neonates showed reduced colonization by <i>Bifidobacterium</i> and a greater abundance of skin- and environment-associated taxa within the first 100 hours of life. These findings indicate that delivery mode can be a key determinant of early microbial assembly and highlight the need for targeted strategies to support the establishment of beneficial microbiota in CS-delivered infants.",World journal of clinical pediatrics
41937967,Endometrial Microbiome and Implantation: From Basic Knowledge to Clinical Medicine.,"Recurrent implantation failure (RIF) is an infertility condition in which uterine factors remain difficult to diagnose and treat. Recent studies implicate the endometrial microbiome in implantation. This clinically oriented narrative review summarizes female reproductive tract microbiota and evidence on endometrial microbiome testing and management in infertility. Vaginal dysbiosis is linked to adverse reproductive outcomes and provides a reference for interpreting upper-tract findings. Endometrial microbial signals are detectable by sequencing, but interpretation is challenged by the low-biomass environment and vulnerability to carry-over, kitome effects, and contamination. Across ART studies, a <i>Lactobacillus</i>-enriched endometrial profile is more often associated with favorable pregnancy-related outcomes, whereas non-<i>Lactobacillus</i>-dominant patterns are more frequently reported in implantation failure, although effect sizes and statistical significance vary across cohorts and depend on sampling validity and cutoff definitions. Limited nonrandomized intervention studies suggest that testing-guided targeted management (typically antibiotics with or without vaginal <i>Lactobacillus</i>-containing probiotics) may benefit selected patients, but protocols are heterogeneous and results remain inconsistent. Evidence is rapidly evolving, yet observational designs and methodological variability limit causal inference. Future progress will require standardized sampling and contamination controls, outcome-anchored threshold validation, and pragmatic real-world evaluations of protocolized test-and-treat pathways using clinically meaningful endpoints.",Reproductive medicine and biology
42295167,"Vaginal microbiome composition in pregnant and non-pregnant women: community structure, population variation, clinical impact, and metagenomics approaches.","The vaginal microbiome plays a critical role in reproductive health and undergoes characteristic remodeling during pregnancy that influences maternal and neonatal outcomes. Although the non-pregnant vaginal microbiome shows substantial inter-individual variability, pregnancy is associated with reduced microbial diversity and increased dominance by <i>Lactobacillus</i> species, creating a protective environment for fetal development. Disruption of this balance, termed vaginal dysbiosis, has been linked to adverse obstetric and neonatal outcomes. This narrative review synthesizes current evidence on pregnancy-associated vaginal microbiome dynamics, with emphasis on community state types (CSTs), gestational changes, population-specific variation, and clinical implications. We review studies that use 16S rRNA sequencing, next-generation sequencing, and shotgun metagenomics to characterize microbial composition across pregnancy and the postpartum period. <i>Lactobacillus</i>-dominated communities, particularly those dominated by <i>Lactobacillus crispatus</i>, are consistently associated with microbiome stability and favorable pregnancy outcomes, whereas high-diversity anaerobic communities (CST IV) are linked to bacterial vaginosis, preterm birth, miscarriage, gestational diabetes mellitus, and infection-related complications. The vaginal microbiome composition varies significantly across racial, ethnic, and geographic populations. African-descended populations more often show <i>L. iners</i>-dominant or diverse anaerobic profiles, whereas European populations more commonly show <i>L. crispatus</i> dominance. Future longitudinal and mechanistic studies across diverse populations are needed to establish causality and evaluate microbiome-based interventions to improve maternal and neonatal health.",Infection and immunity
42028293,Investigating microbiota and biochemical changes in vaginal fluid toward point-of-care microbial monitoring using surface-enhanced Raman spectroscopy.,"Vaginal health is maintained by the vaginal microbiome, and dysbiosis of this community can have lifelong negative consequences for women. Current clinical techniques for detecting bacteria in the vagina rely on subjective visual and microscopic analysis or untimely microbial culturing. Surface-enhanced Raman spectroscopy (SERS), a biochemical fingerprinting technique, shows potential for filling this gap as it can identify bacterial species and strains. In this study, SERS was used to investigate biochemical changes in vaginal fluid when common vaginal bacteria were present and absent. Subsequently, the performance of a portable Raman spectrometer to detect these biochemical changes was evaluated. Vaginal fluid was collected from participants attending routine gynecology exams, and SERS spectra were collected using a Raman microscope and a portable spectrometer. Partial least squares, peak intensity, and peak ratio analysis were used to investigate biochemical differences. Quantitative polymerase chain reaction was performed for characterization of <i>Lactobacillus iners</i>, <i>Lactobacillus crispatus</i>, <i>Gardnerella vaginalis</i>, and <i>Streptococcus agalactiae</i> content. <i>Gardnerella vaginalis</i> presence was characterized by a significant increase in protein and lipid-related features and a decrease in organic acid peaks. The presence of <i>Lactobacillus iners</i> was represented by increased organic acid peaks and a reduction of protein, amino acid, and polysaccharide-related features. Similar trends with little loss of significance were observed when comparing the performance of a Raman microscope and a portable spectrometer. We highlight the feasibility of SERS for detecting differences in bacterial species presence in vaginal fluid and showcase the potential for clinical translation.",Biophotonics discovery
42020126,"Improving menstrual and vaginal health for all (IMVAHA): protocol for a randomised cross-over trial assessing the impact of menstrual products on the vaginal microbiome of women aged 18-35 years in Cameroon, Peru and Switzerland.","Menstrual health is critical to achieving gender equity and reaching the 2030 Sustainable Development Goals, yet evidence on the health impacts of menstrual products-particularly on the vaginal microbiota-is limited. The <i>Improving Menstrual and Vaginal Health for All</i> (IMVAHA) project aims to address this knowledge gap through qualitative exploration, a health survey and clinical trial embedded in three sister projects: <i>Laura</i> (Peru), <i>Leke</i> (Cameroon) and <i>Marie</i> (Switzerland). This paper outlines the protocol for the IMVAHA health survey and clinical trial studies, which aim to (1) assess menstrual hygiene practices, product preferences and vaginal health; and (2) evaluate longitudinal changes in vaginal microbiota associated with the use of pads, tampons and menstrual cups. The IMVAHA project will take place in urban Cameroon, urban Peru, and in Switzerland. The baseline survey will explore vaginal and menstrual health behaviours and preferences, including vaginal complaints, menstrual products and menstrual stigma. Descriptive statistics will be calculated for a cross-sectional profile of vaginal and menstrual health within and between contexts, and mixed effects linear regression models will be run to identify associations between contextual factors and key vaginal and menstrual outcomes. From survey participants, 300 eligible, consenting women (100 per country) will be enrolled in a 7-month crossover clinical trial. As a self-controlled trial, a dedicated control group is not necessary. Each participant will use pads, tampons and menstrual cups for two menstrual cycles per product, providing vaginal swabs at baseline and post-menstruation. Swabs will undergo 16S rRNA sequencing, pH testing and screening for toxic shock syndrome-related bacteria. A short survey on health behaviours and symptoms, menstrual hygiene practices and participant experiences with different menstrual products will be administered during each menstrual period. The primary outcome of the clinical trial is the log ratio of <i>Dialister</i> to <i>Lactobacillus crispatus</i> abundance measured after the use of different menstrual products. Mixed-effects linear regression will assess differences in the primary outcome across product types. Secondary analyses will include per-protocol comparisons and ORs with 95% CIs. The study complies with the Declaration of Helsinki, Council for the International Organizations of Medical Sciences guidelines and local regulations. Ethical approval has been obtained in all three countries (National Ethics Committee for Human Health Research in Cameroon (CE N° 2024/03/1649/CE/CNERSH/SP); the Institutional Review Board of the Universidad Peruana Cayetano Heredia and Universidad Nacional de la Amazonía Peruana in Peru (217572) and the Ethics Commission of Northwest and Central Switzerland (2024-02135)). Informed consent will be obtained from all participants after detailed explanation of study procedures and risks. Data will be securely stored, with participant anonymity maintained. A political economy analysis will explore regulatory environments for menstrual products, and findings will be disseminated through policy briefs, stakeholder networks, academic publications and conferences. NCT06646185.",BMJ open
42087183,"Addition of lactic acid bacteria to diluted ram semen as vehicle for vaginal inoculation: interaction with seminal microbiota, sperm quality and antibacterial in vitro effect against Mycoplasma agalactiae.","The use of lactic acid bacteria (LAB) as a probiotic in seminal doses of small ruminants has been suggested due to its antibacterial effects against pathogens such as Mycoplasma agalactiae (Ma) and positive effects on ovine vaginal health. The present in vitro study evaluates the antibacterial effect against Ma of a wild LAB strain from caprine prepuce and a commercial human probiotic (L3) composed by Lactobacillus spp., and evaluates their impact on sperm quality, DNA fragmentation, and the bacterial community composition in the studied conditions. One preputial wild strain (P65) and L3 were tested to assess its antibacterial in vitro potential against Ma in semen doses. In experimental conditions with diluted ram semen, the strain P65, identified as Enterococcus hirae, significantly reduced Ma concentration from 7.202 to 0.000 log CFU/mL (p < 0.05), and L3 from 6.872 to 2.699 log CFU/mL (p < 0.001). In addition, experimental condition with P65 suffered a greater Ma inhibition and pH reduction over 15 h of incubation (p < 0.05). In experimental conditions with LAB, sperm motility exceeded 75% in the presence of Ma, with no adverse effects on DNA fragmentation observed. A negative effect on Ma was also observed in diluted semen from rams, which could be attributed to the predominance of several species of Lactobacillus spp. in the semen diluted without antibiotics. Metabarcoding analyse evidence that Actinobacillus, Lactobacillus, and Staphylococcus were naturally present in the diluted semen studied. Moreover, under conditions with diluted semen and the wild strain P65, no significant increase in opportunistic pathogens as Escherichia-Shigella was observed. This study is the first in vitro report of the antibacterial potential of male reproductive tract LAB against Ma and suggests its ecological importance in the reproductive microbiota of small ruminants. The replacement of antibiotics with species-specific LAB in seminal doses of small ruminants should be evaluated in future in vivo studies.",BMC veterinary research
41947074,Epidemiological analysis of sexually transmitted infections pathogens and related microorganisms in South Korea: coinfection patterns and pathogen correlations.,"BACKGROUND: Sexually transmitted infections (STIs) affect hundreds of millions of people worldwide each year and remain a major public health concern. The adoption of multiplex PCR, which allows simultaneous detection of multiple pathogens, has led to the accumulation of large-scale data on STI coinfections. In this study, we analyzed multiplex PCR results for 12 microorganisms included in a commercial STI testing panel to characterize epidemiological patterns in South Korea and to quantitatively evaluate pathogen–pathogen coinfection relationships using lift index and phi coefficient. METHODS: We retrospectively analyzed multiplex PCR results for 12 microorganisms included in an STI testing panel — Neisseria gonorrhoeae (N. gonorrhoeae), Chlamydia trachomatis (C. trachomatis), Mycoplasma hominis (M. hominis), Trichomonas vaginalis (T. vaginalis), Ureaplasma urealyticum (U. urealyticum), Mycoplasma genitalium (M. genitalium), Herpes simplex virus type 1 (HSV-1) and type 2 (HSV-2), Gardnerella vaginalis (G. vaginalis), Treponema pallidum (T. pallidum), Candida albicans (C. albicans), and Ureaplasma parvum (U. parvum)— from individuals aged 18–90 years tested at Eone Laboratories between January 2023 and December 2024. DNA was extracted using the Nextractor® NX-48 system, and PCR was performed with the ElsiQ STI-12 Detection Kit. Pathogen positivity rates were assessed by sex, age, and specimen type. Association rule mining was applied to evaluate coinfection patterns using the lift index and phi coefficient, and the results were visualized as heatmaps. RESULTS: A total of 1,105,261 samples were analyzed, with an overall positivity rate of 8.67% among all individual pathogen-specific tests. At the specimen level, 43.6% were negative, 26.1% were positive for a single pathogen, and 30.4% had coinfections. Compared with males, females presented a greater rate of coinfections. For most pathogens, positivity rates were highest in individuals under the age of 30 years and tended to decrease with age. For some pathogens, a bimodal pattern of positivity was observed in females, with a second increase occurring around the age of 50. Among female samples, vaginal swabs presented higher positivity rates than did urine samples for all pathogens. Analysis of coinfection patterns revealed that the lift index tended to be greater for pathogen pairs with low individual positivity rates, whereas the phi coefficient was relatively higher for pathogens with higher positivity rates. Pathogen pairs that presented a lift index ≥ 3 in both male and female samples included N. gonorrhoeae–C. trachomatis, M. hominis–T. vaginalis, T. pallidum–T. vaginalis, and T. pallidum–C. trachomatis, whereas U. parvum–M. hominis and U. urealyticum–M. hominis presented phi coefficients ≥ 0.1 in both sexes. CONCLUSIONS: This study provides quantitative insights into the epidemiological characteristics and inter-pathogen coexistence of STI-related microorganisms in South Korea using multiplex PCR–derived data and association metrics, including the lift index and phi coefficient. These findings may serve as foundational data for refining future STI surveillance strategies and for further investigations into the mechanisms underlying coinfections. CLINICAL TRIAL NUMBER: Not applicable.",BMC infectious diseases
40207948,Transformation of <i>Gardnerella vaginalis</i> with a <i>Bifidobacterium-Escherichia coli</i> shuttle vector plasmid.,"<i>Gardnerella</i> spp. significantly influence female reproductive health and are indicators of bacterial vaginosis, a common gynecological disorder. Lack of genetic tools for <i>Gardnerella</i> spp. is a hindrance to fully understanding their role in the vaginal microbiome, and no naturally occurring plasmids have yet been identified in these organisms. The aim of this study was to transform <i>Gardnerella vaginalis</i> and characterize transformants carrying <i>Bifidobacterium-E. coli</i> shuttle vector pKO403-<i>lacZ</i>'-Sp. <i>G. vaginalis</i> ATCC 49145 was selected for protocol development based on its high growth rate, lack of restriction activity, and susceptibility to spectinomycin. Low efficiency (~10<sup>2</sup> cfu/µg of plasmid DNA) but reproducible transformation was achieved. The expression of the spectinomycin resistance gene and the β-galactosidase gene of pKO403-<i>lacZ</i>'-Sp in <i>G. vaginalis</i> ATCC 49145 resulted in an increase in spectinomycin tolerance from 2 µg/mL (MIC) to >512 µg/mL, and an appreciable increase in β-galactosidase activity compared with the wild type. Plasmid copy number was determined to be ~3 per genome copy. Plasmid was lost rapidly in the absence of spectinomycin selection, with only ~5% of colony-forming units retaining the resistant phenotype after 24 h of growth without selection. These results demonstrate that <i>G. vaginalis</i> can be transformed by electroporation and that pKO403-<i>lacZ</i>'-Sp can be maintained and its genes expressed in this host, offering a starting point for the development of genetic tools for mechanistic studies of this important member of the vaginal microbiome. The healthy human vaginal microbiome is mainly dominated by <i>Lactobacillus</i> spp. An imbalance or shift in this population can lead to a gynecological disorder known as bacterial vaginosis (BV). In BV, there is a reduction in <i>Lactobacillus</i> spp. and an overgrowth of mixed anaerobes and facultative bacteria including <i>Gardnerella</i> spp. The reason for this increase in the <i>Gardnerella</i> population and associated changes in the vaginal microbiota composition is yet not understood, and a lack of genetic tools is one of the major barriers to performing mechanistic research to study the biology of these clinically significant organisms. The first step in developing genetic tools is introducing foreign DNA. In this study, we have developed a protocol for transformation and identified a plasmid that can be maintained in <i>G. vaginalis</i>.",Microbiology spectrum
41788387,Vaginal microbiota and urinary tract infections in women: the protective role of vaginal lactobacilli in counteracting urinary tract infections occurrence and recurrence.,"Urinary Tract Infections (UTIs) are common clinical conditions. Women are affected by UTIs more than men and their probability of experiencing such conditions is high (60%). The vagina and its defensive system play a key role in the pathogenesis of UTIs, making the vaginal microbiota (VMB) a target for controlling UTIs and their recurrence (rUTIs). Current therapy consists of low-dose antibiotics for rUTIs prevention. The increasing incidence of antimicrobial resistance documented to date has rendered this strategy less attractive. The initial step of UTIs pathogenesis involves colonization of the vaginal introitus and periurethra by uropathogens. The following steps may include the ascension of uropathogens via the urethra to the bladder and kidneys. Vaginal infections may be caused by uropathogens from the intestinal microbiota, taking advantage of the proximity between the anus and the vagina. Nevertheless, uropathogens may arise from the vagina itself because of alterations in VMB. Changes in VMB lead to Bacterial Vaginosis (BV), which consists of the replacement of healthy lactobacilli with unhealthy Gram-negative bacteria, such as <i>Escherichia coli</i>. The documented relationship between BV and UTIs supports the intriguing hypothesis that restoring VMB may represent a new option to control UTIs and rUTIs after short-term antibiotic treatment in a safe and cost-effective manner.",Le infezioni in medicina
42482090,Assessing the female urogenital-rectal axis microbiome: focus on endometriosis and recurrent implantation failure.,"Emerging evidence suggests microbial dysbiosis may contribute to gynaecological pathologies, including endometriosis and recurrent implantation failure (RIF). The vaginal microbiome is well-characterised, with Lactobacillus-dominance as a hallmark of health, yet interactions between vaginal, cervical, and endometrial microbiomes remain inconclusive. The adjacent sites to the vagina, rectal and urinary environments in infertile women are scarcely studied. This cross-sectional study included 136 reproductive-aged women, enrolled at the Reproductive Unit of the University Hospital Virgen de las Nieves (Granada, Spain) between March 2019 and March 2024. Each participant provided five samples during the mid-secretory phase: vaginal and cervical swabs, endometrial brushing, urine, and rectal swabs. The microbiome was analysed using 16S rRNA gene sequencing (V4 region) with functional profiles inferred using PICRUSt2. Diversity and bacterial abundance were compared between endometriosis, RIF, and controls, adjusting for age, body mass index, and antimicrobial use. In total, 520 samples from 104 women were analysed and revealed shared microbial profiles across the vagina, cervix, endometrium, and urine. The rectal microbiome differed significantly from urogenital sites (Global PERMANOVA, adj p-value = 0.001, R<sup>2</sup> = 0.259). A Lactobacillus gradient in the reproductive tract was observed, with dominance > 98% in the lower tract, 69.72% in urine, and 46.25% in the endometrium. Moreover, Lactobacillus negatively correlated with all other genera within the reproductive tract. Significant differential abundance was detected between body sites: 15 bacteria between vagina-cervix, 166 vagina-uterus and 172 cervix-uterus (all adj p-values < 0.05). Diversity comparisons between the condition groups (endometriosis and RIF) and controls at each anatomical sites revealed no significant differences in microbial communities and functional pathways. However, four bacterial genera showed a significantly different abundance between the endometriosis and controls in the vagina. Our study results provide knowledge about the microbial composition throughout the female urogenital tract and rectum, highlighting the interindividual variability rather than the site-specificity. The vaginal bacteria that associated with endometriosis should be investigated further for clarifying their potential as non-invasive biomarkers of the disease. Microbiomes of other urogenital sites do not seem to associate with endometriosis, and microbiomes of the urogenital-rectal axis do not seem to correlate with RIF. N/A.",Reproductive biology and endocrinology : RB&E
41903526,Vaginal microbiota impacts of a Lactobacillus crispatus live biotherapeutic and predictors of colonization in randomized controlled trial.,"Bacterial vaginosis (BV) affects >25% of women worldwide and often recurs after standard-of-care metronidazole (MTZ) treatment. LACTIN-V, a live biotherapeutic product (LBP) containing Lactobacillus crispatus strain CTV-05, significantly reduced recurrent BV in a phase 2b clinical trial, but efficacy was incomplete. Here, we characterize microbiota and immune effects using multi-omics and define correlates of treatment success. By week 12, an L. crispatus-dominant microbiota was achieved in 30% of LBP recipients compared with 9% of placebo recipients (benefit ratio: 3.31; p < 0.005). This is primarily due to CTV-05, but native L. crispatus strains are also present and increase over time. Inflammatory cytokines decrease in both arms after MTZ but return to baseline in placebo recipients. Successful L. crispatus colonization is associated with pre-MTZ microbiota, baseline inflammatory profiles, post-MTZ bacterial load, and clinical and behavioral variables. These findings elucidate LBP microbiota effects and identify predictors of treatment success, informing improved intervention strategies to advance women's health.",Cell host & microbe
41586522,The vaginal microbiome of pregnant people living with HIV on antiretroviral therapy in the Democratic Republic of Congo: a pilot study and global meta-analysis.,"Recent studies reveal that a suboptimal vaginal microbiome (VMB), including the enrichment of anaerobic bacteria associated with multiple female genital disorders, is linked to adverse pregnancy and birth outcomes in pregnant people. Problematically, however, the majority of the available data, to date, is biased toward highly developed, Global North countries, leaving underrepresented populations like the Democratic Republic of the Congo (DRC) poorly characterized. Here, we investigate the VMB from a cohort of 82 pregnant people living with human immunodeficiency virus (PLWH) on antiretroviral therapy (ART) from the DRC. Specifically, we explore the associations between the VMB via 16S rRNA gene sequencing and maternal peripheral immune factors. Additionally, we compare the VMB of pregnant PLWH-ART from DRC with publicly available VMB data (5 studies, 1861 samples) in a meta-analysis to elucidate the impact of HIV on the VMB. Combined, these analyses revealed the differences in community structure and predicted function of the microbiota between pregnant PLWH-ART and pregnant people without HIV (PWoH). Taxonomically, the VMB of DRC PLWH-ART were enriched for <i>Lactobacillus iners-</i>dominated VMBs (53%) or a diverse, polymicrobial VMB, that is, bacterial vaginosis (BV) (43%). Functional predictions made from these taxa suggested that protein-coupled receptors, amino sugar and nucleotide sugar metabolism, fatty acid metabolism, and polycyclic aromatic hydrocarbon degradation pathways were differentially abundant between the communities. Correlation with host plasma immune factors revealed putative links between some VMB metrics (e.g., alpha diversity and species abundance) that have been linked to adverse pregnancy and birth outcomes. Human immunodeficiency virus (HIV) remains prevalent in sub-Saharan Africa, where it has been linked to adverse birth outcomes. Suboptimal vaginal microbiomes (VMBs) have shown similar links. This pilot study fills critical gaps in understanding how HIV interacts with the pregnant VMB in populations underrepresented in microbiome research, like the Democratic Republic of the Congo (DRC). We identified maternal systemic immune factors associated with suboptimal VMBs that have been linked to poor birth outcomes. In a global meta-analysis, we found significant taxonomic and functional differences in the VMBs between pregnant people living with and without HIV, revealing potential biomarkers that increase the risk of adverse birth outcomes. These findings provide crucial insights into VMB features that may influence pregnancy health in PLWH-ART, guiding future research and tailored interventions to support safer pregnancies in the DRC and similar populations.This study is registered with NCT03048669.",mSphere
42265593,Integrated culturomics and 16S rDNA sequencing reveal a functional microbiome signature in endometrial cancer.,"Endometrial cancer (EC) is a common gynecologic malignancy globally, but the role of the intratumoral microbiome remains poorly defined. While microbial dysbiosis is increasingly linked to cancer, the composition, function, and clinical relevance of the microbiota in EC are underexplored. This study aims to systematically profile the microbiome in EC patients by integrating culturomics and 16S rDNA sequencing, and to evaluate the functional properties of key bacterial strains in relation to tumor progression. We collected cancerous tissues (CATs), non-cancerous adjacent tissues (NATs), and vaginal swabs from 32 EC patients. Culturomics was performed on 57 samples from 19 patients to isolate and identify bacteria, while 16S rDNA sequencing assessed microbial diversity and composition. Functional assays, including flow cytometry for invasion efficiency and ELISA, were used to evaluate pro-inflammatory capacity. Culturomics identified 79 bacterial species, with Staphylococcus, Streptococcus, and Cutibacterium emerging as core genera shared across the vagina, NATs, and CATs. Functional analysis revealed that strains such as Staphylococcus epidermidis and Streptococcus anginosus exhibited high invasion efficiency (up to 84.8%) and significantly upregulated pro-inflammatory responses. 16S rDNA sequencing showed that Lactobacillus dominated the vaginal microbiota, whereas endometrial tissues were enriched with opportunistic pathogens (e.g., Stenotrophomonas). Critically, specific genera were associated with aggressive clinical features: Slackia with poorly differentiated (G3) tumors and Porphyromonas with deep myometrial invasion (≥ 50%). This study uncovers a distinct, translocally disseminated core microbiota in EC, with key strains demonstrating invasive and pro-inflammatory capacities that may play a role in tumor progression. These findings provide a foundation for microbial biomarkers and targeted interventions, highlighting the transformative potential of microbiome research in gynecologic oncology.",BMC microbiology
42083350,"Beyond Conventional Therapy: A Comprehensive Review of Herbal, Traditional, and Emerging Interventions for Polycystic Ovary Syndrome.","Polycystic ovary syndrome (PCOS) is the most common and multifactorial endocrine disorder that leads to significant changes in the reproductive, metabolic, and psychological domains of women's health in their reproductive years. In addition, the conventional therapies (lifestyle modification, metformin, oral contraceptives, and ovulation-inducing agents) that are the mainstay of management of the syndrome may still not be able to fully address the diverse pathophysiology of PCOS as well as the long-term risks associated with it. This narrative review highlights clinical and mechanistic data from studies on various complementary and alternative medicine (CAM) modalities as first-line treatments for PCOS, in addition to conventional therapy. Correspondingly, herbal and botanical agents (berberine, cinnamon, licorice, Vitex agnus-castus, curcumin, and epigallocatechin gallate) modulate insulin signalling, androgen synthesis, inflammatory pathways, and oxidative stress, with initial clinical trials reporting improvements in metabolism and hormones to a similar extent as standard therapies in selected populations. Traditional Chinese Medicine (TCM), both multi-herb prescriptions and acupuncture, provides tailored formulas that might not only regulate ovulation and endocrine parameters but also lower metabolic indices, despite the high variability across studies. Stress reduction, physical fitness, and the quality of life are among the achievements of mind-body interventions (yoga, tai chi, qigong, and mindfulness-based stress reduction). Improvements in hyperinsulinemia, hypolipidemia, ovulation, and hyperandrogenemia, along with the related insulinresistant and vitamin D-deficient phenotypes, have been steadily reported with the use of the nutraceutical combinations of inositols, vitamin D, omega-3 fatty acids, Nacetylcysteine, coenzyme Q10, and resveratrol. New non-conventional methods, such as fecal and vaginal microbiota transplantation, platelet-rich plasma, and kisspeptin analogues, have been identified as potential therapeutic routes but are still in their infancy in terms of development. Although CAM therapies have multiple advantages in controlling many PCOS domains, the official integration into clinical practice would require standardization, rigorous randomized controlled trials, and continuous safety monitoring. If correctly and cautiously applied, CAM may be useful as an adjunct alongside established therapy, rendering PCOS management more holistic and personalized.",Current molecular medicine
41825759,Targeted next-generation sequencing in diagnosing reproductive tract infections: a comparative study.,"Targeted next-generation sequencing (tNGS), which utilizes multiplex PCR amplification or probe capture for pathogen nucleic acid enrichment, is gaining attention in the clinical management of infectious diseases. This study aims to assess the clinical efficacy of tNGS in patients with suspected reproductive tract infections. A total of 181 patients with suspected reproductive tract infection between June 2024 and August 2024 were enrolled at the second Xiangya Hospital, Changsha, China. Vaginal discharge samples from all participants were tested for tNGS and Human Papillomavirus (HPV) testing, with a subset also analyzed for microecology. A comparative analysis of diagnostic efficacy and concordance was conducted. For HPV detection, tNGS had a broader coverage of HPV types compared to traditional HPV testing, with higher detection sensitivity for most sub-types. The rate of complete agreement between tNGS and HPV testing was 71%, 12% for partial agreement, and 17% for mismatched. Among the 129 cases exhibiting complete concordance, tNGS identified an additional 12 pathogens, predominantly Ureaplasma parvum, Ureaplasma urealyticum, and Cytomegalovirus (CMV). Moreover, tNGS shows a significant advantage in detecting mixed infections. When comparing vaginal microecology testing results, bacterial vaginosis (BV) affected patients exhibited a higher prevalence of HPV, CMV, Candida albicans, M. hominis, Chlamydia trachomatis, U. urealyticum and U. parvum. tNGS offers a broader spectrum of HPV subtypes, enhanced sensitivity, and the capability to identify mixed infections, making it a competitive alternative to traditional HPV detection assays. Additionally, tNGS serves as a robust complement to vaginal microecology assays.",Clinica chimica acta; international journal of clinical chemistry
42243668,"Phenotypic, genomic, and functional characterization of Corynebacterium sp. nov. isolated by droplet-based cultivation from vaginal swabs of a preeclampsia patient.","Members of the genus Corynebacterium are widely distributed across human mucosal surfaces and are increasingly recognized as important components of the female reproductive tract microbiota. However, their diversity is underestimated due to limitations of conventional cultivation approaches. In this study, a novel bacterial strain, designated TJG_1<sup>T</sup>, was isolated from vaginal swab samples of a pregnant woman with preeclampsia (PE) using droplet-based microfluidic single-cell cultivation. Strain TJG_1<sup>T</sup> was characterized as a Gram-positive, non-spore-forming, non-motile short rod. Phylogenetic analysis based on the 16 S rRNA gene sequence placed the strain within the genus Corynebacterium, with the highest sequence similarity to Corynebacterium coyleae (97.39%). Whole-genome sequencing revealed a genome size of 2,481,283 bp with a G + C content of 61.52 mol%. Average nucleotide identity (ANI) and digital DNA-DNA hybridization (dDDH) values between strain TJG_1<sup>T</sup> and its closest relatives were below the accepted species thresholds, supporting its classification as a novel species. Functional genome annotation identified genes associated with metabolism, transport systems, putative antimicrobial resistance, and predicted host interaction-related traits. In vitro assays showed that neither bacterial metabolites nor live cells significantly affected trophoblast cell viability or oxidative stress-related gene expression under the tested conditions. Although alterations in cell migration behavior were observed following exposure to live bacteria, these changes were not accompanied by significant differences in migration-related gene expression. Strain TJG_1<sup>T</sup> represents a novel species within the genus Corynebacterium. This study highlights the utility of droplet-based cultivation for recovering previously underrepresented vaginal bacteria and expands current knowledge of Corynebacterium diversity in the female reproductive tract.",BMC microbiology
41665359,"The vaginal microbiome, papillomavirus infection, and cervical cancer: established associations in search of model systems and mechanistic answers.","High-risk human papillomavirus (HPV) infection is the causative factor for approximately 5% of all human cancers and the leading cause of cervical cancer. High-risk HPV-associated cervical cancer still claims more than 340,000 women's lives globally each year despite the availability of prophylactic HPV vaccines. Currently, there is no medical treatment for HPV infections and associated lesions except invasive surgical procedures. For more than a decade, numerous studies have demonstrated a correlation between certain community state types (CSTs) of the vaginal microbiome and HPV-associated infection and cancer. This review aims to provide a general overview of the most recent studies on this topic, focusing primarily on clinical data linking a <i>Lactobacillus</i>-depleted vaginal microbiome (i.e., bacterial vaginosis and CST-IV) and HPV but also describing the limited mechanistic findings in the field. Finally, a novel mouse model addressing the causative effect of the vaginal microbiome on papillomavirus-associated disease progression and cancer development is proposed.",mBio
42306487,Decreased CD8+ T Lymphocytes is an Independent Influencing Factor for Persistent HR-HPV Infection.,"To explore the characteristics of vaginal microecological changes and peripheral blood immune cell subset levels in patients with high-risk human papillomavirus (HR-HPV) infection, and to identify independent risk factors for persistent HR-HPV infection, so as to provide a reference for clinical prevention and treatment of cervical lesions. A total of 165 participants admitted to Ningde Mindong Hospital from January 2021 to December 2022 were enrolled in this single-center observational study, including 49 cases with persistent HR-HPV positivity and 116 cases with transient HR-HPV infection. Vaginal microecological indicators (cleanliness, pH, bacterial vaginosis score, hydrogen peroxide, sialidase) and peripheral blood immune cell subsets were detected to analyse. Compared with the transient HR-HPV infection group, the persistent infection group showed significant vaginal microecological imbalance, including lower proportion of grade I-II vaginal cleanliness, higher BV score ≥4, lower proportion of pH ≤4.5, and higher positive rates of hydrogen peroxide and sialidase (all P<0.05). In addition, in the present study, sialidase was also significantly increased in the group with cytological and pathological results ≥HSIL (P<0.05). The percentages of CD4+ T lymphocytes and CD8+ T lymphocytes in the persistent infection group were significantly decreased (P<0.05), while there were no significant differences in T lymphocytes, B lymphocytes, and NK cells between the two groups (P>0.05). Multivariate Logistic regression analysis showed that decreased CD8+ T lymphocytes was an independent risk factor for persistent HR-HPV infection (P<0.05). Persistent HR-HPV infection is closely associated with vaginal microecological imbalance and impaired cellular immune function. This exploratory study confirms that decreased CD8+ T lymphocytes is independently associated with persistent HR-HPV infection. Comprehensive assessment of vaginal microecological status and CD8+ T lymphocyte level may help identify high-risk populations, but the clinical predictive value needs to be verified by large-sample prospective studies.",International journal of women's health
42353329,Bidirectional Interactions Between Cervicovaginal Microbiota and Human Papillomavirus Drive Persistence and Disease Progression.,"Persistent high-risk human papillomavirus infection is a critical prerequisite for cervical intraepithelial neoplasia and cervical cancer, yet viral factors alone do not fully explain why most infections clear while a subset persists and progresses. Emerging longitudinal, multi-omics, and mechanistic evidence supports a plausible model in which the cervicovaginal microbiota is not a passive bystander but a functional determinant of mucosal immunity, epithelial barrier integrity, and local metabolic tone. <i>Lactobacillus</i>-dominant community states, particularly those enriched in <i>Lactobacillus crispatus</i>, are generally associated with lower pH, regulated inflammatory signaling, stronger barrier function, and a higher likelihood of HPV clearance. In contrast, anaerobe-enriched dysbiosis is linked to elevated pro-inflammatory cytokines, altered antigen presentation, immune checkpoint signatures consistent with T-cell dysfunction, and metabolic shifts involving lactate depletion and accumulation of short-chain fatty acids and other metabolites that can influence epithelial and immune-cell programs. Importantly, the interaction is bidirectional: hrHPV can remodel the microenvironment by suppressing host defense peptides and perturbing mucosal barriers, thereby reducing <i>Lactobacillus</i> fitness and reinforcing dysbiosis in a feed-forward loop that favors persistence and oncogenic progression. This review integrates functional ecology, longitudinal clinical evidence, immunological and metabolic mechanisms, and translational implications, highlighting opportunities for microbiome-informed risk stratification and adjunctive interventions, as well as key gaps requiring standardized longitudinal multi-omics and rigorously designed clinical trials.",International journal of molecular sciences
41704320,"""Should I tell him I have something in my vagina?"" Female sex workers' perceptions and experiences of using a menstrual cup, and client reactions: A qualitative study in Western Kenya.","The menstrual cup is worn intravaginally, holding blood up to 12 h before emptying and reinserting. It offers protection from sexually transmitted infections and bacterial vaginosis, whilst preserving a <i>Lactobacillus crispatus</i>-dominant vaginal microbiome. The menstrual disc, a type of menstrual cup, is positioned near the cervix and can remain in place during sex, enabling female sex workers (FSWs) to avoid unsafe practices to conceal menstruation during work. In this study, we aim to examine the perceptions and experiences of a convenience sample of FSWs 6 months after they received a menstrual disc, along with client views. In a qualitative design, our Kenyan study recruited 38 FSWs in 4 focus group discussions (FGDs) and 86 clients in 9 FGDs. Using a semi-structured guide, a Kenyan moderator and note-taker facilitated audio-recorded discussions. Following translation and transcription, the discussions were analysed using deductive thematic analysis. Six themes emerged: Anticipation and reaction to seeing the menstrual cup, Apprehension and determination to use, Benefits, Challenges, Secrecy, and Use during sex. Some FSWs were able to insert the cup on initial attempt, typically others encountered discomfort, pain, or misalignment during insertion or difficulty in removing. By the end of the third month, the majority were using the cup without experiencing any leakage, pain, or concerns. Benefits noted included ease, convenience, reduced leakage, and comfort. Financial advantage over pads and ability to work regularly were also noted. Nearly all FSWs used the cup during sex, despite prior anxiety that a client would detect it and react negatively. In three instances, the FSWs reported that a client ""may"" have felt the disc, whilst noting just two clients ""may"" have felt something. None reacted badly. In summing up their experience, the FSWs spoke very positively about the disc, with the intention to keep wearing it in the future. Many clients were supportive of the disc but did not want to know whether an FSW was wearing it. The FSWs quickly adapted to using the disc, finding it a comfortable, reliable menstrual product with financial advantages. With clients remaining mostly unaware of its use, the FSWs enthusiastically embraced the disc with the intention to keep using it. These positive outcomes have implications for future scale-up and roll-out to other vulnerable female populations.",Frontiers in reproductive health
40652342,Bacterial vaginosis toxins impair sperm capacitation and fertilization.,"What effect do toxins produced by bacterial vaginosis (BV) bacteria have on sperm function? BV toxins dysregulate sperm capacitation and intracellular calcium homeostasis, and impair the ability of sperm to fertilize oocytes. In BV, which is linked to infertility, overgrowth of Prevotella and Gardnerella in the vagina is accompanied by elevated concentrations of the toxins lipopolysaccharide (LPS) and vaginolysin (VLY). This was a laboratory study in which human semen samples were collected from consenting healthy donors with normal semen parameters. Mouse sperm samples were obtained from the caudal epididymis. Motile mouse and human sperm were isolated via swim-up and treated under non-capacitating or capacitating conditions. LPS from Escherichia coli was commercially available. VLY was produced by cloning the Gardnerella VLY protein in the ClearColi expression system. Mouse sperm were pre-incubated in IVF medium with LPS or VLY and then co-cultured with ovulated cumulus-oocyte complexes. The effects of LPS and VLY on sperm motility and hyperactivation were assessed with computer-assisted sperm analysis. Effects on viability were assessed by Hoechst staining. Acrosomal exocytosis was assessed in sperm from transgenic Acr-eGFP mice and in human sperm stained with Pisum sativum agglutinin FITC. Intracellular calcium concentration was measured by using the calcium-sensitive dye Fluo-4 AM and fluorescence microscopy. The effects of LPS on sperm from CatSper knockout mice were assessed. Additionally, sperm were treated with a Toll-like receptor 4 (TLR4) antagonist and further exposed to LPS. Exposure of mouse sperm to LPS or VLY significantly decreased IVF (P < 0.05). Under capacitating conditions, both toxins initially increased mouse (P < 0.001) and human (P < 0.05) sperm hyperactivation, then significantly decreased sperm motility (P < 0.05), hyperactivation (P < 0.05), and acrosomal exocytosis (P < 0.01). These changes were accompanied by a rapid and irreversible increase in sperm intracellular calcium concentration. Effects of LPS, but not VLY, were prevented by polymyxin B, which binds LPS. The LPS-induced intracellular calcium increase required external calcium, but not the calcium channel CatSper, and was inhibited by a TLR4 antagonist. N/A. First, the commercially available LPS we used was isolated from Escherichia coli, rather than from the BV-associated bacteria Prevotella bivia. Second, we did not quantify the absolute sperm intracellular calcium concentration before or after LPS or VLY treatment. Third, all of our experiments were in vitro. These studies suggest that BV-associated toxins contribute to infertility, in part, by impairing sperm capacitation and reducing their fertilizing ability. This work was supported by the National Institutes of Health (grant number R01 HD069631 to C.M.S.). The authors declare that they have no conflict of interest.","Human reproduction (Oxford, England)"
42450199,Dynamics of Extracellular Traps in Vaginal Dysbiosis Associated with <i>Gardnerella vaginalis</i>: <i>Ex Vivo</i> Evidence from Neutrophils and Monocytes.,"Vaginal dysbiosis, particularly bacterial vaginosis (BV), is associated with altered immune responses that may influence the formation of extracellular traps (ETs). This study aimed to characterize neutrophil and macrophage extracellular traps (NETs and METs) in vaginal discharge samples obtained from women with normal microbiota (NM) and BV, with particular emphasis on <i>Gardnerella vaginalis</i> (GV) detection. An <i>ex vivo</i> analysis was performed using vaginal smears from 14 patients previously classified according to the Nugent criteria. Immunofluorescence assays targeting neutrophil elastase (NE), citrullinated histone H3 (Citr-H3), CD15, and CD68 were conducted, and quantitative image analysis was performed using the TissueFAXS and StrataQuest platforms. NETs were classified into three morphotypes: spread (<i>spr</i>), diffuse (<i>diff</i>), and aggregated (<i>agg</i>). BV samples exhibited a substantially higher mean NET count than NM samples (842.43 vs. 91.86). The number of <i>diff</i>NETs was significantly higher in BV samples than in NM samples (<i>p</i> = 0.004), whereas GV-positive samples showed increased <i>spr</i>NET abundance compared with that in negative samples (248 vs. 8; <i>p</i> < 0.05). CD68<sup>+</sup> cell counts were significantly higher in BV samples (<i>p</i> = 0.026), whereas no significant differences in NE or Citr-H3 fluorescence intensity were observed between groups. MET structures were also identified, suggesting macrophage involvement in the local immune response. Collectively, these findings indicate that vaginal dysbiosis and GV presence are associated with enhanced NET formation and distinct morphotype distributions, supporting a role for ETs in the immunopathology of BV.",International journal of molecular sciences
41936274,Endometrial microbiota in maternal-fetal tolerance: An in vitro study of extravillous trophoblasts and uNK cells.,"Accumulating clinical studies have reported the significance of endometrial microbiota during pregnancy, especially in assisted reproductive technology. Although there are discussions on the relationship between endometrial microbiota and immunological tolerance at the maternal-fetal interface, the data supporting these processes is still insufficient. We, therefore, investigated the effect of endometrial microbiota culture supernatants on maternal-fetal tolerance in vitro, focusing on extravillous trophoblasts (EVT) and uterine natural killer (uNK) cells, which constitute approximately 70% of lymphocytes in human uterine decidua in early pregnancy. The cells were treated with the culture supernatants of Lactobacillus crispatus, Lactobacillus iners, Gardnerella vaginalis, Klebsiella pneumoniae subsp. pneumoniae, and Enterobacter cloaca. Cell killing assay showed that the bacterial culture supernatant of L. crispatus significantly enhanced the cell killing ability of NK-92MI cells against Sw.71 cells., whereas that of K. pneumoniae decreased the cell killing rate. Western blotting showed that the L. crispatus supernatant significantly decreased the expression of leukocyte immunoglobulin-like receptor B1 (LILRB1) on NK-92MI cells. The culture supernatant of K. pneumoniae significantly increased human leukocyte antigen (HLA)-C, HLA-G, and programmed death-ligand 1 (PD-L1) expressions on Sw.71 cells, and promoted the secretion of sPD-L1 from the cells. The L. iners culture supernatant significantly decreased PD-L1 expression in Sw.71 cells. The present results suggest that endometrial microbiota may modulate EVT and uNK cell interaction and affect maternal-fetal tolerance during implantation and placentation. To improve infertility treatments and elucidate the pathophysiology of pregnancy complications, further clarification of the function of the endometrial microbiota during pregnancy is warranted.",Journal of reproductive immunology
42170966,Effects of nifuratel-based therapy combined with vaginal lactobacillus probiotics on microecological restoration in pregnant women with abnormal vaginal flora: A retrospective cohort study.,"Imbalances in the vaginal flora during pregnancy elevate risks for adverse outcomes. While nifuratel targets pathogens, probiotics restore acidity, and robust cohort evidence supporting their combined safety and efficacy in restoring the microbiome remains limited. This retrospective cohort study assessed nifuratel-nystatin therapy plus Lactobacillus probiotics for restoring vaginal flora in pregnancy. Employing a retrospective cohort design, this study enrolled pregnant women diagnosed with vaginal microecological abnormalities between March 2023 and 2024. Participants were allocated via 1:1 propensity score matching (PSM) into two groups (n=58 each): a combination group receiving nifuratel-nystatin therapy combined with vaginal Lactobacillus probiotics and a monotherapy group receiving nifuratel-nystatin alone. All received a 7-day treatment. The primary endpoint was clinical effectiveness assessed one week post-treatment. Secondary outcomes included vaginal pH, Lactobacillus and bacterial diversity normalization rates, recurrence, adverse pregnancy outcomes and drug-related adverse events, monitored until delivery. Multivariate logistic regression identified independent predictors of treatment efficacy. After PSM, baseline characteristics were balanced (P>0.05). The comparative analysis indicated a superior overall efficacy for the combination therapy (93.1%) over monotherapy (77.6%), with statistical significance (P<0.01) Both groups exhibited reduced vaginal pH and increased rates of normalized Lactobacillus and bacterial diversity, with greater improvements observed in the combination group (P<0.01). The recurrence rate was significantly lower in the combination group (8.6% vs. 22.4%; P<0.05), as was the total incidence of adverse pregnancy outcomes (6.9% vs. 20.7%; P<0.01). No significant difference in adverse drug reactions was found. Multivariate analysis identified combination therapy as an independent protective factor for clinical efficacy (aOR=4.25, 95% CI: 1.42-12.71, P<0.05). In pregnant women with vaginal dysbiosis, combining nifuratel-nystatin with Lactobacillus probiotics safely enhances clinical efficacy, normalizes pH and flora and reduces adverse pregnancy outcomes.",Pakistan journal of pharmaceutical sciences
42380834,Adjunct vaginal lactic acid with single-dose metronidazole for bacterial vaginosis: a randomized controlled trial.,"Bacterial vaginosis (BV) is a common cause of vaginal dysbiosis in women worldwide, often complicated by biofilm-associated recurrence. This randomized controlled trial aimed to evaluate whether adding a 7-day course of vaginal lactic acid to a single-dose oral metronidazole improves early ecological restoration and clinical outcomes compared with metronidazole alone. An open-label, randomized controlled trial was conducted at the Department of Obstetrics and Gynaecology, Faculty of Medicine Siriraj Hospital, Mahidol University, Thailand, from December 2023 to January 2026. Women aged 18-50 years with symptomatic BV (Amsel criteria) were randomized (1:1) to receive oral metronidazole 2 g single-dose (MET) or metronidazole plus 7-day vaginal lactic acid 5 g daily (METLAC). The primary outcome was quantitative recovery of vaginal Lactobacillus at 10-14 days, assessed by 16S rRNA gene qPCR. Secondary outcomes included clinical cure, symptom resolution, and recurrence. A total of 110 women were enrolled and randomized. Three participants were lost to follow-up, leaving 107 for the clinical analysis (MET n = 53; METLAC n = 54). Primary qPCR analysis was available for 101 participants. At 10-14 days, Lactobacillus 16S rRNA gene copy numbers increased significantly from baseline in both groups (p < 0.01). While the between-group difference in absolute Lactobacillus recovery was not statistically significant, the METLAC group demonstrated a numerically greater mean recovery and a higher proportion of microbiological responders (51.9% vs. 44.9%). Secondarily, at one week, the participant-reported clinical cure rate was 100% (54/54) in the METLAC group compared with 75.5% (40/53) in the MET group (absolute difference 24.5%; p < 0.001). Resolution of malodorous discharge was also significantly faster in the METLAC group. Recurrence rates at six months were 31.4% in the METLAC group and 21.6% in the MET group. Adjunct vaginal lactic acid added to single-dose oral metronidazole did not significantly improve early vaginal Lactobacillus recovery or reduce 6-month bacterial vaginosis recurrence. However, women receiving adjunct therapy experienced a significantly higher one-week clinical cure rate and faster malodor relief, with only mild and tolerable vaginal irritation. These findings suggest that adjunctive vaginal lactic acid provides a feasible short-term symptomatic treatment option in resource-limited Southeast Asian settings, although its role in improving long-term microbiological outcomes remains uncertain. Thai Clinical Trials Registry, TCTR20231106004 Registered on 6 November 2023.",BMC women's health
40885406,Systematic review of co-culture methods for studying vaginal biofilm formation in bacterial vaginosis.,"Bacterial vaginosis (BV) is characterized by depletion of Lactobacillus spp. and increased abundance of facultative and strict anaerobic species. Gardnerella spp. initiates biofilm formation associated with BV pathogenesis. Vaginal biofilms act as virulence factors and reduce the effectiveness of antibiotic treatment for BV. To systematically review the most commonly used methodologies for studying bacterial biofilms in bacterial vaginosis (BV), and to discuss how standardization can improve future studies. A search was conducted in PubMed, Virtual Health Library (VHL), and Embase databases for articles addressing BV biofilms in vaginal dysbiosis, resulting in 66 included studies. Non-original studies, those involving bacteria unrelated to the vaginal environment, fungal species, and studies whose methods did not include bacterial biofilm models were excluded. The risk of bias in the selected articles was assessed using the RobDEMAT tool for in vitro studies and the RoB2 tool for in vivo studies. The most commonly used method for biofilm experiments was the co-culture of Gardnerella vaginalis and Lactobacillus spp. Molecular-based studies consistently demonstrate the polymicrobial nature of vaginal biofilms, reinforcing the importance of utilizing co-culture assays with multiple bacterial species related to BV. Standardizing bacterial co-culture models will allow that data from future studies to be reproducible and comparable. This will optimize time and resources in the search for novel treatments for BV, including testing for prebiotic and probiotic candidates.",Journal of microbiological methods
41914628,Distinct vaginal microbial signatures in pregnancies complicated by antiphospholipid syndrome: depletion of <i>Lactobacillus johnsonii</i> and enrichment of <i>Bifidobacterium dentium</i>.,"Antiphospholipid syndrome (APS) is a systemic autoimmune disease that contributes substantially to recurrent pregnancy loss, fetal death, intrauterine growth restriction, and preeclampsia, posing major threats to maternal and fetal health. These obstetric complications exhibit clinical similarities to those resulting from vaginal dysbiosis, yet the vaginal microbiota in APS pregnancies has not been systematically investigated. In this study, we characterized the vaginal microbiome in 33 pregnant women with APS and 90 healthy controls using 16S rRNA gene sequencing. We identified a unique microbial signature in APS pregnancies that differed from the commonly observed pattern of increased microbial diversity and <i>Lactobacillus</i> depletion seen in classical vaginal dysbiosis. Specifically, while overall alpha diversity and <i>Lactobacillus</i> dominance were preserved, we observed distinct compositional restructuring characterized by selective depletion of <i>Lactobacillus johnsonii</i> and marked enrichment of <i>Bifidobacterium dentium</i>. A logistic regression model integrating the relative abundances of these microbial biomarkers demonstrated robust diagnostic performance in differentiating pregnancies with APS from healthy pregnancies, with risk scores significantly correlating with clinical parameters and pregnancy outcomes. This study demonstrates that pregnant women with APS display a distinct vaginal microbiome pattern defined by species-specific compositional restructuring rather than global dysbiosis. These microbial alterations may contribute to APS-related pregnancy morbidity, highlighting vaginal microbial signatures as promising noninvasive biomarkers for risk stratification and potential therapeutic targets in obstetric APS management. Antiphospholipid syndrome (APS) is an autoimmune disease that causes recurrent miscarriage, fetal death, and pregnancy complications in women of reproductive age. While coagulation dysfunction is a known contributing factor, whether APS is accompanied by vaginal microbiota alterations and their role in adverse outcomes remains unclear. We discovered that pregnant women with antiphospholipid syndrome harbor a unique vaginal microbial community: they exhibit depletion of the protective species <i>Lactobacillus johnsonii</i> while showing enrichment of <i>Bifidobacterium dentium</i>, a bacterium typically found in the gut. Unlike typical vaginal infections that display widespread microbial dysbiosis, antiphospholipid syndrome induces only selective alterations in specific bacterial species. These microbial signatures correlated with hematological parameters and adverse pregnancy histories, including prior miscarriages. Our findings suggest that monitoring vaginal microbiota could provide a simple, noninvasive approach to identify high-risk pregnancies in women with antiphospholipid syndrome and may guide novel screening strategies for pregnancy-related disorders targeting the vaginal microbiome.",Microbiology spectrum
42404294,"Vaginal Microecological Imbalance, Human Papillomavirus Infection, and Cervical Carcinogenesis: Mechanisms and Clinical Implications.","The vaginal microecology serves as a critical barrier for female reproductive tract health, with its dysbiosis being closely linked to persistent HPV infection and the initiation and progression of cervical cancer. This review systematically outlines the composition and functions of the vaginal microbiota and delves into the multifaceted mechanisms by which microecological imbalance promotes human papillomavirus (HPV) acquisition, persistence, and oncogenic transformation. These mechanisms include dysregulation of local and systemic immunity, chronic inflammation, alterations in microbial metabolites, and disruption of the epithelial barrier. Furthermore, the article synthesizes recent advancements in novel strategies for cervical cancer prevention, auxiliary diagnosis, and treatment based on microecological modulation. The overarching aim is to provide a consolidated theoretical foundation and identify potential therapeutic targets for the precise prevention and management of cervical cancer, highlighting the pivotal role of maintaining or restoring vaginal microbial homeostasis.",International journal of general medicine
40576334,Syntrophic bacterial and host-microbe interactions in bacterial vaginosis.,"Bacterial vaginosis (BV) is a common, polymicrobial condition of the vaginal microbiota that is associated with symptoms such as malodor and excessive discharge, along with increased risk of various adverse sequelae. Host-bacteria and bacteria-bacteria interactions are thought to contribute to the condition, but many of these functions have yet to be elucidated. Using untargeted metaproteomics, we identified 1068 host and 1418 bacterial proteins in a set of cervicovaginal lavage samples collected from 20 participants with BV and 9 who were negative for the condition. We identified Dialister micraerophilus as a major producer of malodorous polyamines and identified a syntrophic interaction between this organism and Fannyhessea vaginae that leads to increased production of putrescine, a metabolite characteristic of BV. Although formate synthesis has not previously been noted in BV, we discovered diverse bacteria associated with the condition express pyruvate formate-lyase enzymes in vivo and confirm these organisms secrete formic acid in vitro. Sodium hypophosphite efficiently inhibited this function in multiple taxa. We also found that the fastidious organism Coriobacteriales bacterium DNF00809 can metabolize formic acid secreted by Gardnerella vaginalis, representing another syntrophic interaction. We noted an increased abundance of the host epithelial repair protein transglutaminase 3 in the metaproteomic data, which we confirmed by enzyme-linked immunosorbent assay. Other proteins identified in our samples implicate Finegoldia magna and Parvimonas micra in the production of malodorous trimethylamine. Some bacterial proteins identified represent novel targets for future therapeutics to disrupt BV communities and promote vaginal colonization by commensal lactobacilli.",The ISME journal
42119192,"Lactobacillus iners at the nexus of microbiota, immunity, and pregnancy.","Pregnancy induces a dynamic reconfiguration of the vaginal microbiome, typically marked by increased dominance of Lactobacillus species and reduced microbial diversity. Among these bacteria, Lactobacillus iners stands out for its unique genomic traits, controversial associations with vaginal health, and frequent presence across all stages of gestation. This review synthesizes current literature on the maternal microbiome with a focus on L. iners, exploring its strain-level diversity, metabolic idiosyncrasies, and inflammatory potential. We discuss how host factors such as ethnicity, sexual activity, maternal age, and especially obesity, influence microbial composition, and evaluate conflicting data surrounding L. iners in contexts like in vitro fertilization, preterm birth, and postpartum recovery. Emerging evidence suggests that L. iners may act as a transitional species, whose effect on pregnancy outcomes depends on its abundance, genetic features, and interactions with the host immune system. We also assess limitations of current animal models and propose future directions for understanding this enigmatic bacterium. Unraveling the role of L. iners will be essential to predicting, preventing, and managing adverse pregnancy outcomes in diverse populations.",Journal of reproductive immunology
41721237,Strain-level heterogeneity in Gardnerella urinary tract persistence and pathogenesis in an in vivo model is consistent with comparative phylogenomic analyses.,"BACKGROUND: Gardnerella is a bacterial genera commonly present in the female urogenital tract, especially in bacterial vaginosis. Gardnerella are frequently detected in urine collected directly from the bladder and have been implicated in urinary incontinence and recurrent urinary tract infections. Understanding the contribution of Gardnerella to pathogenesis is complicated by its genetic heterogeneity and a shortage of data from in vivo models. One clinical isolate of Gardnerella triggered urothelial exfoliation and promoted urinary tract infection by uropathogenic E. coli in a mouse model. This study was designed to compare diverse Gardnerella strains in vivo to identify genomic variation associated with urinary tract persistence and pathogenesis. METHODS: Eighteen Gardnerella strains from the four main clades were inoculated transurethrally into female C57BL/6 mice. Bacteriuria was monitored by quantitative culturing and pathologic features were assessed in bladder tissues. Pan-genome phylogenetic analyses were performed to identify genes associated with in vivo phenotypes, including long- and short-term bacteriuria, urothelial exfoliation, and edema. Genes that were significantly associated to phenotype were matched against a pangenome analysis of 291 publicly available Gardnerella genomes to determine the conservation of these putative colonization and virulence factors across the genus. RESULTS: Clade 2 strains were more persistent, whereas the other three clades caused transient bacteriuria or were undetectable. Clade 2 and 4 strains induced urothelial exfoliation, and clades 2, 3 and 4 triggered edema. Forty-five genes were significantly associated with persistence and pathogenicity. Among the 291 publicly available genomes, clade 2 strains encoded more of the bacteriuria-associated genes than strains in the other three clades. Exfoliation-associated genes were present in most clade 4 strains. Clade 3 strains lack most of the in vivo associated genes, whereas clade 1 strains were more heterogeneous. CONCLUSIONS: This study provides in vivo evidence for differential urinary tract colonization and pathogenesis by different clades/species within the genus Gardnerella and identifies new putative persistence and virulence factors. Pangenome analysis predicted that clade 2 Gardnerella are the most likely to persist in the urinary tract and that clades 2 and 4 have the highest uropathogenic potential. These findings inform future targeted screening and treatment approaches aimed at limiting harmful Gardnerella urinary tract exposures.",BMC microbiology
42015254,Modular biosynthesis of microbiome-derived polyketides and nonribosomal peptides: insights and opportunities for Lactobacillaceae.,"Lactobacillaceae are a heterogeneous group of Gram-positive bacteria that play key roles in microbiome-dense ecosystems, particularly in mucosal habitats such as the vagina and gut, as well as in fermented foods. Widely recognized for their beneficial properties and broad applicability, they are best known for producing lactic acid and other small carboxylic acids. In contrast, their capacity to produce specialized metabolites, especially nonribosomal peptides and polyketides, has remained underexplored. These compounds, traditionally studied in soil-dwelling bacteria, are often assembled by large, multi-modular enzyme complexes, and include molecules with antibiotic, immunomodulatory and anticancer activities. Recent genomic surveys revealed that, despite their smaller genomes, Lactobacillaceae harbor numerous biosynthetic gene clusters encoding these metabolites, though only a handful has been experimentally characterized to date. Interestingly, the characterized examples display unusual domain architectures, atypical biosynthetic pathways, and novel chemical transformations. This review synthesizes current knowledge on the diversity, biosynthetic pathways and functional roles of specialized metabolites in Lactobacillaceae, and highlights their largely underexplored potential as one of the most important health-associated bacterial families known to date. Revealing their chemical repertoire not only expands our understanding of microbial specialized metabolism but also defines their roles in food preservation, plant health, and in preventing and treating infections across microbiome-rich mucosal ecosystems.",Microbial cell factories
41791311,In-silico design of a multi-epitope vaccine targeting conserved transmembrane proteins of Gardnerella vaginalis using immuno-informatics approach.,"Gardnerella vaginalis is one of the major etiological agents of bacterial vaginosis, which form persistent biofilms and impair the efficacy of antimicrobial agents and trigger recurrent episodes. As no licensed vaccine is currently in existence, computation-aided vaccinology is an affordable method to discover new immunogenic targets. The present study was carried out to develop multi-epitope subunit vaccine against conserved transmembrane proteins of G. vaginalis, utilizing an immune-informatics pipeline. Transmembrane proteins were identified as conserved by ClustalW multiple sequence alignment: C5a peptidase, phosphatidate cytidylyltransferase, and ATP-dependent zinc metalloprotease. Predictive tests of antigenicity, allergenicity and toxicity were performed using established tests. Cytotoxic T-cell (CTL), helper T-cell (HTL), and B-cell epitopes were screened for antigenicity, population coverage, and non-allergenicity and were assembled by means of flexible linkers using v -defensin as adjuvant. The three-dimensional structure of the vaccine was designed, optimized and validated. Molecular docking with Toll-like receptors TLR2 and TLR4, and HLA-DRB1. Complex stability was examined by the molecular dynamics simulations (100 ns), and the potential for immunogenicity of the vaccine was predicted using an immune simulation. The selected epitopes were of high antigenicity with wide range of HLA coverage. Docking studies showed high binding affinities in the order of -65 to -80 a.u and predicted stable complex formation. The stability was validated by molecular dynamics simulations. Immune simulations predicted strong immune responses with high IgG/IgM titers, high IFN- and IL-2 secretion, and activation of memory B and T cells. Codon optimization for E. coli K12 resulted in a codon adaptation index of 0.97 and a GC content of 53.2%, suggesting good expression properties. The multi-epitope vaccine built in this study has an excellent theoretical immunogenicity, structural stability, and expression potential, which confirms its potential for experimental validation with in vitro and in vivo studies.",Journal of infection and public health
41839898,A microbiota-host axis mediates prostaglandin sensitivity: Lactobacillus crispatus as a biomarker and regulator of human labor induction.,"Labor induction failure increases the risk of unplanned cesarean delivery and maternal-neonatal complications. However, the determinants of induction sensitivity remain poorly understood. In this prospective cohort of 85 term pregnant women undergoing labor induction with Propess® (prostaglandin E2), we combined full-length 16S rRNA sequencing of the vaginal microbiota, untargeted metabolomics of vaginal secretions, and transcriptomic analysis of cervical stromal cells exposed to Lactobacillus crispatus supernatant to identify predictive factors and underlying mechanisms. We found that women with a poor induction response exhibited higher vaginal microbiota α-diversity and a significant reduction in L. crispatus abundance. The relative abundance of L. crispatus predicted induction success with an area under the curve (AUC) of 0.80 (95% CI: 0.70-0.90). Metabolomic analysis revealed distinct vaginal metabolic alterations in induction-insensitive women. Importantly, in vitro experiments showed that L. crispatus supernatant directly modulates the transcriptome of cervical stromal cells, upregulating genes involved in uterine contraction, tissue remodeling, and immune regulation. Our results identify vaginal L. crispatus as a key biomarker for labor induction sensitivity and elucidate a potential mechanism by which it primes the cervix for prostaglandin response. These findings provide a novel microbiota-host interaction framework for personalizing induction strategies in precision obstetrics.",NPJ biofilms and microbiomes
42182226,Microbiome Composition Regulates Cathepsin Expression in Vaginal Fluid Across BV Diagnoses and Community State Types.,"Bacterial vaginosis (BV) is associated with disruption of the vaginal microbiome and extracellular matrix (ECM) remodeling, yet the contribution of host proteases to this process remains unclear. This study investigated whether expression and activity of cathepsins K, L, S, and V differ by BV diagnosis and community state type (CST). We hypothesized that BV and BV associated CSTs would exhibit increased expression and activity of collagen and elastin-degrading cathepsins. Vaginal fluid samples were collected and classified by BV diagnosis and CST. Cathepsin expression was evaluated by Western blotting to distinguish inactive and active enzyme forms. Proteolytic activity was assessed using multiplex cathepsin zymography. Statistical analyses compared cathepsin expression and activity across diagnoses and CSTs. Principal component analysis and linear regression were performed to assess associations between cathepsin activity, microbial diversity, and CST. Procathepsin K expression was significantly increased in BV-positive and CST IV samples, while total cathepsin L expression was significantly elevated in samples with Nugent-intermediate scores. Cathepsins S and V showed variation in inactive and active forms in Nugent-intermediate and CST III samples. In contrast, total cathepsin activity, including cathepsins K and V, did not significantly differ across BV diagnoses or CSTs. Overall, cathepsin activity varied between individuals rather than by clinical classification. Cathepsin expression and maturation state differ by microbiome composition, suggesting that the vaginal microbiome may regulate post-translational processing of cathepsins. As a result, cathepsin activity appears to be regulated at the individual level rather than strictly by BV diagnosis or CST. These findings link vaginal microbiome composition to ECM remodeling and potential adverse reproductive outcomes.",bioRxiv : the preprint server for biology
41062948,Unveiling the microbial shift: the impact of group B Streptococcus on vaginal microbiota and inflammation in late pregnancy.,"Group B Streptococcus (GBS) commonly colonizes the female reproductive tract and rectum. An estimated 19.7 million pregnant women worldwide are colonized with GBS. Infection during late pregnancy can lead to adverse pregnancy outcomes. Pregnant women infected with GBS face a significantly increased risk of transmitting the bacteria to their newborns during delivery, potentially resulting in serious conditions such as sepsis, pneumonia, and meningitis major contributors to neonatal morbidity and mortality. While previous studies have primarily focused on the prevalence of GBS colonization in pregnant women, its effects on the vaginal microbiota and systemic inflammation remain underexplored. This study aims to investigate the alterations in vaginal microbiota associated with GBS colonization during late pregnancy and to examine correlations between microbiota composition and systemic inflammatory markers in GBS-positive pregnant women. Pregnant women in late gestation undergoing routine prenatal care were classified into GBS-negative (n = 19) and GBS-positive (n = 20) groups based on their GBS infection status. Vaginal microbiota composition was analyzed using 16 S rRNA gene sequencing to assess the impact of GBS infection. Additionally, the relationship between microbiota profiles and systemic inflammatory markers was evaluated in the GBS-positive group. GBS-positive women exhibited significant shifts in vaginal microbiota, notably a reduction in Lactobacillus dominance and an increased abundance of pathogenic taxa such as Gardnerella vaginalis and Streptococcus agalactiae. These microbial changes were associated with elevated systemic inflammatory markers, including neutrophil count (NEU), neutrophil percentage (NEU%), high-sensitivity C-reactive protein (hs-CRP), interleukin-6 (IL-6), procalcitonin (PCT), and erythrocyte sedimentation rate (ESR), suggesting a link between vaginal dysbiosis and systemic inflammation. LEfSe analysis revealed an enrichment of Gemella in GBS-negative women and a predominance of Gardnerella in the GBS-positive group. Correlation analysis showed that Bifidobacterium was positively associated with hs-CRP and IL-6 levels, while Lactobacillus was inversely correlated with hs-CRP, IL-6, and ESR (P < 0.05). Additionally, Dialister and Prevotella were positively associated with ESR (P < 0.05). GBS colonization disrupts the balance of the vaginal microbiota, contributing to a pro-inflammatory state that may heighten the risk of adverse pregnancy outcomes. In comparison to women who are not colonized by GBS, GBS colonization may be associated with a decrease in the abundance of Lactobacillus jensenii and Lactobacillus reuteri, as well as an increase in Gardnerella vaginalis and Lactobacillus johnsonii. Restoring Lactobacillus (specific microbial species) dominance may help mitigate inflammation and promote maternal and fetal health. Future research should focus on longitudinal monitoring of microbiota dynamics and the development of targeted interventions to prevent or manage GBS-related complications.",BMC microbiology
42337942,The Role of Enterococcus faecium in the Synergistic Clearance of High-Risk HPV: A Clinical Study on Cervicovaginal Microbiota Regulation.,"Persistent infection with high-risk human papillomavirus (HR-HPV) is defined as the principal cause of cervical cancer. Given the important role of cervicovaginal microbiota in HPV acquisition and disease progression, this study aims to evaluate the clinical efficacy of the probiotic Enterococcus faecium (E. faecium) in synergistically promoting clearance of persistent HR-HPV infection. We conducted a prospective clinical study involving 365 female patients with persistent HR-HPV infection. Following necessary anti-infective treatment, participants were allocated by their preference to one of three groups: an intervention group receiving E. faecium supplementation (n = 124), a regular follow-up group (n = 120), or a blank control group (n = 121). Their HR-HPV status and microecological parameters were assessed at 0, 6, and 12 months. Additionally, 24 participants were selected for 16S rRNA sequencing to analyze changes in the cervicovaginal microbiota composition during the follow-up period. Supplementation with E. faecium resulted in a significantly higher HPV clearance rate compared to the regular follow-up and control groups (55.65% vs. 29.17% vs. 13.22%, p < 0.001). Multivariate analysis confirmed that smoking (OR = 0.110, 95% CI 0.014-0.857, p = 0.035) and duration of persistent HPV infection (OR = 0.872, 95% CI 0.794-0.958, p = 0.004) were independent factors affecting HPV clearance. In the experimental group, the ecological shift was evidenced by a marked increase in the abundance of Lactobacillus (from 54.01% to 75.65%) and a significant reduction in several pathobionts, including Atopobium, Prevotella, and Staphylococcus (p < 0.001). Importantly, the abundance of Lactobacillus was substantially higher in HPV-negative individuals than in those with persistent infection (93.78% vs. 29.96%, p < 0.001). Our findings indicate that in women with persistent HR-HPV infection, E. faecium supplementation was associated with higher rates of HPV negativity and a shift toward a Lactobacilli-dominated vaginal microbiota, although causal relationships and underlying mechanisms require further investigation.",Cancer medicine
42492757,Metabolic Reprogramming and Taxonomic Drivers in Bacterial Vaginosis: A Large-Scale Metagenomic Meta-Analysis.,"Bacterial vaginosis (BV) represents a profound ecological shift from a Lactobacillus-dominated microbiota to a diverse polymicrobial biofilm associated with adverse outcomes. While taxonomic signatures are well-documented, the functional mechanisms driving this transition remain obscured. This study elucidates the genomic potential for metabolic reprogramming and the putative ""functional handover"" underpinning the stability of the dysbiotic state. A computational meta-analysis of 3,557 vaginal microbiomes from diverse global cohorts was performed using the standardized MGnify pipeline. A high-resolution subset of 187 whole-genome shotgun (WGS) metagenomes was stratified to compare functional potential across demographic groups. Taxon-function interaction networks were constructed, utilizing a dual-filter statistical approach (p < 0.05 and effect size ranking), to map the shift from homeostatic maintenance to dysbiotic metabolic potential. BV was characterized by a fundamental shift from ""maintenance"" pathways to high-turnover ""growth-oriented"" genomic repertoires. While ABC transporter-like domains were present in healthy communities, dysbiosis was marked by a quantitative expansion and diversification of these systems alongside P-loop NTPases. Network analysis revealed a putative ""functional handover"": while Gardnerella serves as the adherent structural scaffold, the metabolic burden appears to be associated with secondary anaerobes, specifically BVAB1 and Sneathia, which exhibit strong genomic correlations with nutrient transport and stress response pathways. Crucially, microbiomes from women of African ancestry (Black cohort) exhibited a distinct functional profile with genomic signatures consistent with functions previously associated with resistome expansion (e.g., tetracycline/macrolide resistance), contrasting with Asian cohorts. BV is a state of metabolic reprogramming where genomic functional dominance is transferred from Lactobacillus to a cooperative network of anaerobic opportunists. Identifying BVAB1 and Sneathia as candidate metabolic engines, supported by a Gardnerella scaffold, challenges current therapeutic paradigms and highlights the potential for precision medicine targeting specific functional drivers and resistome profiles across diverse populations.",Anaerobe
42454935,Integrated multi-omics analysis reveals gut microbiota-associated placental metabolic and transcriptomic alterations in placenta previa.,"Placenta previa is a major obstetric complication, yet its potential association with maternal microbiota-associated biological alterations remains largely unexplored. This study aimed to investigate microbiota-associated metabolic and transcriptomic alterations in placenta previa using an integrated multi-omics approach. A total of 72 third-trimester pregnant women (28 with complete placenta previa and 44 controls) were enrolled. Maternal gut, oral, and vaginal microbiota were profiled using 16S rRNA gene sequencing, while placental tissues underwent targeted short-chain fatty acid (SCFA) metabolomic profiling and RNA sequencing. Multi-omics integration, ecological network analysis, and pathway enrichment analyses were performed to identify microbiota-associated biological alterations linked to placenta previa. Global microbial diversity remained largely preserved across maternal body sites in placenta previa. However, gut microbiota demonstrated prominent ecological network remodeling and was associated with coordinated placental SCFA and transcriptomic alterations. Several placental SCFAs, including acetic acid, propionic acid, isobutyric acid, and isovaleric acid, exhibited increased abundance trends in placenta previa. Integrated metabolomic and transcriptomic analyses convergently identified cholinergic synapse signaling as a shared altered pathway. In addition, cholinergic signaling-related genes, including CHRNB4 and GNB5, demonstrated coordinated associations with altered placental SCFAs and specific gut microbial taxa. These findings suggest the existence of a potential gut microbiota-placental metabolite-transcriptome axis associated with placenta previa. Multi-omics convergence on cholinergic synapse signaling highlights a potential biological pathway linking gut microbiota-associated metabolic alterations with placental transcriptomic remodeling in placenta previa. Placenta previa is a major obstetric complication with poorly understood biological mechanisms beyond established anatomical and clinical risk factors. This study provides the first integrated multi-omics investigation linking maternal microbiota, placental short-chain fatty acids (SCFAs), and placental transcriptomic alterations in placenta previa. Rather than identifying broad microbial ecosystem disruption, we observed coordinated ecological remodeling of gut microbiota together with altered placental SCFA profiles and transcriptomic pathways. Notably, metabolomic and transcriptomic analyses convergently implicated cholinergic synapse signaling as a shared altered pathway associated with placenta previa. These findings support the existence of a potential gut microbiota-placental metabolite-transcriptome axis and provide new biological insights into microbiota-associated signaling alterations in placenta previa.",mSystems
41803692,Infant gut microbiota coverage by different culture media.,"BACKGROUND: Culture-independent methods, such as sequencing, have been a breakthrough, but do not allow for complete genetic, biochemical, and phenotypic characterization at strain level. To fully characterize the gut microbiota, effective culture-based methods are needed to complement culture-independent methods. AIM: This study aims to identify the culture media and supplements to culture a wide range of bacteria from the infant microbiota. METHODS: Faecal samples from a one-year-old Caesarean section born baby, and a two-year-old vaginally born baby were grown in 40 different combinations of growth media, supplements and atmosphere. Colonies taxonomically annotated based on 16S rRNA gene sequences, and a generalized linear model was used to determine the effect of the growth conditions on colony number and species diversity per family. RESULTS: Rich non-selective media did not support a broad diversity. A combination of selective media preparations targeting different bacterial groups resulted in better coverage of the total community. A combination of 3 formulations was able to capture 80% of the core infant gut genera: modified De Man-Rogosa-Sharpe (mMRS) with mupirocin, Gifu Anaerobic Medium (GAM) with ciprofloxacin and erythromycin and acidified MRS (MRS5.4) in microaerobic conditions. For species-level diversity, MRS5.4 produced the highest diversity of Bifidobacteriaceae and Enterococcaceae, but other base media did not significantly differ in terms of obtained diversity. However, the addition of specific antibiotics was critical in increasing the observed species-level diversity of bacterial families. Within species, some strains show media preference, and often a combination of media was required to capture the full spectrum of strains. CONCLUSION: Using a range of base media, supplements, and growth conditions, we were able to culture a large fraction of the core infant gut bacteria. We find that media specificity of infant gut bacterial isolates often deviates from existing information, and our findings could aid choice of media and growth conditions in future culture-based studies of the infant gut microbiota.",BMC microbiology
40783570,Impact of a multi-strain L. crispatus-based vaginal synbiotic on the vaginal microbiome: a randomized placebo-controlled trial.,"A clinical trial of a multi-strain vaginal synbiotic (NCT05659745, registered 12/19/2022 at clinicaltrials.gov) led to an optimal vaginal microbiome dominated by L. crispatus (CST I). The synbiotic led to a significant increase in L. crispatus compared to placebo (p < 0.05), and conversion to CST I was significantly higher with the vaginal synbiotic than with placebo (90 vs 11%; p < 0.002). Mechanistically, the synbiotic reduced Gardnerella vaginalis and Candida, clinically important microbes.",NPJ biofilms and microbiomes
42249714,Shifts in the vaginal microbiota of nulliparous ewe lambs following initial reproductive handling and estrus synchronization.,"Current knowledge of the ovine vaginal microbiota is limited to adult ewes, leaving the bacterial community of nulliparous ewes and its dynamics during their first reproductive handling undefined. This study aimed to characterize the vaginal microbiota of ewe lambs prior to their first breeding and to evaluate the changes caused by routine handling and estrus synchronization. A total of 66 vaginal samples were collected from 22 nulliparous Latxa ewe lambs at three time points: baseline, post-handling, and post-estrus synchronization using intravaginal devices containing oxytetracycline. Bacterial composition was characterized by sequencing the V3-V4 hypervariable regions of the 16S rRNA gene. Data were processed using DADA2 to infer Amplicon Sequence Variants, and ecological shifts were evaluated through beta and alpha diversity metrics, alongside differential abundance analysis with ANCOM-BC2. A baseline community was revealed, with high diversity and inter-individual variability. This initial state was dominated by the phylum Firmicutes and showed a strong connection to the gut microbiota, including enteric genera such as Fibrobacter, Rikenellaceae RC9 gut group, and Lachnospiraceae NK3A20 group. The first physical examination caused a significant shift in community structure (beta diversity P = 0.001), marked by a rapid drop in these gut-associated bacteria and an increase in opportunistic genera such as Trueperella (log2FC = 2.18; Padj < 0.05). The subsequent synchronization treatment further reduced both alpha and beta diversity, creating a uniform environment where genera such as Aerococcus, Corynebacterium, Finegoldia, and Trueperella increased, while Alistipes, Acinetobacter, and Jeotgalicoccus decreased (Padj < 0.05). Despite these changes, the cohort achieved an 89% pregnancy rate via natural mating. Routine handling and synchronization protocols induce temporary shifts in the vaginal microbiota, decreasing diversity and promoting some opportunistic genera. Crucially, the high fertility rate achieved suggests that these ecological alterations are compatible with successful conception under natural mating conditions.",Journal of animal science
41910192,Exploratory analyses of cervicovaginal mucus O-glycan composition and microbiota profiles in unexplained infertility.,"In addition to the specific causes of infertility, two components of the vaginal ecosystem, the vaginal microbiota and the cervicovaginal mucus (CVM), may be associated to reduced fecundity and the success of infertility treatments. The aim of this study was to explore the composition of the CVM O-glycans and vaginal microbiota in women with unexplained infertility. We collected CVM and vaginal swab samples during medically induced ovulation from 19 women with unexplained infertility. Mucin O-glycosylation profiles were generated through Matrix-Assisted Laser Desorption/Ionization Time-Of-Flight (MALDI-ToF) mass spectrometry and taxonomic profiles of the vaginal microbiota through 16S rRNA gene amplicon sequencing. Altogether 57 O-glycan structures were identified, dominated by core 1 and 2 structures. A significant proportion, nearly 85%, of the glycans were fucosylated and five structures dominated the profiles, accounting for >50% of the glycans observed in most samples. The vaginal microbiota of the patients was dominated by Lactobacillus crispatus (79%), followed by Lactobacillus jensenii (32%) and Lactobacillus iners (21%) and Gardnerella vaginalis (5%, single sample). PERMANOVA analysis indicated significant associations between the glycan structures and dominant taxa (q = 0.0011, R2 = 0.37). This exploratory study provides initial insights into the composition and variation of CVM O-glycans in unexplained fertility and in relation to the vaginal microbiota composition, laying a groundwork for future research.",Glycobiology
41779015,"Further dissection of <i>Gardnerella vaginalis</i>: description of <i>Gardnerella lacydonensis</i> sp. nov. (formerly genomic species 2), <i>Gardnerella bretellae</i> sp. nov. (formerly genomic species 9), <i>Gardnerella massiliensis</i> sp. nov. (formerly genomic species 14) and <i>Gardnerella phocaeensis</i> sp. nov.","Four bacterial strains - Marseille-Q9181<sup>T</sup>, Marseille-QA0894<sup>T</sup>, Marseille-Q9179<sup>T</sup> and Marseille-Q2328<sup>T</sup> - were isolated, the first three from vaginal samples and the last from a blood sample. MALDI-TOF MS analysis failed to assign these isolates to any known species within the genus <i>Gardnerella</i>. Consequently, phenotypic and taxonogenomic characterizations were conducted. All four strains were Gram-negative, non-motile and non-spore-forming coccobacilli. Strains Marseille-Q9181<sup>T</sup>, Marseille-Q2328<sup>T</sup> and Marseille-Q9179<sup>T</sup> were facultative anaerobes with microaerophilic capabilities, whereas Marseille-QA0894<sup>T</sup> was strictly anaerobic and microaerophilic. The dominant fatty acids (>10%) identified in strains Marseille-Q9181<sup>T</sup>, Marseille-QA0894<sup>T</sup> and Marseille-Q2328<sup>T</sup> were C<sub>16 : 0</sub>, C<sub>18 : 1</sub> ω9c and C<sub>18 : 0</sub>. In strain Marseille-Q9179<sup>T</sup>, C<sub>18 : 0</sub> was also among the most abundant fatty acids, along with the aforementioned three. Digital DNA-DNA hybridization (dDDH) values for strains Marseille-Q9181<sup>T</sup>, Marseille-QA0894<sup>T</sup> and Marseille-Q2328<sup>T</sup> against <i>Gardnerella vaginalis</i> 1400E (genomic species 2), <i>G. vaginalis</i> 6119V5 (genomic species 9) and <i>G. vaginalis</i> NR010 (genomic species 14) were 72.1%, 72.4% and 75.5%, respectively. The corresponding OrthoANI values were 96.99%, 97.16% and 97.66%, all above the species demarcation threshold. In contrast, strain Marseille-Q9179<sup>T</sup> exhibited both dDDH and OrthoANI values below the accepted thresholds (70% and 95-96%, respectively), suggesting that it represents a novel genomic lineage. Based on comprehensive phenotypic and genomic analyses, we propose that these strains represent four new species within the genus <i>Gardnerella</i>, for which the following names are proposed: <i>Gardnerella lacydonensis</i> sp. nov. (type strain: Marseille-Q9181<sup>T</sup>=CSUR Q9181<sup>T</sup>=CECT 31121<sup>T</sup>), <i>Gardnerella bretellae</i> sp. nov. (type strain: Marseille-QA0894<sup>T</sup>=CSUR QA0894<sup>T</sup>=CECT 31122<sup>T</sup>), <i>Gardnerella massiliensis</i> sp. nov. (type strain: Marseille-Q2328<sup>T</sup>=CSUR Q2328<sup>T</sup>=CECT 30239<sup>T</sup>) and <i>Gardnerella phocaeensis</i> sp. nov. (type strain: Marseille-Q9179<sup>T</sup>=CSUR Q9179<sup>T</sup>=CECT 31120<sup>T</sup>).",International journal of systematic and evolutionary microbiology
41898793,"Miscarriage and the Microbiome: Host Genetics, Immunity, and the Reproductive Tract Ecosystem.","<b>Background/Objectives:</b> Pregnancy loss is a common and multifactorial complication of human reproduction, traditionally attributed to fetal chromosomal abnormalities, maternal anatomical and endocrine disorders, and immune dysfunction. Growing evidence now indicates that the maternal microbiome, particularly within the reproductive tract, plays a critical role in implantation, placental development, and the maintenance of immune tolerance during early pregnancy. Importantly, the influence of the microbiome on miscarriage appears to be strongly modulated by host genetic background and immune regulation. <b>Methods:</b> This narrative review summarizes current evidence linking alterations in the vaginal, endometrial, placental, and gut microbiomes to miscarriage, with a specific focus on host genetics and immune-microbial interactions. <b>Results:</b> We discuss how genetic variation in innate and adaptive immune pathways, inflammatory signaling, and mucosal barrier function may shape host responses to microbial communities, thereby influencing susceptibility to PL. In addition, we highlight emerging data on microbiome-driven regulation of gene expression and epigenetic modifications in the endometrium and decidua, emphasizing the role of microbial metabolites in immune tolerance and placental function. <b>Conclusions:</b> By integrating findings from microbiome research, host genomics, immunology, and epigenetics, this review proposes a framework in which miscarriage is viewed as a consequence of disrupted host-microbe crosstalk rather than isolated pathology. Finally, we address key methodological challenges and outline future research directions aimed at advancing mechanistic understanding and translational applications.",Genes
42276420,Visual detection of five common vaginitis pathogens by multiplex recombinase polymerase amplification combined with lateral flow strips.,"Vaginitis frequently poses serious threats to women's health. If left untreated, it can increase the risk of infection by other pathogens such as HPV, leading to cervical dysplasia. This study developed a rapid detection method based on multiplex recombinase polymerase amplification (mRPA) combined with lateral flow strips (LFS) for the simultaneous identification of five common vaginitis pathogens: Neisseria gonorrhoeae, Gardnerella vaginalis, Candida albicans, Ureaplasma urealyticum, and Trichomonas vaginalis. The novelty of this technology lies in the fact that, the 5' end of the RPA primer was modified by a nucleic acid tagged (NAT) sequence to complementarily pair with the LFS capture probe. The entire testing process can be completed within 50-55 min and provides visual results. Furthermore, the lowest detection limits of the platform for Neisseria gonorrhoeae, Gardnerella vaginalis, Candida albicans, Ureaplasma urealyticum, and Trichomonas vaginalis respectively were 1.5 × 10 CFU/mL, 1.5 × 10<sup>2</sup> CFU/mL, 1.5 × 10 CFU/mL, 1.35 × 10<sup>2</sup> copies/μL, and 1.02 × 10<sup>2</sup> copies/μL, and there was no nucleic acid cross-reactivity with other pathogens. Clinical validation using 122 samples showed a sensitivity of 97.1%, specificity of 90%, and accuracy of 95.9% compared to conventional culture and microscopy. This mRPA-LFS platform is rapid, specific, and sensitive, showing promise as an effective point-of-care testing (POCT) tool.",Journal of microbiological methods
40076798,Cranberry Oil: A Potent Natural Intimate Care Ingredient Displaying Antioxidant and Anti-Inflammatory Effects and Promoting Beneficial Vaginal <i>Lactobacillus</i>.,"Cranberry oil is known for nutritional benefits, and this work is aimed at studying its soothing properties and potential as an intimate care ingredient. The antioxidant, anti-inflammatory, and anti-irritation properties of cranberry oil were evaluated on epithelial cells and tissues, including the vaginal epithelium. The impact of the oil on vaginal microbiota was assessed in vitro. Cranberry oil reduced oxidative stress in keratinocytes (ROS -43%) and lowered inflammation by lessening the release of cytokines IL-8 (-33%) and TNF-α (-32%). Irritation induced by sodium dodecyl sulfate (SDS) in skin explants was lowered by 24%. Cranberry oil and fruit extract acted synergistically on inflammation, decreasing TNF-α release by 75% (vs. -34% and -16%, respectively). Cranberry oil reduced inflammation on EpiVaginal™ tissue, decreasing IL-6 by 36%. The minimum inhibitory concentration (MIC) of cranberry oil on the pathogenic vaginal microorganisms <i>C. albicans</i> and <i>G. vaginalis</i> was 0.5% and 0.1%, respectively. The oil promoted the growth of commensal <i>L. jensenii</i> (×79 at 0.1%) and favored a high proportion of lactic acid bacteria when co-cultured with <i>C. albicans</i>. Cranberry oil has antioxidant, anti-inflammatory, and soothing properties on skin. Anti-inflammatory activity was confirmed on vaginal epithelium, and initial in vitro evidence indicates that the oil can balance vaginal flora to prevent dysbiosis.",International journal of molecular sciences
42382348,"The female reproductive tract microbiotas, inflammation, and gynecological conditions: mechanisms, therapeutic advances, and future perspectives.","The female reproductive tract (FRT), particularly the vagina, has traditionally been regarded as a sterile environment. However, it is now recognized that the vagina is a complex, dynamic ecosystem dominated by <i>Lactobacillus</i> species, which maintain internal homeostasis through acid production, competitive exclusion, and immune regulation. Microbial dysbiosis, characterized by a loss of <i>Lactobacillus</i> dominance, increased microbial diversity and overgrowth of pathogenic bacteria, triggers chronic low-grade inflammation by disrupting physical barriers, activating pattern recognition receptors (PRRs) and secreting pro-inflammatory metabolites. This links to various gynecological conditions, including bacterial vaginosis (BV), pelvic inflammatory disease (PID), persistent human papillomavirus (HPV) infection and cervical cancer, endometriosis, infertility, and poor outcomes of assisted reproductive technologies, as well as adverse pregnancy outcomes such as preterm birth. The microbiota of the FRT is shaped by the menstrual cycle, hormones, behavior, antibiotics, stress, and genetic factors throughout the life course. The development of microbiota-based diagnostic biomarkers and therapeutic interventions to promote female reproductive health is supported by elucidating the mechanisms of this axis, which also helps clarify the pathophysiology of these diseases.",Frontiers in microbiology
41975253,Decoding the microbial landscape of endometrial cancer: a case-control study.,"BACKGROUND: The human microbiome plays an emerging role in cancer biology, yet its contribution to endometrial cancer (EC) remains poorly defined. This study investigates the microbial composition of the vaginal, rectal, and endometrial sites in women with and without EC, aiming to uncover microbial signatures associated with the disease. RESULTS: We performed shotgun metagenomic sequencing on vaginal, rectal, and endometrial samples from 25 patients with EC and 27 control women undergoing hysterectomy for benign conditions. Vaginal and rectal swabs were collected before surgery, while endometrial swabs were obtained post-hysterectomy using a sterile brushing technique to prevent cross-contamination. Vaginal microbiota in patients with EC showed significantly higher microbial diversity and distinct community composition compared to controls. These differences remained significant after adjusting for age and body mass index. Several bacterial species, including Peptococcus niger, Anaerococcus murdochii, Mobiluncus, Porphyromonas, and Prevotella, were more abundant in the vaginal microbiota of patients with cancer. In contrast, Lactobacillus spp. were more abundant in vaginal and rectal samples of control subjects. CONCLUSIONS: This work represents one of the few studies to comprehensively examine the relationship between the vaginal, rectal, and endometrial microbiomes in the context of EC, suggesting a potential role for microbial imbalance in disease development. The findings underscore the importance of site-specific microbial analyses in gynecologic oncology and support further investigation into the microbiome as a possible biomarker for early detection and a target for preventive strategies.",BMC microbiology
42321264,Cervicovaginal microbiome diversity was not associated with mucosal pharmacokinetics of systemically delivered HIV broadly neutralizing antibodies.,"Broadly neutralizing antibodies (bNAbs) are a promising HIV prevention strategy due to their potent antiviral activity and potential for long-acting protection. While the vaginal microbiome can influence mucosal immunity and the efficacy of topical interventions, its effect on the pharmacokinetics of systemically administered bNAbs remains unclear. Forty-two women were included in a retrospective analysis of the CAPRISA 012B clinical trial evaluating passive immunization for HIV prevention. Vaginal microbiota were profiled using 16 S rRNA gene sequencing and classified into three community state types (CSTs): CST I (Lactobacillus crispatus-dominated), CST III (Lactobacillus iners-dominated), and CST IV (diverse, non-Lactobacillus-dominated). Mucosal concentrations of CAP256V2LS were measured from Soft-cup<sup>®</sup> cervicovaginal fluid using the Meso Scale Discovery (MSD) platform with electrochemiluminescence (ECL) detection. Longitudinal analyses assessed CST stability, transitions, and associations with mucosal antibody pharmacokinetics. Lactobacillus-dominated CSTs were most frequent (CST I, 5.3%; CST III, 57.9%), whereas BV-associated CST IV subtypes were less common (CST IV-A, 2.6%; CST IV-B, 34.2%). Lactobacillus-dominated communities were generally stable, while high-diversity CST IV communities were more dynamic, with transitions toward Lactobacillus-dominated states observed over time. Despite these microbial shifts, mucosal bNAb kinetic patterns appeared broadly similar across CSTs. Within the limits of this exploratory analysis, we did not observe clear evidence of an association between CST composition and the timing or magnitude of mucosal bNAb accumulation. These observations were descriptive and not derived from inferential statistical or pharmacokinetic modelling analyses. In this exploratory sub-analysis, cervicovaginal microbiome composition was not clearly associated with differences in mucosal concentrations of systemically administered bNAbs. These findings suggest that systemic bNAb delivery may achieve measurable genital tract exposure across diverse vaginal microbial communities; however, larger studies incorporating inferential pharmacokinetic and immunological analyses are needed to confirm these observations and exclude subtle microbiome-associated effects.",Scientific reports
41144182,Lacticaseibacillus rhamnosus BELR47 Mitigates Inflammatory Response in a Gardnerella vaginalis-Induced Bacterial Vaginosis Mouse Model via Gut Microbiome Modulation.,"In this study, Lacticaseibacillus rhamnosus BELR47 showed the highest lactate production, adhesion to HeLa cells, biofilm formation, and antimicrobial activity against three major bacterial vaginosis (BV)-associated pathogens: Gardnerella vaginalis, Fannyhessea vaginae, and Candida albicans. Moreover, BELR47 exerted anti-inflammatory effects in lipopolysaccharide-induced RAW 264.7 macrophages by suppressing pro-inflammatory cytokine production. In BV-induced mice, oral BELR47 administration significantly reduced vaginal exfoliation and G. vaginalis proliferation compared to the Control group. The Control group exhibited elevated serum interlukin-1β and increased myeloperoxidase, cyclooxygenase 2, inducible nitric oxide synthase, and tumor necrosis factor-alpha mRNA levels in the vagina, cervix, and gut, alongside decreased interlukin-10 expression, which BELR47 treatment reversed. Moreover, G. vaginalis infection diminished colonic expression of tight junction proteins (Claudin-3, Claudin-7, Occludin, ZO-1), indicating impaired gut barrier function; BELR47 ameliorated this dysfunction. BV also reduced fecal microbiome diversity, whereas BELR47 treatment restored it, as reflected by the increased levels of Butyricimonas and Lactobacillus and decreased Parasutterella. Additionally, the elevated butyric acid levels in the BELR47-treated group supported its potential to mitigate gut barrier dysfunction and alleviate intestinal inflammation. Therefore, G. vaginalis infection induces inflammation in both the vagina and colon, disrupts the gut microbiome, and alters fecal metabolites, thereby supporting the concept of a ""vagina-gut axis.""",Probiotics and antimicrobial proteins
40783745,Comparison of the inhibitory effects of Lactobacillus supernatant and coculture on Gardnerella vaginalis.,"Vaginal lactobacilli play a crucial role in inhibiting bacteria such as Gardnerella vaginalis (G. vaginalis), a key contributor to dysbiosis and bacterial vaginosis. We aimed to compare the inhibitory effects of Lactobacillus cell-free supernatants on G. vaginalis growth with those observed in Lactobacillus-G. vaginalis coculture, an experimental setup that more closely mimics in vivo conditions. To identify the optimal medium for coculture experiments, MRS broth and NYC-III broth were compared. NYC-III significantly enhanced the growth of G. vaginalis and four of the five tested Lactobacillus strains. We then developed a direct quantitative PCR (qPCR) method that allowed us to specifically measure G. vaginalis genome concentrations in cocultures with Lactobacillus. This direct qPCR did not require DNA extraction and had a 4,096-fold dynamic range. We then assessed the inhibition of G. vaginalis growth by Lactobacillus cell-free supernatants in G. vaginalis cultures by measuring optical density and the Lactobacillus-mediated inhibition in cocultures by the G. vaginalis specific direct qPCR. The two measurement methods showed different levels of inhibitory activity for two of the five Lactobacillus strains tested. These findings suggest that coculture experiments should be conducted in place of, or in addition to, supernatant-based inhibitory assays.",BMC research notes
42098796,Unleashing the potential of mRNA-seq to uncover the microbiome structure and their crosstalk with host cells: the vulvar ecosystem.,"To describe both host gene expression and microbiome composition in a single sample, parallel experimental and computational workflows (mRNA-sequencing and either 16S rRNA gene or metagenomics) have been traditionally applied. The vulvar milieu represents an area of emerging research for its role in health and disease. Located at the interface between the vagina and the perineum, the vulvar microbiome displays an intermediate signature, with influx from both ecosystems. Following validation of the reliability of poly(A)-enriched mRNA-sequencing in reconstructing the microbiota composition using both a quantitative microbial standard (mock) and metagenomic analysis, we analyze a full cohort of 30 healthy vulvar samples. Crucially, the analysis of the entire cohort relies solely on mRNA-sequencing without the use of parallel DNA metagenomics. This unified approach allows us to analyze not only the vulvar cell transcriptome, but also the composition and dynamics of microbial communities, including the microbial gene expression signatures. This three-level analysis (host-mRNA, individual bacterial species, bacterial gene pathways) on the very same specimens further enables a gene-level exploration of host-microbe molecular crosstalk. Using this unified framework, we reveal marked heterogeneity and high inter-individual variability in the vulvar microbiota, identifying community state types that mirror those described in the vagina. Importantly, we show that distinct microbial configurations are associated with specific host transcriptional programs: Lactobacillus crispatus correlates with epithelial differentiation and barrier integrity, whereas communities enriched in Gardnerella vaginalis, or other taxa associated with dysbiosis, exhibit transcriptional signatures linked to inflammation. Interestingly, Lactobacillus gasseri, which has been associated with lower protection, shows an intermediate effect on vulvar cells. Beyond providing new biological insights into an understudied anatomical niche, our study introduces a broadly applicable strategy with substantial impact for the field. With tens of thousands of human RNA-seq datasets already available in public repositories, our approach enables retrospective extraction of microbiome information and host-microbe interaction signals from existing transcriptomic data, without the need for additional sequencing or specialized microbiome protocols. This unlocks a powerful and cost-effective opportunity to revisit archived RNA-seq studies across tissues, diseases, and low-biomass environments, revealing previously inaccessible layers of host-microbiome crosstalk and maximizing the scientific value of published data. Video Abstract.",Microbiome
42385362,Vaginal Microbiome and Preterm Birth in Pregnant Women From India.,"Preterm birth (PTB) is a leading cause of neonatal morbidity and mortality worldwide, with India alone contributing nearly 27% of the global PTB burden. Although alterations in the vaginal microbiome have been implicated in PTB, its association in the Indian context is underexplored. This study aimed to investigate the association of the vaginal microbiome and PTB in Indian women at the time of delivery. The vaginal swabs were collected at the time of delivery from 72 women (31 term, 41 preterm) admitted to a tertiary care hospital in Western India. Microbial DNA was extracted, and the V3-V4 region of the 16S rRNA gene was sequenced. Community composition, alpha and beta diversity, and differential taxonomic abundance were assessed using bioinformatics pipelines. There were no significant differences in alpha or beta diversity between term and preterm groups. Principal coordinate and unsupervised clustering analyses showed no group-wise segregation. The relative abundance of individual Lactobacillus species, including L. iners and L. helveticus, did not differ significantly between the two groups. However, a modest difference in the relative abundance of Streptococcus was observed between the two groups after adjustment. This study found no major microbial shifts in the vaginal microbiome associated with preterm birth in this cross-sectional cohort of Indian women, suggesting that vaginal dysbiosis at the time of delivery may not be a principal driver of PTB in this population. These findings underscore the need for larger, longitudinal, and ethnically diverse studies using standardized methodologies better to understand the microbiome's role in PTB risk.",The journal of obstetrics and gynaecology research
42158827,Targeted Vaginal Microbiome Modulation by Postbiotic Intervention Reduces Dysbiosis-Associated Pathogens in Infertile Women: A Pilot Study.,"Vaginal dysbiosis characterized by depleted Lactobacillus populations is associated with impaired fertility outcomes in women undergoing assisted reproduction. Postbiotic interventions delivering antimicrobial peptides without live bacteria may offer targeted microecological modulation while preserving community stability. We investigated the microbial and clinical effects of an eight-week antimicrobial peptide-based postbiotic in infertile women. Fifteen infertile women (mean age 38.7 ± 4.1 years) with ≥ 2 prior <i>in vitro</i> fertilization failures received intravaginal postbiotic therapy (VAGINNE<sup>®</sup>, Good-Care Biotech, Ltd.) for 8.0 ± 0.3 weeks before frozen embryo transfer (FET). Paired vaginal samples collected pre- and post-treatment underwent full-length 16S rRNA gene sequencing using PacBio Sequel platform. Microbiome composition, beta-diversity, differential abundance, and absolute bacterial load were analyzed. The cohort achieved a clinical pregnancy rate of 46.7% (7/15) following postbiotic intervention and subsequent FET. Beta-diversity analysis revealed preservation of global community structure (PERMANOVA R² = 0.05, p = 0.65), indicating ecological stability. Despite cohort-level stability, patient-specific analysis identified favorable microbiome restructuring in 73% of participants (11/15), including emergence of Lactobacillus-dominant communities in previously dysbiotic profiles. Absolute abundance quantification demonstrated selective elimination of dysbiosis-associated pathogens: Prevotella decreased from 408.47±990.78 to 0.29±0.83 cells/sample (p < 0.01), Pseudomonas from 419.07±567.04 to 89.14±114.42 (p < 0.05), and complete clearance of Howardella (3.53±9.87 to undetectable). Conversely, Gluconacetobacter increased significantly from undetectable to 2.93±4.18 cells/sample (p < 0.05). In this pilot cohort, antimicrobial peptide-based postbiotic therapy was associated with encouraging pregnancy outcomes and targeted pathogen clearance. The intervention selectively reduced high-burden detrimental taxa while maintaining microbiome architectural integrity, supporting precision microecological modulation as a promising adjuvant strategy for reproductive health.",International journal of medical sciences
42448065,Host-microbe signatures of oxidative stress and epithelial apoptosis in bacterial vaginosis during pregnancy.,"Bacterial vaginosis (BV) is a common vaginal dysbiosis associated with adverse pregnancy outcomes. However, the extent to which microbial indicators of dysbiosis covary with host oxidative stress and epithelial apoptotic responses during pregnancy remains unclear. In this analytical cross-sectional study, 220 pregnant women were screened at a referral gynecology clinic in Faisalabad, Pakistan; 168 met the eligibility criteria and had concordant modified Amsel and Nugent classifications (56 BV-positive, 112 BV-negative). Cervicovaginal secretions, vaginal swabs, and serum were analyzed for microbial, oxidative stress, and host-response markers. Epithelial-enriched cervicovaginal specimens passing predefined quality criteria (n = 142) were used for apoptosis-related gene expression and caspase-3/7 activity assays. Targeted microbial quantification focused on Lactobacillus and Acinetobacter spp. Associations between bacterial burden and host markers were evaluated using correlation and regression analyses with the Benjamini-Hochberg false-discovery-rate correction, where applicable. BV-positive participants exhibited a lower Lactobacillus spp. burden and a higher Acinetobacter spp., burden than BV-negative controls. They also showed higher cervicovaginal malondialdehyde and H<sub>2</sub>O<sub>2</sub> concentrations and lower superoxide dismutase and catalase activities (all FDR-adjusted q < 10<sup>-13</sup>). Epithelial-enriched specimens from BV-positive participants demonstrated a higher BAX/BCL2 ratio, increased caspase-3/7 activity, increased expression of BAX, CASP9, CASP3, SOD2, and HMOX1, and reduced BCL2 expression. Higher Acinetobacter spp. burden covaried with greater local oxidative stress and increased epithelial apoptosis-associated signaling, although these associations were attenuated after adjustment for BV status. BV in pregnancy was associated with concurrent differences in cervicovaginal microbial indicators, oxidative stress, and epithelial apoptosis-related responses, supporting an integrated host-microbe response at the cervicovaginal interface. These findings provide a foundation for future longitudinal and mechanistic studies investigating host-microbe interactions in pregnancy-associated BV.",Microbial pathogenesis
42097107,"The effect of hormone therapy on vaginal microbiota in women with genitourinary syndrome of menopause: A double-blind, randomized, placebo-controlled trial.","This double-blind, randomized, placebo-controlled trial investigated the effects of oral combined menopausal hormone therapy (MHT) on vaginal microbiota and clinical outcomes in postmenopausal women with genitourinary syndrome of menopause (GSM). Thirty-four healthy postmenopausal women aged 40-60 years with moderate to severe GSM were randomized to receive either oral estradiol 1 mg/dydrogesterone 5 mg (Femoston conti®) or placebo daily for 12 weeks. Vaginal microbiota was assessed at baseline and week 12 using 16S rDNA gene sequencing. Clinical outcomes, including the most bothersome symptom (MBS), vaginal atrophy score (VAS), vaginal pH, vaginal health index (VHI) and vaginal maturation value (VMV), were evaluated at baseline, week 6, and week 12. The MHT group demonstrated significant more improvement in all clinical measures compared with placebo: MBS (p = 0.008), VAS (p < 0.001), vaginal pH (p = 0.001), VHI (p < 0.001) and VMV (p < 0.001). However, no significant differences were observed in microbial composition or diversity between groups after treatment. These findings suggest that while systemic hormone therapy provides meaningful symptom relief and improves vaginal tissue health, these clinical benefits can occur without concurrent, statistically significant changes in the vaginal microbiota. This supports the clinical value of early systemic MHT in managing GSM, even in the absence of microbiome restoration.",Maturitas
40884128,"Probiotic Lactiplantibacillus plantarum Probio87 Improves Gut Microbial Profiles in HPV-Positive Women: A Randomized, Placebo-Controlled and Double-Blind Study.","HPV infection is a major global health concern, and recent evidence suggests that the gut microbiota may play a critical role in HPV progression and clearance. This study aimed to evaluate the modulatory effects of the probiotic strain Lactiplantibacillus plantarum Probio87 on the gut bacterial composition of HPV-positive women. A 12-week randomized, placebo-controlled trial was conducted in accordance with the Declaration of Helsinki, with ethical approval from the Medical Research and Ethics Committee, Ministry of Health Malaysia (NMRR-21-1819-61300), and registration at ClinicalTrials.gov (NCT05316064). Probiotic supplementation with L. plantarum Probio87 significantly modulated the gut microbiota. Specifically, reductions were observed in the relative abundance of potentially pathogenic bacteria, including Gardnerella vaginalis (p = 0.055), Fannyhessea vaginae (p = 0.039), and Bilophila species (p = 0.008). Conversely, levels of beneficial microbes such as L. plantarum (p = 0.001), Anaerotignum lactatifermentans (p = 0.039), Blautia faecis (p = 0.061), and Roseburia hominis A2-183 (p = 0.052) were elevated. These findings suggest that L. plantarum Probio87 promotes gut microbial balance by reducing dysbiosis-associated bacteria and enhancing beneficial populations. This modulation may contribute to improved vaginal and overall health in women with HPV infection.",Molecular nutrition & food research
42338146,Relationships Between Estradiol Levels and Vaginal Lactobacillus Abundance Across the Menstrual Cycles in Women.,"Microbiota of the urogenital tract is crucial for women's reproductive and sexual health and is largely dominated by Lactobacillus strains. A reduction of these bacteria within the vaginal microbial community has been linked to gynecological disorders and infections. It is assumed that the urogenital microbiota composition is influenced by estrogens; however, in most studies estrogen levels were not reliably measured. This study aimed to investigate the relationship between salivary estradiol levels and the abundance of Lactobacillus species in the vaginal microbiota of healthy, reproductive-age women across three menstrual cycles. The participants were 39 women between 20 and 35 years with regular menstrual cycles. Over three cycles, participants collected daily saliva samples for measuring estradiol levels and vaginal swabs at several time points. Three model approaches were tested: immediate, delayed, and cumulative effect models. Additional day-specific analyses and adjustments for body fat or BMI were conducted. No statistically significant associations were found between estradiol concentrations and Lactobacillus abundance in any of the models. This study did not support a link between salivary estradiol levels and Lactobacillus abundance in healthy, reproductive-aged women with regular menstrual cycles. These findings do not imply that estradiol is not an important factor regulating the vaginal Lactobacillus, but suggest that variation in estradiol levels does not correlate with the abundance of these bacteria. Studies that measure estrogen levels in multiple samples rather than assume their concentrations based on menopausal status or cycle phase are necessary to better understand the hormonal regulation of vaginal microbiota.",American journal of human biology : the official journal of the Human Biology Council
40014550,Immunoinformatic evaluation for the development of a potent multi-epitope vaccine against bacterial vaginosis caused by Gardnerella vaginalis.,"Bacterial vaginosis (BV) is the most common vaginal dysbiosis in fertile women, which is associated with side effects including the risk of premature birth. Gardnerella vaginalis (G. vaginalis) is a facultative anaerobic bacillus known as the main pathogen responsible for BV. In this study, using bioinformatics and immunoinformatics methods, a multi-epitope vaccine with optimal population coverage against BV caused by G. vaginalis was designed. Amino acid sequences of two important virulence factors (Vaginolysin and Sialidase) of G. vaginalis were retrieved from NCBI and UniProt databases. At first, three online servers ABCpred, BCPREDS and LBtope were used to predict linear B-cell epitopes (BCEs) and IEDB server was used for T cells. Then the antigenicity, toxicity, allergenicity were evaluated using bioinformatics tools. After modeling the three-dimensional (3D) structure of the vaccine by Robetta Server, molecular docking and molecular dynamics were performed. Finally, immune simulation and in silico cloning were considered effective for the design of vaccine production strategy. In total, six epitopes of BCEs, eight epitopes from CD4+ and seven epitopes from CD8+ were selected. The designed multi-epitope vaccine was non-allergenic and non-toxic and showed high levels of antigenicity and immunogenicity. After the 3D structure was predicted, it was refined and validated, which resulted in an optimized model with a Z-score of -7.4. Molecular docking and molecular dynamics simulation of the designed vaccine revealed stable and strong binding interactions. Finally, the results of vaccine immunity simulation showed a significant increase in immunoglobulins, higher levels of IFN-γ and IL-2. According to the findings, the candidate multi-epitope vaccine has stable structural features. It also has the potential to stimulate long-term immunity in the host, but wet-lab validation is needed to justify it.",PloS one
41211313,<i>Gardnerella</i> species exhibit synergy in their ability to displace <i>Lactobacillus crispatus</i> adhered to HeLa cells.,"Bacterial vaginosis (BV) is the most common vaginal infection in reproductive-age women. It is associated with adverse pregnancy complications, such as preterm birth and low birth weight, in addition to an increased risk of acquisition of HIV and sexually transmitted infections. BV is characterized by a vaginal dysbiosis, involving loss of protective <i>Lactobacillus</i> species (including <i>L. crispatus</i>) and overgrowth of facultative and strict anaerobic bacteria, with <i>Gardnerella</i> species playing a predominant role. However, despite extensive research on BV pathogenesis, its etiology remains unclear, and the sequence of events leading to the displacement of lactobacilli by anaerobic bacteria in women has not yet been fully elucidated. Until 2019, all bacteria belonging to the <i>Gardnerella</i> genus were considered part of the species <i>G. vaginalis</i>. However, it is now recognized that different <i>Gardnerella</i> species exist, each with varying virulence potentials. Recent data have shown that multiple subgroups of <i>Gardnerella</i> spp. are frequently detected simultaneously in the vaginal microbiota of women with BV. With this in mind, we aimed to test the hypothesis that different combinations of known <i>Gardnerella</i> species, isolated from the vaginal microbiota of women with BV, have an enhanced ability to compete against <i>Lactobacillus crispatus</i>, pre-adhered to HeLa cells, thereby facilitating the early stages of BV development. Adhesion assays of dual combinations of <i>Gardnerella</i> spp. (<i>G. vaginalis</i>, <i>G. leopoldii</i>, <i>G. swidsinskii</i>, <i>G. piotii</i>) were performed on an <i>in vitro</i> model of HeLa cells, covered with and without <i>L. crispatus</i>. Quantification of the species used in our assays was subsequently performed using quantitative polymerase chain reaction (qPCR). Our results revealed synergy between different <i>Gardnerella</i> spp., demonstrating their ability to overcome the presumed protective effect of <i>L. crispatus</i>, thereby creating favorable conditions for the development of a polymicrobial biofilm characteristic of BV. The combination of <i>G. vaginalis</i> and <i>G. leopoldii</i> showed the greatest synergistic effect on initial adhesion to HeLa cells while the combination of <i>G. leopoldii</i> and <i>G. swidsinskii</i> had the greatest ability to reduce <i>L. crispatus</i> colonization. Although this <i>in vitro</i> study does not unequivocally prove that BV is initiated by the disruption of normal vaginal microbiota by <i>Gardnerella</i> spp., it strongly supports this possibility, contributing to a better understanding of BV etiology.",PeerJ
42323284,"A syntenic pangenome of Gardnerella reveals novel plasmids and phage, taxonomic boundaries, and species-level stratification of metabolic and virulence potential.","Gardnerella species are key drivers of bacterial vaginosis (BV), a prevalent condition affecting nearly one in three women of reproductive age and associated with adverse reproductive outcomes. Despite decades of study, progress in defining Gardnerella diversity has been hindered by inconsistent taxonomy and poor-quality genomic resources. Here we sequenced 392 Gardnerella isolates spanning asymptomatic and BV-associated microbiota and integrated this collection with all publicly available genomes to create a curated, high-quality reference set of 312 genomes. We resolved 21 genomic lineages encompassing 11 species and 15 subspecies using phylogenomics, average nucleotide identity (ANI), digital DNA-DNA hybridization (dDDH) and assigned each a provisional taxonomic name. Long-read assemblies enabled construction of a syntenic Gardnerella pangenome, revealing lineage-specific repertoires of virulence, metabolic, and defense, including variable sialidases (NanH), vaginolysin, and amino-acid biosynthetic pathways alongside conserved genomic organization. Comparative methylome profiling uncovered restriction-modification system diversity suggesting barriers to genetic exchange. Finally, we identified native cryptic plasmids in Gardnerella, overturning the assumption that the genus lacks plasmids. Together, these results establish a complete genomic and functional framework for Gardnerella, providing a reproducible foundation for mechanistic and translational studies of BV and a model for resolving taxonomy and functional stratification in other urogenital-associated bacteria.",Nature communications
41863247,Microbiota-driven Immunopathogenesis in Systemic Lupus Erythematosus: Cross-site Mechanisms and Intervention Strategies.,"Systemic lupus erythematosus (SLE) is a complex autoimmune disease whose pathogenesis involves intricate interactions with the human microbiota. Accumulating evidence reveals significant compositional and functional dysbiosis in the gut, oral, skin, and vaginal microbiota of SLE patients compared to healthy individuals. These dysbioses actively contribute to disease development and progression through a multitude of mechanisms. These include impaired epithelial barrier integrity, exemplified by the ""leaky gut"" phenomenon, which facilitates the translocation of microbial antigens. Molecular mimicry, where microbial antigens share structural similarities with host self-antigens, triggers the production of cross-reactive autoantibodies. Furthermore, dysregulated production of microbial metabolites, such as short-chain fatty acids, tryptophan derivatives like tryptamine, and histamine, directly modulates host immune cell function, promotes inflammatory responses, and influences epigenetic regulation. The causal role of specific microbiota in SLE is substantiated by experimental models, including fecal microbiota transplantation studies where transfer of SLE-associated microbiota can recapitulate autoimmune features in recipient germ-free mice, and mono-colonization with pathobionts like Ruminococcus gnavus or Staphylococcus aureus can drive specific aspects of the disease. This growing understanding has paved the way for novel microbiota-targeting interventions. Strategies such as dietary modifications, probiotic and prebiotic supplementation, and fecal microbiota transplantation show considerable promise in preclinical and early clinical studies for restoring microbial homeostasis, rebalancing dysregulated immune responses, and alleviating disease activity. However, challenges in patient-specific variability, understanding precise mechanisms, and ensuring longterm safety remain. Future research must focus on delineating detailed causal pathways, validating efficacy in large-scale trials, and ultimately developing personalized microbiota-targeting interventions to improve SLE management and patient outcomes.",Current molecular medicine
42239425,Exposure to Antibiotics Modifies the Immune Profiles of Bacterial Extracellular Vesicles from Common Vaginal Anaerobes.,"The female lower reproductive tract harbors a complex microbiome that plays a critical role in reproductive health. A vaginal microbiome dominated by <i>Lactobacillus crispatus</i> (LC; Community State Type (CST) I) supports vaginal health, whereas a microbiome enriched with anaerobic species, such as <i>Gardnerella vaginalis</i> (GV) and <i>Mobiluncus mulieris</i> (MM) (CST IV) is linked to bacterial vaginosis (BV) and adverse outcomes, including sexually transmitted infections, infertility, and preterm birth. Although antibiotics such as metronidazole and clindamycin are commonly prescribed to treat BV, recurrence rates remain high, and the impact of these treatments on bacterial extracellular vesicles (bEVs), critical mediators of host-microbe interactions, is poorly understood. We investigated how antibiotic treatment at a dose below minimum inhibitory concentration alters the production and immunomodulatory function of bEVs derived from GV, MM, and LC. Using nanoparticle tracking analysis, cytokine profiling, and TLR pathway analyses, we found that antibiotic treatment significantly enhanced the inflammatory properties of bEVs in a species- and antibiotic-specific manner. Notably, bEVs from antibiotic-exposed GV and MM cultures induced elevated cytokine responses in epithelial and immune cells, primarily through TLR2 activation for GV bEVs, and through both TLR2 and TLR5 activation for MM bEVs. While LC bEVs are typically non-inflammatory, exposure to metronidazole, even at a lower dose than what is used clinically, rendered them immunostimulatory, suggesting a potential unintended proinflammatory consequence of treatment on beneficial microbes. We also detected bEVs in human vaginal swabs, including vaginolysin-positive bEVs, even in CST I microbiomes, indicating that low-abundance microbes, including pathogens, remain transcriptionally active. These findings suggest that antibiotics not only reduce microbial load but also reshape bacterial communication via bEVs, potentially contributing to inflammation, epithelial barrier disruption, persistent dysbiosis, and recurrent infections. This work underscores the need for precision antimicrobial strategies that eliminate pathogens while preserving beneficial bacteria and their functional bEVs. Future therapies may benefit from considering the ecosystem-wide effects of antibiotics on the vaginal microbiome and its bEV-mediated signaling network.",bioRxiv : the preprint server for biology
40892095,"Degradation of Resistant α-1,4-glucan by Vaginal Gardnerella Species is Associated with Bacterial Vaginosis.","This study investigates the degradation of resistant α-1,4-glucan by vaginal bacterial species, with a focus on Gardnerella spp., to elucidate its role in bacterial vaginosis (BV). The ability of Gardnerella vaginalis, Gardnerella swidsinskii, Gardnerella leopoldii, Gardnerella piotii, Lactobacillus iners, and Lactobacillus crispatus was assessed to metabolize an ungelatinized, labeled form of raw amylose, a degradation-resistant α-1,4-glucan. The enzymatic activity of these species was evaluated in vitro, and its association with BV was examined in vaginal swabs. Gardnerella vaginalis, G. swidsinskii, and G. leopoldii demonstrated the best ability to degrade resistant α-1,4-glucan in vitro. Unlike the cell-bound, S-layer-associated glycogen-degrading activity in L. crispatus, this α-glucosidase activity in Gardnerella was also extracellular, but not cell-bound and not repressed by glucose. Vaginal swabs showing high rates of resistant α-1,4-glucan degradation activity were associated with BV, particularly in the concurrent presence of G. leopoldii, G. swidsinskii, and G. vaginalis. These findings suggest a role of α-1,4-glucan degradation in BV pathogenesis mediated by Gardnerella species. The results indicate the potential of targeting bacterial amylase activity as therapeutic strategy for BV prevention and treatment.",Current microbiology
41883716,Intestinal dysbiosis during pregnancy and microbiota-associated impairments in offspring.,"The maternal microbiome is increasingly being recognized as a key determinant in various neonatal health outcomes, including offspring immunity, metabolism, brain function, and behavior. While the oral, vaginal, skin, and gut microbiota are significant contributors to the offspring's postnatal gut microbial seeding, the composition and diversity of the maternal gut microbiome during pregnancy seems to be critical in shaping neonatal health outcomes, even prior to birth. Growing evidence suggests that the balance among the microbial groups in the gut and their interactions with the host are crucial for health. Dysbiotic communities in pregnancy and early in life may lead to disease processes in offspring, though the specific processes by which maternal gut microbes affect offspring gut microbial development are unknown. Here, we summarize research examining gut microbial shifts during pregnancy, and their effects on the diversity and composition of the infant microbiome and on early health outcomes. We also discuss current theories for how the maternal gastrointestinal (GI) tract influences neonatal seeding, and how probiotics during the perinatal period may affect offspring health outcomes.",Frontiers in microbiomes
41708324,Bacterial vaginosis and vulvovaginal candidiasis: sexual and contraceptive practices drive positivity and recurrent infections.,"Recurrence of bacterial vaginosis (BV) and vulvovaginal candidiasis (VVC) following recommended treatment is common. We aimed to determine the factors associated with BV and VVC and recurrent infections to inform management strategies. We conducted a retrospective study of BV and VVC infections and recurrence among female Melbourne Sexual Health Centre attendees from 1 January 2012 to 31 December 2021. The proportion with BV and VVC at their first annual test within a calendar year was calculated with 95% CIs. Factors associated with BV or VVC were determined using logistic regression, and factors associated with recurrence (>1 diagnosis within 12 months) were assessed using Poisson regression, accounting for multiple visits. Of 50 245 attendees, 9343/29 990 (31%) had BV and 8528/30 210 (28%) had VVC at their first annual test; positivity of both increased over time. Women had higher odds of BV if they had >1 male or one or more female partner(s) in the prior 3 months (adjusted OR (aOR)=1.29; 95% CI 1.21 to 1.39; aOR=1.69; 95% CI 1.49 to 1.92, respectively), and lower odds if they used hormonal contraception (aOR=0.73; 95% CI 0.68 to 0.79). Women had higher odds of VVC if they reported >1 male partner in the prior 3 months (aOR=1.11; 95% CI 1.04 to 1.19). The recurrence rate of BV was 22/100 person-years (PY), and risk of BV recurrence was higher among sex workers (adjusted recurrence rate ratio (aRRR)=2.02; 95% CI 1.71 to 2.39), women with a regular sexual partner (RSP; aRRR=1.32; 95% CI 1.16 to 1.50) and intrauterine device (IUD) users (aRRR=1.29; 95% CI 1.07 to 1.56). The recurrence rate of VVC was 17/100 PY, and the risk of recurrence was higher among sex workers (aRRR=2.00; 95% CI 1.55 to 2.59) and those with an RSP (aRRR=1.25; 95% CI 1.06 to 1.46). BV and VVC rates and recurrence were high among attendees. Both infections were associated with risk factors that support sexual transmissibility of each, while only BV recurrence was associated with IUD use, supporting existing data that IUDs increase a woman's risk of acquisition and persistence of a suboptimal vaginal microbiota. These data highlight the importance of considering an individual's partners and contraceptive use when managing these infections.",Sexually transmitted infections
40447596,Metagenomic analysis reveals the novel role of vaginal Lactobacillus iners in Chinese healthy pregnant women.,"This study investigated the relationship between vaginal microbiota and women's health conditions in 95 Chinese pregnant women in their third trimester. We conducted vaginal metagenomic analysis, examining species, functional pathways, and genes, and utilized correlation and LEfSe analyses to link microbiota to health conditions. Results revealed that healthy participants exhibited higher levels of Lactobacillus iners, with its abundance associated with tetrahydrofolate biosynthesis pathways. They also possessed more glycosyltransferase and ErmB antibiotic resistance genes compared to women with diagnosed conditions. Comparative genomics demonstrated that L. iners strains linked to bacterial vaginosis (BV) possessed more genes encoding biofilm-associated YhgE/Pip domain-containing proteins than healthy-associated strains. Notably, three BV-associated L. iners strains exhibited stronger biofilm formation abilities than four healthy-associated strains isolated in this study. Also, four out of seven L. iners strains inhibited the growth of Gardnerella vaginalis. Overall, L. iners may help maintain vaginal ecosystem stability in Chinese pregnant women.",NPJ biofilms and microbiomes
42223784,"The interplay between HPV, vaginal microbiota and host immunity in cervical carcinogenesis.","Cervical cancer (CC) remains a major global health challenge, largely driven by persistent infection with high-risk human papillomavirus (HPV) genotypes. Emerging evidence suggests that the interplay between HPV, the vaginal microbiota (VM), and host immune responses critically influences viral persistence and disease progression. In particular, dysbiotic VM marked by reduced Lactobacillus dominance and increased prevalence of anaerobic bacteria such as Gardnerella, Sneathia, Prevotella, and Atopobium-can impair HPV clearance, promote chronic inflammation, and facilitate progression from cervical intraepithelial neoplasia (CIN) to invasive carcinoma. Understanding these tripartite interactions offers opportunities for novel preventive and therapeutic strategies, including microbiome modulation, immunotherapy, and gene editing. This review highlights the potential of microbiome-targeted interventions to enhance immune responses against HPV and reduce the burden of CC, although the underlying causal mechanisms require further investigation in prospective studies.",Discover oncology
42163173,"Prevalence, seasonal patterns, and microbial co-occurrence of selected genital tract microorganisms in women attending a gynecological counseling service in Southern Italy.","Sexually transmitted infections (STIs) represent a major global public health problem due to their potential to cause serious complications such as infertility, chronic pelvic pain, and increased susceptibility to HIV. Young adults, and especially women of reproductive age, are particularly vulnerable, underscoring the need for early diagnosis, routine screening, and targeted prevention efforts. However, not all genital tract infections are sexually transmitted, and distinguishing between STIs and non-sexually transmitted genital tract pathogens is essential for accurate epidemiological interpretation and clinical management. We conducted a cross-sectional study among women aged 18-60 years attending a gynaecological counseling service in Southern Italy. Endocervical and vaginal swabs were tested for a panel of pathogens, including classical STI agents (e.g., Chlamydia trachomatis, Neisseria gonorrhoeae) and non-sexually transmitted or opportunistic genital tract microorganisms. Multivariable Poisson regression, seasonal trends, and pairwise co-occurrence models were employed to investigate correlations of microorganism detection. A total of 536 women were tested. Classical STI pathogens were rarely or not detected, with Chlamydia trachomatis and Neisseria gonorrhoeae showing very low prevalence. In contrast, non-STI genital tract pathogens were frequently identified, with Gardnerella vaginalis being the most prevalent, followed by Enterococcus faecalis and Staphylococcus aureus. Seasonal patterns were observed primarily among S. aureus and Pseudomonas spp. showing lower positivity rates in spring and summer compared to autumn and winter. Co-detection analysis revealed non-random associations mainly involving non-STI organisms, particularly between E. faecalis and Escherichia coli, and between G. vaginalis and Proteus spp. or Staphylococcus spp. In this population, classical STIs were infrequent, whereas non-sexually transmitted genital tract pathogens were more commonly detected and showed distinct epidemiological patterns. These findings highlight the importance of clearly distinguishing between STIs and other genital tract infections in both research and clinical practice, while maintaining targeted prevention and screening strategies for STIs. Territorial Ethics Committee of the Calabria Region (Protocol No. 168, dated May 30, 2024). Not applicable.",BMC infectious diseases
41606582,"Prevalence, antimicrobial resistance, and associated factors of bacterial vaginosis and aerobic vaginitis among women suspected of STIs in Bahir Dar, Ethiopia.","BACKGROUND: Bacterial vaginosis (BV) and aerobic vaginitis (AV) are characterized by an imbalance of vaginal microbiome, becomes a serious public health crisis especially in low and middle income country. OBJECTIVE: To determine the Prevalence, Antimicrobial Resistance (AMR), and Associated Factors of Bacterial Vaginosis and Aerobic Vaginitis among Women Suspected of sexually transmitted infections (STIs) in Bahir Dar, Ethiopia. MATERIALS AND METHODS: A facility-based cross-sectional study was conducted among 261 women suspected of STIs at selected health institutions in Bahir Dar City, northwest Ethiopia (February–May 2025). All eligible women were invited to minimize selection bias and ensure broad representation. Data was collected through structured interview, vaginal swab samples were collected and used for Gram stain methods to evaluate BV and AV scores according to the Nugent’s and Donder’s criteria, respectively. In situation of AV cases the aerobic bacterial pathogens and their antibiotic resistance were determined using the Kirby-Bauer disk diffusion method according to Clinical and Laboratory Standards Institute (CLSI) guidelines. Logistic regression was used to assess associations, with results reported as odds ratios (ORs) and 95% confidence intervals (CIs). Variables with a p-value less than 0.05 were considered statistically significant. RESULTS: The overall prevalence of bacterial vaginosis (BV) was 20.7% (54/261), while aerobic vaginitis (AV) was 17.2% (45/261), with a dual infection rate of 2.7% (7/261). Among 45 aerobic bacterial isolates, 25 (55.6%) were Gram-positive and 20 (44.4%) were Gram-negative. The most common species were Staphylococcus aureus (13/45, 28.9%) and Escherichia coli (12/45, 26.7%). Gram-positive species showed variable resistance, with 20% classified as MDR. All E. coli and K. pneumoniae isolates were MDR, while P. aeruginosa showed partial resistance; overall MDR prevalence was 49%. The most important factors significantly associated with BV were single marital status, occupation (commercial sex worker, housewife), vaginal pH > 4.5, Donders’ score (moderate to severe), and history of STI or abortion. For AV, key factors included occupation (housewife, commercial sex worker), vaginal burning sensation, vaginal pH > 4.5, positive BV status, and Nugent score indicating BV. CONCLUSION: Bacterial vaginosis and aerobic vaginitis were prevalent among STI-suspected women in Bahir Dar, Ethiopia, with substantial multidrug resistance and significant associations with selected socio-demographic and clinical factors, underscoring the need for improved screening and resistance-guided management.",BMC women's health
40992599,Rapid molecular diagnostic method for Gardnerella vaginalis based on CRISPR-Cas12a and recombinase-aided amplification (RAA).,"Imbalance of the vaginal microbiota, particularly the overgrowth of Gardnerella vaginalis, is the primary cause of bacterial vaginosis (BV), which poses a significant threat to women's reproductive health. Therefore, early and rapid diagnosis of BV is crucial. Current laboratory diagnostic methods for BV mainly rely on Amsel's clinical criteria, bacterial culture, and PCR techniques. However, these methods have notable limitations: Amsel's criteria are subject to operator subjectivity, culture methods are time-consuming and require specialized expertise, while PCR necessitates expensive instrumentation. These constraints hinder their widespread clinical application. To address this issue, developing a highly accurate and low-cost molecular diagnostic method holds significant clinical value for BV detection. In recent years, recombinase-aided amplification (RAA) and CRISPR-Cas12a gene-editing technologies have achieved groundbreaking progress in nucleic acid detection. This study innovatively integrates RAA isothermal amplification with CRISPR-Cas12a detection to successfully establish a rapid nucleic acid detection platform for Gardnerella vaginalis. Experimental results demonstrate that this platform achieves a detection sensitivity of 10 copies/mL for Gardnerella vaginalis genomic DNA, with no cross-reactivity against other common reproductive tract pathogens. In validation tests using 44 clinical vaginal swab samples, the platform showed a 100.00 % positive agreement rate compared to qPCR. These findings confirm that the CRISPR-Cas12a-based detection platform exhibits excellent specificity, sensitivity, and reliability, serving as an effective tool for monitoring Gardnerella vaginalis colonization levels. This approach provides a novel molecular diagnostic solution for early BV screening and prevention.",Clinica chimica acta; international journal of clinical chemistry
42089668,Microbiome in women with endometriosis and the <i>in vitro</i> effects of <i>Lactobacillus reuteri</i> on human endometrium.,"Endometriosis (EMS) is a chronic inflammatory disorder affecting ~10% of reproductive-age women, with increasing evidence implicating the microbiome in its pathogenesis through immunomodulation and estrogen metabolism. This study investigated microbiome composition in the vagina, endometrium, and peritoneal fluid (PF) of women with and without EMS and further assessed the effects of <i>Lactobacillus reuteri</i> (<i>L. reuteri</i>) on endometrial (EM) cells <i>in vitro</i>. Samples from 41 patients were analyzed using 16S rRNA gene sequencing, targeting the V3-V4 regions. Western blotting, ELISA, and LC-MS/MS were employed to evaluate protein expression and estrogen metabolism during EM-<i>L</i>. <i>reuteri</i> co-culture with or without estradiol-17-glucuronide (E2G). Microbiome analysis revealed no significant differences in alpha or beta diversity between EMS and controls across all compartments. However, LEfSe analysis identified several taxa with differential abundance, with <i>L. reuteri</i> consistently altered in both vagina and EM. Across the menstrual cycle, EM and vaginal microbiomes were stable, whereas PF microbiota showed phase-dependent variation involving 60 genera and 76 species. <i>In vitro</i>, <i>L. reuteri</i> alone did not alter endometriosis-related proteins, but in the presence of E2G, it reduced BAX/Bcl-2 ratios and increased p-NF-κB, suggesting anti-apoptotic and pro-inflammatory shifts. Progesterone receptor α/β expression decreased, while estrogen receptor levels remained unchanged. <i>L. reuteri</i> increased β-glucuronidase activity but did not enhance E2G-to-estradiol conversion. These findings highlight <i>L. reuteri</i> as a potentially important species in EMS, with <i>in vitro</i> evidence suggesting survival-promoting effects under estrogenic conditions. Further research should explore multi-species interactions and hormonal contexts to clarify microbial contributions to EMS pathogenesis. Although <i>Lactobacillus reuteri</i> appeared more abundant in the vagina and endometrium of controls, suggesting a protective role, <i>in vitro</i> findings paradoxically indicated anti-apoptotic and pro-inflammatory effects under estrogenic conditions, underscoring the need for further investigation of multi-species microbial interactions and hormonal contexts in endometriosis pathogenesis.",Microbiology spectrum
42432305,Characterizing the composition and diversity of the vaginal microbiome in ovarian cancer.,"Vaginal dysbiosis, characterized by Lactobacillus depletion and anaerobic enrichment, may be relevant to ovarian cancer (OC) outcomes, yet comprehensive microbiome characterization in OC patients remains limited. Here, we characterize the prevalence and predictors of vaginal microbiome dysbiosis among racially diverse OC patients in the US. We performed 16S rRNA gene sequencing on vaginal samples from 132 OC patients recruited as part of the population-based ORCHiD study. Latent Dirichlet Allocation (LDA), a computational topic modeling approach, was applied to identify distinct microbial community signatures representing co-occurring bacterial taxa. Here, we show that Lactobacillus is detected in only 47.7% of patients. Topic modeling identifies seven distinct microbial signatures spanning Lactobacillus-dominated and anaerobe-enriched community types. Anaerobic bacterial enrichment (Peptoniphilus, Anaerococcus) increases significantly with age (approximately 35% per decade of life, FDR q = 0.019). Racial differences are observed, with non-Hispanic Black patients demonstrating a 5-fold higher prevalence of an Actinomycetaceae-classified amplicon sequence variant (ASV54) compared with non-Hispanic white patients (40.9% vs 8.2%, FDR q = 0.005), while Lactobacillus crispatus is detected only among non-Hispanic white patients (6.4% vs 0%) in this cohort. These findings demonstrate a high burden of vaginal microbiome dysbiosis among OC patients and identify age- and race-associated microbial patterns that may be relevant to understanding disparities in OC outcomes.",Communications medicine
41988461,Association Between Red Cell Distribution Width-Coefficient of Variation (RDW-CV) and Bacterial Vaginosis: A Cross-Sectional Study and External Validation.,"Bacterial vaginosis (BV) is a common condition resulting from vaginal microbiota dysbiosis. The red cell distribution width-coefficient of variation (RDW-CV) is a hematological parameter derived from routine blood tests, indicating the variation in red blood cell size. This study aimed to investigate the correlation between RDW-CV and BV. Data were derived from NHANES (2001-2004), a U.S. national survey. Propensity score matching balanced group differences. Associations were evaluated using conditional logistic regression and restricted cubic splines. XGBoost identified key predictors, and mediation analysis explored serum uric acid's role. For external validation, consistency analysis used MIMIC-IV, where the outcome was ""vaginitis"" per ICD codes due to data limitations. In the NHANES study, a positive correlation was found between elevated RDW-CV and BV. Individuals in the highest RDW-CV quartile had significantly higher odds of BV compared to those in the lowest quartile (OR=1.565, 95% CI: 1.128-2.173, P=0.007), after adjusting for confounders. Findings were consistent across subgroups and supported by RCS. Mediation analysis revealed that serum uric acid, a marker linked to inflammation and oxidative stress, mediated 5.81% of this relationship. In the MIMIC cohort, RDW-CV was positively associated with vaginitis (OR=4.265, 95% CI: 1.129-16.117, P=0.0325), but caution is advised due to the wide confidence interval resulting from the limited number of vaginitis cases (n=87). This study revealed a significant positive association between elevated RDW-CV and BV, partially corroborated by external validation. The consistent directional trends observed across cohorts reinforce this association. However, the broader outcome definition in the MIMIC database presents an inherent limitation. Causality cannot be established due to the cross-sectional design, underscoring the need for prospective studies.",International journal of women's health
